ApplicantID,Gender,Age,MonthlyIncome,LoanAmount,CreditScore,EmploymentStatus,ExistingLoans,LoanTerm,PropertyArea,LoanApproved
1001,Male,32,52441,389629,620.0,Self-Employed,2,60,Urban,0
1002,Female,36,126966,386199,478.0,Employed,2,24,Rural,0
1003,Male,44,59129,141911,518.0,Unemployed,1,120,Urban,0
1004,Male,39,120252,410762,827.0,Employed,0,24,Urban,1
1005,Male,28,82368,247742,791.0,Self-Employed,1,60,Semi-Urban,1
1006,Female,51,130395,497244,360.0,Unemployed,1,240,Rural,0
1007,Male,41,112122,271094,353.0,Unemployed,4,36,Urban,0
1008,Male,37,64760,426036,837.0,Unemployed,2,12,Semi-Urban,0
1009,Male,43,149655,287723,364.0,Employed,3,12,Semi-Urban,0
1010,Female,57,43478,383272,885.0,Self-Employed,2,36,Semi-Urban,0
1011,Male,36,147881,461324,,Employed,2,180,Rural,0
1012,Male,26,91854,364639,572.0,Unemployed,4,12,Rural,0
1013,Male,28,114230,132806,834.0,Self-Employed,3,360,Semi-Urban,1
1014,Male,45,105716,405329,690.0,Unemployed,0,120,Rural,1
1015,Female,38,32180,257605,626.0,Unemployed,3,180,Rural,0
1016,Male,45,118538,280097,407.0,Employed,0,120,Urban,1
1017,Female,32,35372,495725,461.0,Unemployed,3,60,Semi-Urban,0
1018,Female,35,49796,247478,751.0,Self-Employed,1,360,Semi-Urban,1
1019,Female,46,78272,220591,505.0,Unemployed,3,60,Rural,0
1020,Male,46,138295,361793,889.0,Unemployed,4,180,Semi-Urban,0
1021,Female,52,109963,215596,315.0,Employed,0,180,Semi-Urban,1
1022,Male,30,118826,214957,626.0,Self-Employed,2,360,Semi-Urban,0
1023,Female,36,140592,487585,301.0,Employed,4,360,Rural,0
1024,Female,27,113635,282204,309.0,Unemployed,0,180,Rural,0
1025,Female,37,131022,407546,733.0,Employed,0,180,Rural,1
1026,Female,43,74040,342820,424.0,Employed,2,24,Urban,0
1027,Female,46,95357,376237,380.0,Employed,1,240,Semi-Urban,1
1028,Female,41,91368,490980,784.0,Employed,4,180,Urban,1
1029,Female,42,98356,231871,449.0,Unemployed,2,360,Rural,0
1030,Female,27,36211,391558,639.0,Unemployed,2,240,Urban,0
1031,Male,34,125426,405239,428.0,Self-Employed,1,180,Semi-Urban,1
1032,Male,35,25842,293154,737.0,Employed,4,60,Semi-Urban,0
1033,Female,27,83115,122307,800.0,Employed,2,120,Rural,1
1034,Female,29,86852,407576,357.0,Self-Employed,1,240,Rural,1
1035,Female,28,145737,344067,497.0,Employed,4,60,Urban,0
1036,Male,43,65968,429593,510.0,Self-Employed,3,12,Rural,0
1037,Female,49,37508,285998,344.0,Unemployed,0,360,Urban,0
1038,Male,38,42005,359718,396.0,Self-Employed,1,24,Semi-Urban,0
1039,Male,51,74575,486607,578.0,Employed,0,24,Semi-Urban,1
1040,Male,50,100742,171757,834.0,Self-Employed,3,120,Semi-Urban,1
1041,Male,59,38971,103664,709.0,Unemployed,2,180,Semi-Urban,0
1042,Male,55,45599,379528,760.0,Employed,2,60,Semi-Urban,0
1043,Female,38,107592,343171,690.0,Unemployed,4,12,Urban,0
1044,Female,59,86914,216536,343.0,Unemployed,1,60,Semi-Urban,0
1045,Female,37,138062,346629,326.0,Self-Employed,1,360,Urban,1
1046,Female,34,87055,309438,396.0,Unemployed,4,360,Semi-Urban,0
1047,Female,51,107697,200528,847.0,Employed,0,180,Urban,1
1048,Male,44,126239,347698,866.0,Unemployed,2,180,Urban,0
1049,Female,55,124397,359066,518.0,Unemployed,2,360,Urban,0
1050,Female,54,143106,325553,484.0,Self-Employed,1,36,Rural,1
1051,Male,23,25355,250399,368.0,Unemployed,1,360,Urban,0
1052,Female,57,74120,272472,429.0,Self-Employed,4,60,Urban,0
1053,Male,46,94619,348783,866.0,Self-Employed,3,120,Semi-Urban,1
1054,Female,43,58342,281182,898.0,Employed,0,60,Urban,1
1055,Male,59,105992,331836,633.0,Employed,3,24,Urban,0
1056,Female,35,98860,139037,453.0,Employed,3,12,Rural,0
1057,Female,24,22257,259912,846.0,Employed,1,240,Semi-Urban,1
1058,Male,49,47364,235272,378.0,Self-Employed,1,120,Rural,0
1059,Male,42,44972,274135,878.0,Unemployed,1,36,Rural,0
1060,Male,45,131715,238487,712.0,Employed,3,12,Rural,1
1061,Male,33,46654,68074,845.0,Employed,0,12,Urban,1
1062,Male,38,100769,196621,468.0,Employed,1,240,Rural,1
1063,Male,53,101423,342107,882.0,Unemployed,2,24,Rural,0
1064,Male,36,49320,277434,814.0,Employed,0,24,Semi-Urban,1
1065,Male,22,40808,282679,613.0,Unemployed,2,24,Semi-Urban,0
1066,Female,55,72389,102265,331.0,Self-Employed,0,120,Semi-Urban,1
1067,Female,54,115690,66061,586.0,Self-Employed,1,60,Semi-Urban,1
1068,Male,50,138581,209882,893.0,Self-Employed,4,12,Rural,1
1069,Female,33,147927,163502,342.0,Unemployed,1,60,Semi-Urban,0
1070,Female,33,54773,334944,300.0,Employed,3,60,Urban,0
1071,Female,38,71168,428336,872.0,Employed,3,24,Rural,1
1072,Female,52,47747,306505,569.0,Employed,0,60,Semi-Urban,0
1073,Male,52,96396,157228,479.0,Employed,3,12,Rural,0
1074,Female,55,128374,256548,817.0,Employed,1,12,Semi-Urban,1
1075,Male,59,127692,340198,402.0,Unemployed,2,180,Rural,0
1076,Female,49,103692,226469,309.0,Self-Employed,1,36,Semi-Urban,1
1077,Female,49,77505,63233,882.0,Employed,0,120,Urban,1
1078,Female,36,105896,292277,389.0,Self-Employed,3,60,Semi-Urban,0
1079,Male,30,38135,206140,525.0,Unemployed,2,120,Rural,0
1080,Female,50,110887,377871,,Unemployed,4,120,Rural,0
1081,Male,45,142118,402754,508.0,Employed,2,120,Urban,0
1082,Female,59,116035,382597,396.0,Unemployed,2,240,Rural,0
1083,Male,40,67377,154135,373.0,Self-Employed,1,360,Urban,1
1084,Female,25,43554,469048,490.0,,4,180,Rural,0
1085,Male,21,82491,420608,355.0,Employed,0,120,Rural,1
1086,Male,50,75621,267314,852.0,Self-Employed,0,360,Urban,1
1087,Female,23,134667,63682,331.0,Employed,2,360,Rural,0
1088,Male,34,78283,204455,826.0,Employed,2,180,Rural,1
1089,Female,50,105140,370304,873.0,Self-Employed,3,12,Urban,1
1090,Female,24,36923,274404,583.0,Employed,4,240,Semi-Urban,0
1091,Female,38,67591,335810,793.0,Employed,2,60,Urban,1
1092,Female,57,82261,370961,486.0,,3,180,Rural,0
1093,Female,45,136149,141198,797.0,Unemployed,4,36,Semi-Urban,0
1094,Female,21,74336,477858,741.0,,0,360,Semi-Urban,1
1095,Female,35,94083,91830,429.0,Employed,3,120,Semi-Urban,0
1096,Female,29,80948,60234,591.0,Self-Employed,4,360,Urban,0
1097,Female,35,129819,107616,413.0,Employed,3,240,Semi-Urban,0
1098,Female,44,53002,321365,498.0,Employed,2,36,Semi-Urban,0
1099,Female,24,100098,192482,312.0,Self-Employed,1,12,Semi-Urban,1
1100,Male,32,136236,261127,570.0,Employed,0,12,Rural,1
1101,Male,57,93016,242485,,Unemployed,2,24,Urban,0
1102,Female,57,46672,51051,743.0,Employed,2,120,Urban,0
1103,Female,26,24213,422673,811.0,Self-Employed,4,24,Rural,0
1104,Female,59,30293,126918,746.0,Unemployed,3,240,Semi-Urban,0
1105,Female,44,119977,128116,373.0,Unemployed,0,36,Rural,0
1106,Female,31,75860,434370,836.0,Employed,2,360,Rural,1
1107,Female,33,82507,499779,400.0,Self-Employed,4,60,Semi-Urban,0
1108,Female,54,77134,278931,475.0,Employed,0,24,Semi-Urban,1
1109,Female,45,22100,356901,726.0,Employed,3,12,Urban,0
1110,Male,27,130153,433152,416.0,Self-Employed,2,120,Semi-Urban,0
1111,Female,24,81997,258547,465.0,Self-Employed,2,360,Rural,0
1112,Male,28,48172,494473,340.0,Employed,2,36,Rural,0
1113,Female,40,40132,276572,728.0,Unemployed,0,180,Semi-Urban,0
1114,Female,49,137861,181379,643.0,Employed,0,240,Urban,1
1115,Male,30,38199,106889,723.0,Unemployed,0,240,Rural,0
1116,Female,54,56609,276256,665.0,Employed,0,12,Semi-Urban,1
1117,Male,46,62965,348088,419.0,Self-Employed,4,180,Urban,0
1118,Female,23,28016,411699,528.0,Unemployed,1,240,Urban,0
1119,Female,26,59779,88134,429.0,Self-Employed,4,60,Rural,0
1120,Male,25,122797,470539,651.0,Self-Employed,2,360,Rural,1
1121,Female,25,51881,252834,617.0,Self-Employed,4,120,Urban,0
1122,Male,43,102594,277579,636.0,Self-Employed,3,360,Urban,0
1123,Female,29,44472,75954,572.0,Self-Employed,0,60,Urban,0
1124,Male,55,126882,236093,416.0,Employed,3,240,Semi-Urban,0
1125,Male,40,120462,402103,667.0,Unemployed,3,60,Rural,0
1126,Female,55,71813,276999,393.0,Employed,2,360,Urban,0
1127,Female,38,120368,260938,467.0,Employed,0,240,Rural,1
1128,Male,37,146731,251499,640.0,Employed,3,120,Rural,0
1129,Female,44,56021,317136,451.0,Self-Employed,2,120,Rural,0
1130,Female,23,74131,51961,885.0,Employed,0,180,Urban,1
1131,Female,52,44087,62497,573.0,Unemployed,1,60,Semi-Urban,0
1132,Male,55,32828,475767,853.0,Employed,2,36,Urban,0
1133,Male,58,81610,306446,795.0,Self-Employed,4,180,Rural,1
1134,Male,33,116664,498971,400.0,Unemployed,0,120,Urban,0
1135,Male,45,143619,325399,856.0,Unemployed,3,12,Urban,0
1136,Male,29,21401,185639,381.0,Unemployed,3,240,Rural,0
1137,Male,24,105179,360991,828.0,Unemployed,4,180,Rural,0
1138,Male,34,35193,285889,372.0,Employed,4,24,Urban,0
1139,Male,57,112389,229075,313.0,Self-Employed,3,36,Urban,0
1140,Male,54,64864,70389,,Unemployed,0,240,Urban,1
1141,Female,31,40307,225595,,Unemployed,2,180,Urban,0
1142,Male,23,122518,435946,431.0,Self-Employed,4,120,Semi-Urban,0
1143,Female,48,39611,373720,637.0,Employed,4,360,Urban,0
1144,Female,49,63791,356063,703.0,Unemployed,4,120,Semi-Urban,0
1145,Female,29,31950,263175,675.0,Employed,1,36,Rural,1
1146,Male,23,96240,53358,858.0,Employed,0,24,Semi-Urban,1
1147,Male,45,128647,400679,406.0,Employed,0,180,Rural,1
1148,Male,54,97403,302557,564.0,Employed,0,360,Semi-Urban,1
1149,Male,32,22745,257596,504.0,Unemployed,0,180,Rural,0
1150,Female,29,75243,304488,378.0,Unemployed,0,60,Urban,0
1151,Male,35,23866,155982,454.0,Employed,3,12,Semi-Urban,0
1152,Male,45,52245,278129,546.0,Employed,4,120,Semi-Urban,0
1153,Male,25,64724,317842,830.0,Self-Employed,3,180,Rural,1
1154,Male,31,148681,378953,,Self-Employed,1,180,Rural,1
1155,Male,54,91354,143079,453.0,Self-Employed,2,240,Semi-Urban,0
1156,Female,44,71374,105805,453.0,Unemployed,4,240,Rural,0
1157,Male,35,134397,212421,,Self-Employed,1,180,Urban,1
1158,Female,58,137480,257849,732.0,Unemployed,3,24,Semi-Urban,0
1159,Male,28,144577,493464,637.0,Unemployed,2,12,Urban,0
1160,Female,25,50116,387177,779.0,Unemployed,1,180,Semi-Urban,0
1161,Male,46,101029,288483,430.0,Unemployed,2,36,Urban,0
1162,Male,38,113574,410383,749.0,Self-Employed,1,120,Semi-Urban,1
1163,Female,26,40447,442551,572.0,Employed,3,60,Rural,0
1164,Female,57,50431,94041,887.0,Employed,2,240,Semi-Urban,0
1165,Female,33,37908,344098,476.0,Employed,1,36,Urban,0
1166,Male,48,49336,320146,348.0,Self-Employed,3,120,Semi-Urban,0
1167,Female,25,60992,381927,866.0,Employed,4,360,Urban,1
1168,Male,33,75350,157524,654.0,Self-Employed,3,240,Urban,1
1169,Male,37,89561,268306,607.0,,3,24,Urban,0
1170,Female,52,137254,437001,345.0,Self-Employed,4,240,Rural,0
1171,Female,49,71955,69738,601.0,Employed,3,12,Semi-Urban,0
1172,Male,23,81240,322847,707.0,Employed,4,12,Urban,1
1173,Male,54,40093,163776,488.0,Employed,4,120,Rural,0
1174,Female,47,26155,230494,428.0,Unemployed,4,36,Urban,0
1175,Female,33,66607,242971,860.0,Self-Employed,1,60,Semi-Urban,1
1176,Female,53,53487,455608,836.0,Unemployed,2,24,Rural,0
1177,Male,26,133194,356868,565.0,Self-Employed,1,120,Urban,1
1178,Male,44,75668,344443,417.0,Employed,4,360,Urban,0
1179,Male,39,40963,327785,763.0,Self-Employed,2,24,Urban,0
1180,Male,36,70124,391678,443.0,Self-Employed,2,12,Semi-Urban,0
1181,Male,48,72870,318449,741.0,Unemployed,4,180,Rural,0
1182,Male,53,76547,279334,499.0,Self-Employed,2,180,Rural,0
1183,Female,33,84110,330926,456.0,Employed,2,60,Rural,0
1184,Male,45,73554,390401,786.0,Self-Employed,1,24,Urban,1
1185,Male,56,40936,286371,433.0,Self-Employed,2,120,Rural,0
1186,Male,47,136895,127963,447.0,Self-Employed,4,60,Urban,0
1187,Female,58,24426,171987,635.0,Unemployed,0,240,Semi-Urban,0
1188,Male,27,108839,201638,370.0,Self-Employed,0,240,Rural,1
1189,Male,25,130816,174591,,Self-Employed,0,360,Urban,1
1190,Female,51,47606,117766,633.0,Unemployed,4,36,Rural,0
1191,Male,43,67832,56511,389.0,Unemployed,0,180,Rural,0
1192,Male,30,48151,164816,633.0,Unemployed,1,120,Semi-Urban,0
1193,Male,52,99303,299432,498.0,Unemployed,4,24,Rural,0
1194,Male,50,31308,469393,460.0,Employed,4,60,Semi-Urban,0
1195,Male,59,129781,316909,837.0,Employed,4,120,Rural,1
1196,Female,51,82522,201426,420.0,Self-Employed,2,60,Rural,0
1197,Female,38,143523,336073,600.0,Employed,2,60,Rural,0
1198,Female,56,65671,209892,874.0,Self-Employed,2,60,Rural,1
1199,Male,22,110306,161576,735.0,Employed,3,24,Rural,1
1200,Male,34,114108,472739,367.0,Unemployed,1,120,Rural,0
1201,Male,33,126984,121088,758.0,Unemployed,4,12,Semi-Urban,0
1202,Female,49,22204,127525,813.0,Employed,4,12,Semi-Urban,0
1203,Male,32,112769,63780,,Employed,2,24,Urban,1
1204,Male,59,107265,318733,585.0,Self-Employed,4,240,Rural,0
1205,Female,22,51131,478028,860.0,Self-Employed,4,24,Semi-Urban,0
1206,Male,52,72428,405808,439.0,Self-Employed,0,180,Rural,1
1207,Female,33,53870,489155,855.0,Unemployed,4,60,Rural,0
1208,Female,47,123547,494709,889.0,Unemployed,3,120,Semi-Urban,0
1209,Female,37,124918,154188,581.0,Unemployed,2,120,Rural,0
1210,Male,51,69067,143326,877.0,Unemployed,1,36,Semi-Urban,1
1211,Male,54,78585,353097,756.0,Self-Employed,1,36,Semi-Urban,1
1212,Male,44,127011,115785,386.0,Unemployed,0,360,Urban,0
1213,Male,55,132217,69309,378.0,Unemployed,1,12,Urban,0
1214,Male,26,41607,104195,504.0,Unemployed,1,36,Urban,0
1215,Male,39,44968,75901,636.0,Unemployed,2,36,Urban,0
1216,Male,50,118934,204648,553.0,Employed,2,12,Rural,0
1217,Female,27,31908,474724,603.0,Self-Employed,3,180,Rural,0
1218,Male,30,46423,75464,,Self-Employed,0,240,Urban,1
1219,Female,52,129151,328404,429.0,Unemployed,1,12,Semi-Urban,0
1220,Male,54,94707,174997,895.0,Employed,3,240,Semi-Urban,1
1221,Male,48,98257,347584,575.0,Self-Employed,0,360,Semi-Urban,1
1222,Male,35,146282,407226,857.0,Self-Employed,1,36,Semi-Urban,1
1223,Female,50,81215,417727,482.0,Unemployed,1,120,Rural,0
1224,Female,57,75835,106683,567.0,Unemployed,2,36,Semi-Urban,0
1225,Female,49,69429,436350,621.0,Self-Employed,4,60,Semi-Urban,0
1226,Female,42,102152,222502,811.0,Self-Employed,0,360,Urban,1
1227,Male,24,128048,445203,377.0,Employed,1,240,Semi-Urban,1
1228,Female,40,58458,206177,638.0,Self-Employed,0,240,Rural,0
1229,Male,52,66169,128484,855.0,Self-Employed,3,60,Semi-Urban,1
1230,Male,56,27659,299819,808.0,Unemployed,3,60,Semi-Urban,0
1231,Female,24,80614,456242,537.0,Self-Employed,4,180,Rural,0
1232,Female,47,128905,380453,433.0,Unemployed,1,24,Urban,0
1233,Female,37,97240,358071,491.0,Self-Employed,2,60,Rural,0
1234,Female,32,52793,256486,655.0,Self-Employed,1,240,Urban,1
1235,Female,42,133688,355090,577.0,Self-Employed,0,120,Semi-Urban,1
1236,Female,37,66473,438647,317.0,Employed,3,240,Urban,0
1237,Female,30,116762,499777,823.0,Unemployed,0,240,Urban,1
1238,Female,21,109388,191449,479.0,Employed,4,180,Urban,0
1239,Male,42,117618,103592,422.0,Self-Employed,3,24,Semi-Urban,0
1240,Female,46,108330,188419,545.0,Employed,2,24,Urban,0
1241,Female,38,126956,345920,672.0,Unemployed,3,60,Urban,0
1242,Male,34,138452,446999,350.0,Self-Employed,1,360,Semi-Urban,1
1243,Female,49,75751,105798,370.0,Employed,1,36,Rural,1
1244,Male,32,146311,185370,779.0,Employed,3,240,Rural,1
1245,Male,56,98915,382348,859.0,Unemployed,4,12,Rural,0
1246,Female,55,74254,398351,318.0,,1,36,Semi-Urban,1
1247,Male,32,27006,412500,383.0,Unemployed,1,36,Semi-Urban,0
1248,Male,27,138171,498377,,Self-Employed,2,24,Rural,0
1249,Male,49,136682,372796,864.0,Self-Employed,3,24,Urban,1
1250,Male,31,94218,477700,656.0,Employed,1,180,Rural,1
1251,Female,53,85344,441716,742.0,Self-Employed,4,180,Semi-Urban,1
1252,Male,26,53840,293767,368.0,Self-Employed,0,24,Urban,0
1253,Female,35,52430,70922,822.0,Employed,3,120,Urban,0
1254,Male,52,43091,477244,442.0,Self-Employed,2,120,Semi-Urban,0
1255,Male,31,146053,463532,491.0,Employed,1,12,Urban,1
1256,Male,43,52983,389140,686.0,Unemployed,4,24,Rural,0
1257,Male,46,43989,460184,677.0,Unemployed,3,60,Semi-Urban,0
1258,Female,54,95451,342410,880.0,Unemployed,4,180,Semi-Urban,0
1259,Female,54,128088,276817,834.0,Employed,4,24,Semi-Urban,1
1260,Male,49,38990,467216,592.0,Employed,2,120,Semi-Urban,0
1261,Male,24,110270,457227,308.0,Self-Employed,3,24,Urban,0
1262,Female,37,100360,52866,570.0,Self-Employed,1,120,Semi-Urban,1
1263,Male,55,139469,162669,686.0,Self-Employed,2,24,Semi-Urban,1
1264,Male,33,56081,318042,392.0,Self-Employed,1,240,Urban,0
1265,Male,59,31033,330539,828.0,Self-Employed,0,60,Semi-Urban,1
1266,Female,35,128272,220091,453.0,Employed,4,360,Urban,0
1267,Female,49,36241,316150,704.0,Employed,0,12,Urban,1
1268,Female,49,144932,215465,448.0,Unemployed,4,240,Semi-Urban,0
1269,Male,31,142451,323100,566.0,Unemployed,2,60,Rural,0
1270,Male,52,25939,493258,721.0,Unemployed,1,120,Semi-Urban,0
1271,Female,22,133000,449294,771.0,Unemployed,1,180,Rural,1
1272,Female,34,67562,472847,846.0,Employed,2,180,Urban,1
1273,Female,40,55063,407820,825.0,Employed,3,36,Rural,0
1274,Female,42,140373,171724,802.0,Employed,0,60,Semi-Urban,1
1275,Male,31,120000,112901,313.0,Self-Employed,0,24,Semi-Urban,1
1276,Female,47,96721,419371,663.0,Self-Employed,1,12,Rural,1
1277,Male,23,47045,250569,418.0,Unemployed,1,24,Semi-Urban,0
1278,Female,37,136634,167192,537.0,Self-Employed,1,24,Rural,1
1279,Male,48,64769,222646,845.0,Employed,2,60,Urban,1
1280,Female,49,67118,343561,468.0,Unemployed,3,360,Rural,0
1281,Female,41,104703,400164,821.0,Unemployed,0,12,Rural,1
1282,Female,36,121948,395783,815.0,Self-Employed,4,36,Rural,1
1283,Female,57,41625,144881,696.0,Unemployed,2,240,Rural,0
1284,Male,40,124724,292934,405.0,Self-Employed,0,24,Urban,1
1285,Female,26,148557,482670,384.0,,3,12,Urban,0
1286,Male,39,47076,182659,513.0,Unemployed,2,36,Urban,0
1287,Male,25,142245,171688,420.0,Self-Employed,0,240,Rural,1
1288,Male,23,84805,165584,431.0,Self-Employed,2,24,Urban,0
1289,Male,21,64605,235782,496.0,Self-Employed,0,12,Semi-Urban,1
1290,Female,58,104565,398711,318.0,Self-Employed,0,240,Urban,1
1291,Male,35,108509,272820,311.0,Unemployed,3,60,Rural,0
1292,Male,54,59121,388030,380.0,,4,360,Semi-Urban,0
1293,Male,55,85101,462032,629.0,Employed,3,180,Rural,0
1294,Female,45,51433,266896,691.0,Self-Employed,0,180,Semi-Urban,1
1295,Female,44,63309,341576,606.0,Self-Employed,2,24,Rural,0
1296,Female,32,87468,229689,566.0,Self-Employed,3,24,Rural,0
1297,Female,38,64254,384517,746.0,Employed,4,240,Semi-Urban,1
1298,Male,35,87293,215289,740.0,Self-Employed,0,12,Urban,1
1299,Male,36,116258,333028,301.0,Unemployed,3,180,Semi-Urban,0
1300,Female,47,57853,317598,819.0,,3,24,Semi-Urban,0
1301,Male,28,58405,124960,608.0,Unemployed,3,36,Semi-Urban,0
1302,Male,45,86652,152421,821.0,Employed,3,24,Semi-Urban,1
1303,Male,37,63527,288245,768.0,,2,180,Semi-Urban,1
1304,Female,49,97227,93618,511.0,Self-Employed,4,120,Rural,0
1305,Female,28,20492,97111,,Self-Employed,4,360,Rural,0
1306,Male,35,113418,482829,307.0,Employed,0,180,Urban,1
1307,Female,47,28811,266750,776.0,Employed,1,36,Urban,1
1308,Female,27,113344,170592,759.0,Employed,2,12,Semi-Urban,1
1309,Female,23,44272,284000,552.0,Employed,0,36,Urban,0
1310,Female,49,113935,305989,825.0,Unemployed,0,120,Urban,1
1311,Female,44,92010,372137,737.0,Employed,3,120,Semi-Urban,1
1312,Male,23,112492,178652,535.0,Employed,1,24,Rural,1
1313,Female,40,67153,452064,605.0,Employed,1,24,Rural,1
1314,Male,35,128042,128672,777.0,Self-Employed,2,180,Urban,1
1315,Male,45,74110,300351,319.0,Self-Employed,1,60,Rural,1
1316,Female,50,33979,378269,515.0,Self-Employed,0,360,Rural,0
1317,Male,34,130059,267516,434.0,Unemployed,1,36,Urban,0
1318,Male,27,128101,429653,428.0,Unemployed,1,180,Semi-Urban,0
1319,Male,37,48328,111602,709.0,Employed,4,60,Urban,0
1320,Female,40,132911,253117,721.0,Self-Employed,0,180,Urban,1
1321,Female,56,32867,287069,593.0,Unemployed,1,360,Urban,0
1322,Male,29,79234,92222,545.0,Self-Employed,1,360,Semi-Urban,1
1323,Female,58,45851,361367,855.0,,3,120,Semi-Urban,0
1324,Female,42,51279,291084,385.0,Unemployed,1,24,Semi-Urban,0
1325,Female,22,137431,292318,855.0,Employed,1,24,Semi-Urban,1
1326,Female,44,116063,115333,674.0,Employed,4,360,Urban,1
1327,Male,28,93402,233804,,Unemployed,0,180,Rural,1
1328,Male,31,35449,434794,677.0,Employed,2,360,Urban,0
1329,Female,33,96221,99420,689.0,Unemployed,0,24,Semi-Urban,1
1330,Female,37,109080,125504,350.0,Unemployed,3,12,Rural,0
1331,Male,28,25451,52462,541.0,Self-Employed,0,180,Urban,0
1332,Male,41,107178,321604,593.0,Employed,1,120,Rural,1
1333,Female,38,61316,149319,862.0,Employed,3,240,Semi-Urban,1
1334,Male,50,83064,306674,565.0,Employed,0,180,Rural,1
1335,Female,38,83761,190347,419.0,Self-Employed,3,180,Rural,0
1336,Female,51,125490,194341,547.0,Self-Employed,2,24,Semi-Urban,0
1337,Male,58,58870,179593,369.0,Self-Employed,0,120,Rural,0
1338,Male,52,116566,172672,356.0,Employed,1,180,Urban,1
1339,Female,31,143749,385064,681.0,Employed,3,24,Rural,1
1340,Female,45,143765,334697,338.0,Employed,4,360,Urban,0
1341,Male,53,144881,467582,742.0,Self-Employed,3,36,Rural,1
1342,Female,58,50873,94036,317.0,Self-Employed,4,120,Rural,0
1343,Male,28,148389,198441,651.0,Unemployed,1,60,Semi-Urban,1
1344,Female,31,78627,192867,597.0,Self-Employed,2,12,Semi-Urban,0
1345,Male,42,86155,120021,582.0,Unemployed,4,60,Urban,0
1346,Male,44,119186,419349,885.0,Employed,2,240,Semi-Urban,1
1347,Male,37,45372,211215,409.0,Self-Employed,3,360,Semi-Urban,0
1348,Female,32,23642,472641,479.0,Employed,1,120,Semi-Urban,0
1349,Female,52,149148,400353,843.0,Employed,4,180,Semi-Urban,1
1350,Male,35,48001,387283,324.0,Employed,3,24,Semi-Urban,0
1351,Female,36,54064,286304,,Employed,0,240,Urban,0
1352,Male,42,114826,55368,479.0,Self-Employed,3,120,Urban,0
1353,Male,48,34122,185693,531.0,Employed,2,12,Semi-Urban,0
1354,Female,40,44820,108829,,Unemployed,1,120,Semi-Urban,0
1355,Female,53,88431,441180,776.0,Self-Employed,1,240,Urban,1
1356,Male,30,75745,326863,875.0,Employed,3,24,Rural,1
1357,Female,52,70081,79227,754.0,Self-Employed,0,60,Urban,1
1358,Female,53,90902,159430,531.0,Unemployed,2,36,Rural,0
1359,Male,22,28711,450782,588.0,Employed,3,60,Semi-Urban,0
1360,Male,53,105132,62306,512.0,Unemployed,3,24,Semi-Urban,0
1361,Female,53,38793,103822,557.0,Employed,1,240,Urban,0
1362,Male,33,28199,74042,829.0,Unemployed,2,24,Semi-Urban,0
1363,Male,50,96253,458302,528.0,Employed,0,360,Rural,1
1364,Female,53,56191,198459,525.0,Self-Employed,1,12,Rural,0
1365,Male,33,30211,470258,895.0,Employed,3,120,Urban,0
1366,Male,46,131086,139424,734.0,Self-Employed,1,360,Rural,1
1367,Female,42,83069,232690,701.0,Employed,1,120,Urban,1
1368,Female,59,108896,273122,387.0,Employed,4,60,Urban,0
1369,Male,22,76746,199395,883.0,Unemployed,1,240,Rural,1
1370,Male,58,41542,68019,841.0,Unemployed,1,36,Rural,0
1371,Female,59,51312,387570,608.0,Unemployed,2,36,Rural,0
1372,Female,46,65242,90863,642.0,Employed,1,12,Rural,1
1373,Female,35,121971,161023,735.0,Employed,0,24,Rural,1
1374,Female,54,113783,191355,476.0,Employed,3,12,Rural,0
1375,Male,31,145681,461495,438.0,Self-Employed,2,120,Rural,0
1376,Female,23,107893,359143,493.0,Self-Employed,1,180,Semi-Urban,1
1377,Female,26,75388,112780,485.0,Employed,0,180,Urban,1
1378,Male,29,126581,335052,517.0,Unemployed,3,180,Urban,0
1379,Female,26,47691,242656,463.0,Unemployed,2,24,Rural,0
1380,Male,29,97960,438422,460.0,Unemployed,0,12,Urban,0
1381,Female,59,104388,425146,824.0,Employed,1,360,Rural,1
1382,Female,51,42601,493441,341.0,Unemployed,4,240,Semi-Urban,0
1383,Female,52,138307,219024,509.0,Employed,4,60,Urban,0
1384,Male,32,38020,150706,574.0,Self-Employed,2,120,Urban,0
1385,Male,28,28155,218735,578.0,Unemployed,0,180,Semi-Urban,0
1386,Female,28,89119,172019,550.0,Self-Employed,3,240,Semi-Urban,0
1387,Male,48,101051,421852,609.0,Unemployed,0,36,Semi-Urban,0
1388,Male,40,56777,242453,439.0,Employed,4,360,Urban,0
1389,Male,27,39710,229001,845.0,Employed,2,12,Urban,0
1390,Male,31,128714,321487,829.0,Employed,1,120,Semi-Urban,1
1391,Male,40,44532,388317,356.0,Employed,0,120,Semi-Urban,0
1392,Male,36,148727,150260,411.0,Unemployed,4,36,Semi-Urban,0
1393,Female,24,38601,220863,304.0,Self-Employed,3,360,Semi-Urban,0
1394,Female,26,83227,210206,709.0,Employed,2,36,Semi-Urban,1
1395,Male,42,24967,228173,713.0,Unemployed,1,36,Rural,0
1396,Female,46,104289,119443,481.0,Self-Employed,0,180,Semi-Urban,1
1397,Female,23,40022,280183,312.0,Employed,3,360,Rural,0
1398,Female,34,63463,369674,638.0,Self-Employed,1,180,Urban,1
1399,Female,31,94671,490015,558.0,Employed,4,12,Urban,0
1400,Male,38,25722,185899,389.0,Self-Employed,4,36,Rural,0
1401,Female,32,47413,146143,549.0,Self-Employed,3,60,Semi-Urban,0
1402,Female,43,112772,243725,554.0,Employed,4,120,Urban,0
1403,Male,32,101050,194771,887.0,Unemployed,2,360,Semi-Urban,0
1404,Male,33,129432,426671,407.0,Self-Employed,3,36,Semi-Urban,0
1405,Female,45,122748,298044,893.0,Employed,4,360,Rural,1
1406,Female,39,125922,186385,888.0,Self-Employed,0,120,Urban,1
1407,Female,56,105867,194670,784.0,Self-Employed,4,24,Urban,1
1408,Female,28,103596,161362,557.0,Unemployed,2,240,Rural,0
1409,Female,49,86732,296517,581.0,Self-Employed,1,24,Semi-Urban,1
1410,Female,52,32297,340951,387.0,Self-Employed,1,36,Semi-Urban,0
1411,Male,38,88323,250462,503.0,Employed,4,120,Urban,0
1412,Female,26,43816,226298,315.0,Employed,1,240,Rural,0
1413,Female,38,144341,109550,450.0,Unemployed,4,24,Rural,0
1414,Male,39,60695,315702,553.0,Self-Employed,2,36,Semi-Urban,0
1415,Male,42,39702,362257,487.0,Self-Employed,1,120,Semi-Urban,0
1416,Male,57,45242,365143,628.0,Self-Employed,0,36,Rural,0
1417,Male,52,75841,236950,843.0,Unemployed,4,180,Urban,0
1418,Female,23,148498,479559,696.0,Self-Employed,1,120,Semi-Urban,1
1419,Female,48,87712,108219,816.0,Employed,2,24,Rural,1
1420,Female,30,105663,216258,,Unemployed,2,36,Rural,0
1421,Female,55,127096,480182,629.0,Employed,0,360,Rural,1
1422,Female,49,112764,214841,468.0,Employed,2,24,Urban,0
1423,Female,35,73574,301004,665.0,Unemployed,2,36,Semi-Urban,0
1424,Male,53,105744,307336,477.0,Employed,1,360,Semi-Urban,1
1425,Female,27,48482,286495,,Self-Employed,4,360,Semi-Urban,0
1426,Male,32,29171,103218,339.0,Unemployed,3,12,Urban,0
1427,Male,50,120755,331373,715.0,Employed,2,360,Semi-Urban,1
1428,Female,41,118932,387353,654.0,Self-Employed,2,24,Semi-Urban,1
1429,Male,51,128125,77877,554.0,Self-Employed,3,24,Semi-Urban,0
1430,Female,44,126082,239073,442.0,Employed,2,60,Semi-Urban,0
1431,Male,40,23696,409281,876.0,Self-Employed,1,240,Urban,1
1432,Female,57,146310,350228,310.0,Unemployed,1,180,Rural,0
1433,Male,24,40058,393924,,Employed,3,24,Rural,0
1434,Female,48,40313,197878,720.0,Self-Employed,2,120,Semi-Urban,0
1435,Female,40,39149,269707,520.0,Self-Employed,2,240,Semi-Urban,0
1436,Female,44,73521,291249,795.0,Employed,4,360,Semi-Urban,1
1437,Female,52,65740,87034,536.0,Employed,2,36,Urban,0
1438,Female,56,126611,221389,536.0,Employed,1,12,Semi-Urban,1
1439,Male,54,24956,367612,518.0,Employed,0,120,Urban,0
1440,Male,56,95731,462310,786.0,Unemployed,0,240,Semi-Urban,1
1441,Male,22,102612,238868,760.0,Employed,0,120,Semi-Urban,1
1442,Female,35,137850,60589,,Unemployed,0,120,Rural,0
1443,Male,54,86641,107221,488.0,Unemployed,2,120,Semi-Urban,0
1444,Female,56,83811,305927,554.0,Employed,2,240,Urban,0
1445,Female,26,72160,313801,367.0,Unemployed,4,12,Rural,0
1446,Male,59,71313,410444,635.0,Employed,2,360,Urban,0
1447,Male,32,83232,167229,708.0,Employed,0,60,Rural,1
1448,Female,23,35417,351675,599.0,Self-Employed,3,180,Urban,0
1449,Male,38,44729,102227,656.0,Employed,3,360,Rural,0
1450,Female,41,132492,315308,555.0,Self-Employed,1,24,Urban,1
1451,Female,35,50099,143078,652.0,Unemployed,1,240,Urban,0
1452,Female,53,138387,353391,820.0,Self-Employed,2,120,Semi-Urban,1
1453,Female,55,118134,285113,823.0,Unemployed,3,360,Rural,0
1454,Female,46,49961,462817,583.0,Employed,0,24,Rural,0
1455,Male,28,32602,100599,611.0,Unemployed,0,240,Semi-Urban,0
1456,Male,56,138474,296367,398.0,Unemployed,0,24,Urban,0
1457,Female,50,29256,447768,496.0,Employed,2,120,Urban,0
1458,Female,43,106120,452633,781.0,Unemployed,2,60,Rural,0
1459,Male,34,132516,239651,525.0,Employed,4,240,Urban,0
1460,Male,34,54681,118207,664.0,Self-Employed,0,24,Rural,1
1461,Female,22,111328,384199,667.0,Employed,0,36,Rural,1
1462,Male,57,107440,414410,869.0,Employed,2,24,Urban,1
1463,Female,25,84789,390414,889.0,Unemployed,2,180,Urban,0
1464,Male,58,63361,161426,374.0,Self-Employed,4,120,Urban,0
1465,Female,34,84503,184794,341.0,Employed,4,12,Semi-Urban,0
1466,Male,59,54540,382586,721.0,Self-Employed,1,24,Rural,1
1467,Female,45,46536,407776,480.0,Self-Employed,3,60,Urban,0
1468,Male,40,104700,221103,844.0,Unemployed,0,36,Semi-Urban,1
1469,Male,22,83043,260307,370.0,Employed,0,36,Urban,1
1470,Female,59,98532,71438,867.0,,4,12,Rural,0
1471,Male,26,76575,108819,404.0,Employed,4,360,Semi-Urban,0
1472,Female,37,147626,93856,499.0,Self-Employed,1,180,Rural,1
1473,Male,45,22871,476792,400.0,Employed,3,12,Urban,0
1474,Female,48,66002,354082,606.0,Employed,1,180,Urban,1
1475,Male,22,69812,492244,885.0,Self-Employed,3,24,Urban,1
1476,Female,55,42626,109807,676.0,Self-Employed,0,120,Semi-Urban,1
1477,Male,57,79979,362021,698.0,Employed,1,60,Semi-Urban,1
1478,Female,25,96057,93461,520.0,Unemployed,4,36,Semi-Urban,0
1479,Male,21,146834,143474,894.0,Employed,1,12,Semi-Urban,1
1480,Female,32,128946,483685,481.0,Self-Employed,1,60,Urban,1
1481,Female,56,86668,395280,606.0,Unemployed,0,180,Urban,0
1482,Female,43,119003,332579,821.0,Self-Employed,4,120,Urban,1
1483,Male,51,100070,265189,695.0,Self-Employed,4,36,Semi-Urban,1
1484,Female,31,109390,457407,303.0,Unemployed,2,36,Semi-Urban,0
1485,Male,30,62998,396870,580.0,Self-Employed,2,180,Urban,0
1486,Female,23,83814,304730,514.0,Self-Employed,2,120,Urban,0
1487,Male,34,124601,296732,719.0,Self-Employed,0,36,Semi-Urban,1
1488,Female,36,65607,470602,400.0,Self-Employed,1,120,Rural,1
1489,Male,30,27812,212793,820.0,Self-Employed,4,36,Urban,0
1490,Male,49,81844,104786,872.0,Self-Employed,4,24,Urban,1
1491,Female,30,90093,325848,608.0,Self-Employed,1,180,Urban,1
1492,Male,32,22179,106635,809.0,Self-Employed,4,120,Semi-Urban,0
1493,Male,50,63798,445339,362.0,Self-Employed,1,60,Urban,1
1494,Female,21,94601,402854,525.0,Employed,0,360,Urban,1
1495,Male,25,28275,290909,404.0,Employed,0,24,Urban,0
1496,Male,40,70574,295984,724.0,Self-Employed,0,240,Urban,1
1497,Male,28,67857,375137,554.0,Employed,1,60,Urban,1
1498,Female,32,145555,162752,728.0,Unemployed,1,180,Rural,1
1499,Male,21,121484,261194,733.0,Employed,3,36,Rural,1
1500,Female,40,40700,278584,506.0,Self-Employed,4,240,Urban,0
1501,Male,48,146855,468632,327.0,Self-Employed,4,60,Urban,0
1502,Male,57,59464,182886,635.0,Employed,3,24,Urban,0
1503,Male,57,62351,128537,887.0,Self-Employed,3,240,Urban,1
1504,Female,32,113330,362402,368.0,Unemployed,0,240,Semi-Urban,0
1505,Male,57,114319,197580,812.0,Unemployed,3,120,Semi-Urban,0
1506,Male,48,102534,135166,466.0,Self-Employed,1,12,Semi-Urban,1
1507,Female,35,33869,259988,667.0,Unemployed,2,60,Rural,0
1508,Male,26,80315,425854,550.0,Unemployed,1,12,Urban,0
1509,Female,40,130061,347843,469.0,Employed,3,180,Semi-Urban,0
1510,Female,34,113688,358479,389.0,Unemployed,4,60,Urban,0
1511,Male,22,40954,358950,860.0,Employed,1,60,Urban,1
1512,Female,29,51555,389997,745.0,Self-Employed,4,120,Rural,0
1513,Male,57,83353,244840,593.0,Employed,1,36,Rural,1
1514,Female,40,102190,347883,449.0,Self-Employed,4,24,Semi-Urban,0
1515,Female,46,65026,84785,431.0,Self-Employed,1,24,Semi-Urban,1
1516,Male,49,120772,213052,732.0,Self-Employed,4,24,Rural,1
1517,Female,21,66976,281791,358.0,Self-Employed,2,360,Rural,0
1518,Female,55,100578,397160,498.0,Self-Employed,0,180,Urban,1
1519,Female,26,111502,444825,514.0,Employed,1,240,Urban,1
1520,Female,57,133943,116253,860.0,Self-Employed,2,36,Semi-Urban,1
1521,Female,25,129850,141128,771.0,Unemployed,0,12,Semi-Urban,1
1522,Male,53,65095,471357,546.0,Unemployed,1,24,Rural,0
1523,Female,34,34270,211081,681.0,Self-Employed,2,360,Semi-Urban,0
1524,Male,32,50908,439725,538.0,Unemployed,2,12,Urban,0
1525,Female,40,35523,160966,666.0,Employed,2,36,Rural,0
1526,Male,44,82433,187854,467.0,Employed,3,180,Urban,0
1527,Male,54,67068,149352,859.0,Self-Employed,4,36,Rural,1
1528,Female,45,39991,469149,350.0,Self-Employed,0,120,Rural,0
1529,Female,49,30775,389298,679.0,Self-Employed,4,240,Urban,0
1530,Female,59,97801,189379,773.0,Unemployed,4,24,Semi-Urban,0
1531,Male,51,104995,273279,379.0,Unemployed,4,180,Semi-Urban,0
1532,Female,43,81250,287281,666.0,Employed,2,120,Semi-Urban,1
1533,Male,58,36673,158297,760.0,Unemployed,4,24,Semi-Urban,0
1534,Male,40,142808,256946,838.0,Employed,3,36,Urban,1
1535,Male,43,47056,88346,751.0,Unemployed,1,36,Rural,0
1536,Female,36,26614,162138,763.0,Employed,2,360,Urban,0
1537,Female,28,121556,362916,777.0,Self-Employed,0,60,Semi-Urban,1
1538,Male,41,27415,90149,719.0,Unemployed,1,60,Semi-Urban,0
1539,Male,21,108691,398844,513.0,Employed,1,36,Urban,1
1540,Female,28,134966,208598,668.0,Unemployed,1,36,Rural,1
1541,Male,49,63884,408902,413.0,Self-Employed,4,12,Urban,0
1542,Female,52,36964,178447,802.0,Employed,4,360,Urban,0
1543,Male,58,57726,55695,887.0,Unemployed,2,240,Urban,0
1544,Female,25,143133,89169,610.0,Unemployed,4,12,Rural,0
1545,Male,42,57044,360091,768.0,Self-Employed,4,240,Urban,0
1546,Female,54,77149,228296,343.0,Self-Employed,4,120,Urban,0
1547,Male,21,57544,358009,714.0,Employed,2,60,Semi-Urban,0
1548,Female,46,69976,206625,545.0,Unemployed,2,60,Urban,0
1549,Female,30,52252,416645,383.0,Unemployed,3,360,Semi-Urban,0
1550,Male,50,23832,372554,506.0,Self-Employed,3,36,Semi-Urban,0
1551,Male,38,110811,415898,450.0,Self-Employed,3,36,Semi-Urban,0
1552,Female,37,100437,403039,827.0,Employed,3,120,Rural,1
1553,Male,46,123749,468032,464.0,Unemployed,1,180,Semi-Urban,0
1554,Female,28,54148,236098,444.0,Unemployed,1,180,Urban,0
1555,Male,32,81240,362849,336.0,Employed,3,360,Urban,0
1556,Female,47,128169,242994,632.0,Employed,3,180,Semi-Urban,0
1557,Female,28,145607,427844,702.0,Self-Employed,0,60,Semi-Urban,1
1558,Female,45,108454,386058,713.0,Self-Employed,1,12,Urban,1
1559,Female,24,132230,51881,344.0,Employed,0,180,Semi-Urban,1
1560,Female,53,148933,482783,701.0,Employed,0,24,Rural,1
1561,Female,21,105076,359509,505.0,Unemployed,4,360,Semi-Urban,0
1562,Male,39,97116,129211,361.0,Employed,2,120,Rural,0
1563,Male,51,73459,206078,719.0,Employed,1,180,Rural,1
1564,Male,36,58402,353342,767.0,Unemployed,3,24,Rural,0
1565,Female,34,77727,466047,318.0,Employed,3,180,Semi-Urban,0
1566,Female,25,58578,412793,664.0,Self-Employed,2,12,Rural,0
1567,Female,46,110453,459675,599.0,Self-Employed,1,12,Rural,1
1568,Female,48,42318,475659,306.0,Unemployed,3,180,Semi-Urban,0
1569,Male,22,95715,485532,727.0,Employed,3,360,Rural,1
1570,Male,26,97787,277203,416.0,Self-Employed,4,360,Semi-Urban,0
1571,Female,29,131435,245558,879.0,Self-Employed,0,24,Urban,1
1572,Male,53,105029,186949,806.0,Self-Employed,3,120,Rural,1
1573,Male,45,40466,89553,845.0,Self-Employed,1,24,Semi-Urban,1
1574,Female,33,115742,448138,624.0,Employed,2,120,Urban,0
1575,Male,29,65475,434922,354.0,Employed,4,180,Rural,0
1576,Female,33,80142,429162,341.0,Employed,1,120,Rural,1
1577,Male,51,105160,185758,596.0,Employed,4,36,Semi-Urban,0
1578,Female,31,46564,82766,530.0,Self-Employed,0,60,Urban,0
1579,Female,24,42412,344150,752.0,Unemployed,3,240,Semi-Urban,0
1580,Female,54,113526,81422,693.0,Unemployed,1,60,Rural,1
1581,Female,58,71001,428734,821.0,Self-Employed,2,12,Rural,1
1582,Male,24,77649,324349,657.0,Self-Employed,0,36,Rural,1
1583,Female,58,80957,204599,743.0,Unemployed,0,60,Rural,1
1584,Female,39,55517,292555,427.0,Unemployed,4,180,Urban,0
1585,Female,26,33156,461659,704.0,Self-Employed,0,120,Urban,1
1586,Male,54,43064,459740,691.0,Self-Employed,1,120,Semi-Urban,1
1587,Female,38,45711,428621,492.0,Employed,4,24,Semi-Urban,0
1588,Male,33,50106,78202,377.0,Employed,0,24,Semi-Urban,0
1589,Female,43,85458,489358,384.0,Unemployed,2,360,Rural,0
1590,Male,39,36589,373836,329.0,Self-Employed,1,120,Semi-Urban,0
1591,Male,31,109272,263456,348.0,Unemployed,2,360,Urban,0
1592,Female,21,106511,70855,444.0,Employed,2,180,Semi-Urban,0
1593,Male,44,121754,241444,368.0,Employed,4,120,Semi-Urban,0
1594,Female,27,27214,337239,357.0,,3,24,Urban,0
1595,Female,45,116117,481940,873.0,Employed,4,60,Urban,1
1596,Female,41,105731,361385,778.0,Self-Employed,1,360,Rural,1
1597,Male,35,130118,153119,744.0,Unemployed,1,360,Urban,1
1598,Male,21,146479,102003,595.0,Self-Employed,4,12,Urban,0
1599,Female,32,47127,144837,470.0,Self-Employed,3,24,Semi-Urban,0
1600,Female,27,25141,273068,874.0,Employed,4,180,Urban,0
1601,Male,35,48884,406427,446.0,Self-Employed,1,360,Rural,0
1602,Female,41,110421,459188,783.0,Unemployed,3,60,Semi-Urban,0
1603,Female,39,22708,173805,605.0,Self-Employed,1,60,Rural,0
1604,Female,49,38375,405990,745.0,Self-Employed,3,60,Urban,0
1605,Male,45,35088,335071,520.0,Self-Employed,3,36,Rural,0
1606,Male,53,77615,432733,854.0,Self-Employed,4,36,Rural,1
1607,Male,52,130138,165657,677.0,Self-Employed,4,240,Urban,1
1608,Female,55,65046,378774,565.0,Employed,4,60,Urban,0
1609,Female,58,30014,154428,394.0,Unemployed,3,360,Semi-Urban,0
1610,Female,46,84425,172035,561.0,Employed,3,180,Semi-Urban,0
1611,Male,31,23273,495563,370.0,Unemployed,1,120,Semi-Urban,0
1612,Female,55,67135,280780,518.0,Unemployed,2,180,Urban,0
1613,Female,28,122842,438388,832.0,Unemployed,4,36,Rural,0
1614,Female,34,50881,267282,391.0,Unemployed,1,24,Rural,0
1615,Female,30,117022,119518,426.0,Unemployed,1,360,Semi-Urban,0
1616,Male,22,98077,226355,379.0,Self-Employed,0,240,Semi-Urban,1
1617,Male,29,28712,393470,537.0,Employed,4,36,Urban,0
1618,Female,23,94704,193277,671.0,Employed,1,120,Rural,1
1619,Male,41,72874,170243,785.0,Self-Employed,0,12,Semi-Urban,1
1620,Male,46,89087,324892,324.0,Unemployed,4,240,Urban,0
1621,Female,28,32297,464313,455.0,Employed,3,36,Semi-Urban,0
1622,Female,22,129269,446308,816.0,Self-Employed,0,180,Urban,1
1623,Male,26,47128,103311,829.0,Self-Employed,3,240,Rural,0
1624,Female,48,88368,72692,356.0,Employed,2,360,Urban,0
1625,Male,49,114019,174954,318.0,Employed,2,180,Semi-Urban,0
1626,Female,46,107599,204934,683.0,Unemployed,2,60,Semi-Urban,0
1627,Male,45,108499,442179,492.0,Unemployed,2,60,Rural,0
1628,Female,32,98958,271468,536.0,Employed,1,60,Rural,1
1629,Male,25,52920,391651,686.0,Unemployed,2,240,Semi-Urban,0
1630,Male,54,140442,130152,725.0,Self-Employed,1,12,Semi-Urban,1
1631,Male,57,31156,54926,576.0,Unemployed,1,120,Semi-Urban,0
1632,Female,35,31108,53969,526.0,Unemployed,4,360,Rural,0
1633,Male,56,51845,85733,851.0,Self-Employed,1,240,Semi-Urban,1
1634,Male,35,22800,381999,622.0,Unemployed,1,24,Rural,0
1635,Female,43,148832,91743,452.0,Self-Employed,2,360,Semi-Urban,0
1636,Female,26,123614,180193,536.0,Unemployed,1,180,Urban,0
1637,Male,41,62712,220948,354.0,Employed,3,180,Urban,0
1638,Male,43,22610,419589,735.0,Unemployed,2,240,Semi-Urban,0
1639,Female,36,97603,70323,408.0,Employed,0,240,Urban,1
1640,Female,35,53872,328572,483.0,Employed,2,120,Rural,0
1641,Female,45,30728,84578,667.0,Employed,1,12,Urban,1
1642,Female,56,115102,136486,497.0,Employed,3,240,Urban,0
1643,Female,31,115319,376284,670.0,Employed,2,60,Rural,1
1644,Male,35,142049,307450,672.0,Self-Employed,3,120,Urban,1
1645,Female,24,40583,157325,796.0,Self-Employed,0,24,Urban,1
1646,Male,41,105774,395973,898.0,Self-Employed,0,60,Semi-Urban,1
1647,Male,33,27263,318508,500.0,Employed,4,24,Rural,0
1648,Male,42,146374,441011,808.0,Unemployed,4,36,Rural,0
1649,Female,39,87450,478565,621.0,Self-Employed,2,24,Semi-Urban,0
1650,Male,54,109285,181763,574.0,Unemployed,4,60,Semi-Urban,0
1651,Male,34,39456,307971,510.0,Unemployed,3,36,Urban,0
1652,Female,24,111118,145598,803.0,Employed,4,60,Urban,1
1653,Male,47,85942,247539,417.0,Employed,3,180,Urban,0
1654,Male,49,33689,226968,853.0,Employed,4,60,Semi-Urban,0
1655,Female,48,52934,107062,341.0,Self-Employed,4,36,Rural,0
1656,Male,55,53276,278338,614.0,Employed,4,24,Urban,0
1657,Male,28,136349,260834,628.0,Self-Employed,1,180,Semi-Urban,1
1658,Male,36,149336,194933,316.0,Self-Employed,1,12,Rural,1
1659,Female,56,121968,277909,582.0,,4,12,Semi-Urban,0
1660,Female,50,39873,138302,557.0,Self-Employed,3,360,Urban,0
1661,Female,38,33050,113928,874.0,Employed,2,12,Semi-Urban,0
1662,Male,22,86216,264303,873.0,Self-Employed,0,12,Semi-Urban,1
1663,Male,33,104444,91347,318.0,Employed,1,120,Semi-Urban,1
1664,Female,24,104040,53121,828.0,Employed,4,12,Semi-Urban,1
1665,Male,46,41644,133793,722.0,Self-Employed,0,36,Rural,1
1666,Male,45,82021,78164,765.0,Employed,1,240,Urban,1
1667,Female,50,57125,337635,672.0,Unemployed,2,12,Rural,0
1668,Female,31,86899,109222,380.0,Employed,3,60,Semi-Urban,0
1669,Male,27,62291,204237,850.0,Employed,4,240,Semi-Urban,1
1670,Male,51,55060,53748,847.0,Self-Employed,2,12,Urban,0
1671,Male,30,21538,76553,723.0,Self-Employed,1,240,Urban,1
1672,Female,59,56176,166547,728.0,Employed,4,24,Rural,0
1673,Female,33,142430,110380,687.0,Self-Employed,0,36,Rural,1
1674,Female,51,61520,94331,503.0,Unemployed,3,36,Urban,0
1675,Female,27,45675,277105,495.0,Unemployed,1,360,Rural,0
1676,Male,56,38287,170617,584.0,Self-Employed,3,240,Semi-Urban,0
1677,Female,40,20174,351704,495.0,Employed,4,360,Semi-Urban,0
1678,Female,24,112268,366009,606.0,Unemployed,2,180,Urban,0
1679,Female,27,54998,489902,313.0,Unemployed,3,120,Rural,0
1680,Female,21,122591,125910,445.0,Employed,0,60,Semi-Urban,1
1681,Female,33,73312,447891,356.0,Self-Employed,1,240,Urban,1
1682,Male,42,32112,390130,509.0,Unemployed,0,36,Rural,0
1683,Male,41,125410,257288,828.0,Employed,3,360,Semi-Urban,1
1684,Female,42,95225,60068,643.0,Employed,2,24,Rural,0
1685,Male,48,64814,104460,578.0,Unemployed,2,12,Rural,0
1686,Female,29,105091,412910,508.0,Self-Employed,0,36,Rural,1
1687,Female,46,70719,96418,634.0,Unemployed,4,24,Urban,0
1688,Male,29,149887,338350,587.0,Employed,4,12,Semi-Urban,0
1689,Male,35,53919,178180,551.0,Unemployed,2,120,Urban,0
1690,Female,30,93155,312431,564.0,Self-Employed,0,36,Semi-Urban,1
1691,Female,44,91569,72337,570.0,Employed,0,360,Semi-Urban,1
1692,Female,28,61328,201738,718.0,Self-Employed,0,36,Urban,1
1693,Male,44,90482,297667,510.0,Unemployed,3,240,Urban,0
1694,Female,36,44618,182233,664.0,Unemployed,4,240,Semi-Urban,0
1695,Female,46,54675,412811,375.0,Self-Employed,4,24,Semi-Urban,0
1696,Female,47,121794,402215,620.0,Unemployed,3,360,Semi-Urban,0
1697,Male,57,38919,148064,732.0,Self-Employed,1,180,Rural,1
1698,Female,24,24173,481967,408.0,Unemployed,3,240,Semi-Urban,0
1699,Female,44,129369,418655,821.0,Self-Employed,0,60,Urban,1
1700,Male,39,46400,457974,346.0,Self-Employed,3,120,Urban,0
1701,Female,56,70445,296686,678.0,Employed,0,60,Urban,1
1702,Female,59,90305,53178,395.0,Employed,2,36,Semi-Urban,0
1703,Male,30,57564,81831,402.0,Self-Employed,0,60,Semi-Urban,0
1704,Female,45,65814,183248,445.0,Unemployed,4,12,Rural,0
1705,Male,38,99747,153306,326.0,Unemployed,3,120,Rural,0
1706,Male,39,108791,214726,829.0,Unemployed,0,60,Urban,1
1707,Female,56,47962,304292,381.0,Self-Employed,1,12,Rural,0
1708,Female,30,104892,469843,727.0,Self-Employed,2,24,Rural,1
1709,Female,53,105842,233622,883.0,Self-Employed,1,60,Urban,1
1710,Female,25,90533,424169,778.0,Self-Employed,1,120,Semi-Urban,1
1711,Male,55,76184,225982,461.0,Employed,1,12,Rural,1
1712,Female,54,102912,140417,701.0,Self-Employed,2,60,Semi-Urban,1
1713,Male,53,126416,239323,807.0,Unemployed,2,24,Urban,0
1714,Female,41,123591,478638,337.0,Employed,2,60,Urban,0
1715,Female,37,30578,61984,810.0,Unemployed,2,12,Rural,0
1716,Female,42,38624,139312,692.0,Self-Employed,1,60,Urban,1
1717,Male,57,136164,242458,793.0,Employed,4,120,Urban,1
1718,Female,35,59194,133291,499.0,Self-Employed,4,36,Urban,0
1719,Female,55,129903,319279,554.0,Employed,2,360,Rural,0
1720,Female,48,20389,50320,478.0,Unemployed,3,360,Rural,0
1721,Female,27,119303,202756,846.0,Self-Employed,0,12,Rural,1
1722,Male,52,131116,499129,,Self-Employed,3,12,Urban,1
1723,Female,31,133903,400918,688.0,Employed,3,12,Semi-Urban,1
1724,Male,30,87391,465105,697.0,Employed,3,12,Urban,1
1725,Male,29,126429,276921,457.0,Self-Employed,4,60,Rural,0
1726,Male,34,33794,410215,303.0,Employed,0,120,Semi-Urban,0
1727,Male,33,78002,229971,466.0,Self-Employed,3,360,Semi-Urban,0
1728,Male,45,55531,305083,767.0,Employed,2,24,Rural,0
1729,Male,22,72815,453986,708.0,Unemployed,4,360,Semi-Urban,0
1730,Female,55,24986,482537,711.0,Employed,2,120,Semi-Urban,0
1731,Male,27,52298,159863,,Unemployed,2,12,Rural,0
1732,Male,41,21481,91777,493.0,Employed,3,180,Semi-Urban,0
1733,Male,38,76408,96250,534.0,Employed,2,60,Semi-Urban,0
1734,Female,23,89267,385178,449.0,Self-Employed,0,180,Rural,1
1735,Female,59,141950,417084,458.0,Employed,2,60,Semi-Urban,0
1736,Male,31,36835,352274,578.0,Employed,3,12,Semi-Urban,0
1737,Female,59,145355,230418,703.0,Unemployed,2,60,Semi-Urban,0
1738,Male,44,47798,445753,610.0,Employed,4,12,Semi-Urban,0
1739,Male,39,111649,265834,367.0,Self-Employed,4,120,Rural,0
1740,Female,24,84887,65216,762.0,Unemployed,4,240,Urban,0
1741,Male,46,39477,396293,387.0,Self-Employed,1,36,Urban,0
1742,Female,58,37266,53009,516.0,Self-Employed,4,60,Semi-Urban,0
1743,Female,52,106328,402048,300.0,Self-Employed,4,12,Rural,0
1744,Male,59,105988,210399,434.0,Self-Employed,1,180,Rural,1
1745,Male,56,147815,195281,650.0,Unemployed,4,12,Semi-Urban,0
1746,Female,57,63526,229515,439.0,Employed,3,180,Urban,0
1747,Male,53,137965,65029,432.0,Self-Employed,4,360,Semi-Urban,0
1748,Male,56,134615,260515,477.0,Unemployed,4,60,Rural,0
1749,Male,23,126870,238069,657.0,Self-Employed,1,24,Rural,1
1750,Female,29,147426,414315,679.0,Employed,3,180,Urban,1
1751,Female,28,31889,164456,749.0,Unemployed,2,12,Rural,0
1752,Male,53,44335,374703,885.0,Unemployed,0,60,Rural,0
1753,Female,26,31254,377036,762.0,,3,12,Rural,0
1754,Female,59,106610,382553,407.0,Unemployed,2,24,Urban,0
1755,Female,24,31442,451851,421.0,Employed,3,36,Rural,0
1756,Female,33,66289,345209,316.0,Unemployed,2,240,Semi-Urban,0
1757,Female,22,73747,292471,495.0,Unemployed,2,240,Urban,0
1758,Male,25,57327,432688,626.0,Employed,3,24,Semi-Urban,0
1759,Male,47,36199,419484,617.0,Employed,1,120,Semi-Urban,0
1760,Male,52,92827,83783,778.0,Unemployed,3,60,Urban,0
1761,Female,41,126464,84152,551.0,Unemployed,3,24,Semi-Urban,0
1762,Female,28,20112,108741,802.0,Employed,2,36,Urban,0
1763,Male,58,107051,419193,418.0,Employed,0,12,Semi-Urban,1
1764,Female,28,39581,494718,797.0,Unemployed,2,60,Urban,0
1765,Male,23,134228,79092,785.0,Unemployed,4,360,Rural,0
1766,Male,23,79722,198725,344.0,Unemployed,3,180,Rural,0
1767,Male,42,112036,280636,613.0,Employed,3,24,Semi-Urban,0
1768,Female,26,117562,221541,478.0,Unemployed,1,360,Rural,0
1769,Female,22,36523,304136,717.0,Self-Employed,2,360,Urban,0
1770,Male,43,86960,398627,855.0,Employed,1,36,Semi-Urban,1
1771,Male,22,137637,433729,377.0,Unemployed,3,360,Rural,0
1772,Male,58,39552,371898,625.0,Employed,2,24,Rural,0
1773,Male,37,143396,211050,656.0,Self-Employed,2,120,Semi-Urban,1
1774,Female,55,30808,137592,715.0,Employed,4,240,Rural,0
1775,Female,54,124347,406687,814.0,Unemployed,4,240,Rural,0
1776,Male,43,92525,93169,513.0,Self-Employed,0,60,Semi-Urban,1
1777,Male,50,43620,491503,373.0,Self-Employed,4,12,Rural,0
1778,Female,28,124565,104745,862.0,Unemployed,2,36,Rural,0
1779,Female,42,20887,160168,878.0,Unemployed,4,24,Rural,0
1780,Male,56,51802,163985,808.0,Unemployed,0,60,Rural,0
1781,Male,25,105024,317687,631.0,Employed,3,24,Semi-Urban,0
1782,Male,33,115549,237464,392.0,Employed,4,60,Urban,0
1783,Female,49,134737,71067,818.0,Employed,2,240,Urban,1
1784,Female,51,138639,101033,568.0,Unemployed,3,360,Rural,0
1785,Female,36,138248,95256,675.0,Unemployed,2,120,Rural,0
1786,Male,50,101938,271705,303.0,Employed,3,24,Urban,0
1787,Male,36,106741,289455,437.0,Self-Employed,2,120,Rural,0
1788,Female,32,141028,250417,530.0,Employed,4,180,Urban,0
1789,Female,37,142746,465407,899.0,Self-Employed,4,180,Semi-Urban,1
1790,Male,36,46049,136803,828.0,Unemployed,0,360,Semi-Urban,0
1791,Female,32,97789,253814,351.0,Unemployed,3,240,Semi-Urban,0
1792,Female,28,104526,168843,624.0,Employed,0,36,Semi-Urban,1
1793,Male,40,27846,78992,576.0,Employed,1,120,Semi-Urban,0
1794,Female,23,110563,262603,835.0,Unemployed,4,60,Semi-Urban,0
1795,Male,36,124736,98803,785.0,Employed,3,36,Urban,1
1796,Male,50,66220,422119,815.0,Unemployed,0,24,Rural,1
1797,Male,43,66163,244549,451.0,Unemployed,0,24,Urban,0
1798,Male,48,23765,194282,782.0,Self-Employed,1,60,Semi-Urban,1
1799,Male,25,137126,76270,558.0,Employed,0,12,Rural,1
1800,Male,40,101486,448413,623.0,Unemployed,2,360,Rural,0
1801,Male,21,65270,294929,467.0,Employed,4,12,Semi-Urban,0
1802,Female,50,95277,57452,609.0,Self-Employed,0,360,Semi-Urban,1
1803,Male,41,108278,353630,778.0,Self-Employed,0,24,Semi-Urban,1
1804,Male,40,146354,64859,355.0,Employed,1,360,Semi-Urban,1
1805,Female,26,110239,470452,772.0,Employed,2,240,Semi-Urban,1
1806,Female,42,124245,475115,595.0,Unemployed,0,240,Semi-Urban,0
1807,Female,38,142332,82083,760.0,Self-Employed,4,60,Rural,1
1808,Male,28,123159,379852,,Self-Employed,4,12,Semi-Urban,0
1809,Female,59,42931,161462,440.0,Self-Employed,0,120,Semi-Urban,0
1810,Male,52,109116,197735,561.0,Employed,2,24,Rural,0
1811,Male,53,140599,405220,719.0,Unemployed,4,180,Urban,0
1812,Male,36,75633,299737,540.0,Employed,4,120,Semi-Urban,0
1813,Male,32,100702,331197,654.0,Employed,2,60,Rural,1
1814,Female,58,71913,192157,888.0,Employed,2,180,Rural,1
1815,Female,54,139144,473780,479.0,Unemployed,0,120,Urban,0
1816,Male,34,114776,401889,365.0,Employed,3,12,Semi-Urban,0
1817,Male,56,45991,240167,647.0,Self-Employed,1,360,Semi-Urban,0
1818,Male,53,141049,119517,470.0,Self-Employed,3,240,Semi-Urban,0
1819,Female,43,74845,202225,773.0,Self-Employed,3,12,Rural,1
1820,Male,22,124092,186319,833.0,Unemployed,4,180,Semi-Urban,0
1821,Male,41,118505,453769,666.0,Employed,2,360,Semi-Urban,1
1822,Female,22,75312,464027,406.0,Unemployed,4,360,Semi-Urban,0
1823,Female,47,30561,276453,738.0,Employed,1,360,Semi-Urban,1
1824,Male,29,36901,449351,526.0,Self-Employed,0,36,Urban,0
1825,Female,21,126041,186645,743.0,Employed,1,240,Urban,1
1826,Female,31,115556,129267,741.0,Employed,4,24,Urban,1
1827,Male,23,82875,188261,695.0,Employed,4,180,Semi-Urban,1
1828,Female,43,45917,392221,880.0,Unemployed,4,60,Semi-Urban,0
1829,Male,46,82120,486862,383.0,Employed,4,24,Rural,0
1830,Female,24,21988,388767,850.0,Employed,3,120,Rural,0
1831,Male,38,133745,181004,312.0,Employed,0,240,Rural,1
1832,Male,26,130041,103687,792.0,Unemployed,3,60,Semi-Urban,0
1833,Male,55,148467,380456,567.0,Unemployed,4,60,Urban,0
1834,Female,42,147400,157615,824.0,Unemployed,2,12,Urban,0
1835,Male,35,34256,443120,419.0,Employed,3,120,Urban,0
1836,Female,42,138490,77564,652.0,Self-Employed,4,12,Semi-Urban,1
1837,Male,57,107728,340979,356.0,Self-Employed,4,12,Urban,0
1838,Male,32,146155,57697,339.0,Self-Employed,0,360,Rural,1
1839,Female,58,48230,130165,635.0,Employed,1,240,Rural,0
1840,Male,38,125466,254994,472.0,,3,36,Urban,0
1841,Male,55,79778,460262,846.0,Self-Employed,3,12,Rural,1
1842,Female,50,65833,107823,558.0,Self-Employed,3,24,Urban,0
1843,Male,44,42625,496586,816.0,Employed,4,60,Urban,0
1844,Male,50,52088,59615,822.0,Self-Employed,0,240,Rural,1
1845,Male,34,99650,448276,416.0,Self-Employed,4,12,Rural,0
1846,Male,26,61167,442643,483.0,Employed,4,180,Rural,0
1847,Female,23,123937,126436,415.0,Unemployed,2,24,Rural,0
1848,Female,36,91291,241591,461.0,Self-Employed,0,120,Urban,1
1849,Male,27,85303,432706,878.0,Unemployed,3,60,Rural,0
1850,Female,34,96361,383261,842.0,Self-Employed,1,240,Rural,1
1851,Male,29,108229,84782,886.0,Employed,3,180,Semi-Urban,1
1852,Female,35,24117,128533,536.0,Unemployed,4,240,Rural,0
1853,Male,41,110265,290011,365.0,Unemployed,0,240,Rural,0
1854,Male,55,148938,239327,369.0,Unemployed,0,180,Urban,0
1855,Male,22,117718,122684,746.0,Unemployed,0,120,Urban,1
1856,Male,47,80710,307165,715.0,Self-Employed,2,180,Semi-Urban,1
1857,Male,22,114426,265356,,Self-Employed,3,24,Rural,1
1858,Male,55,114876,391702,740.0,Unemployed,2,360,Rural,0
1859,Female,38,87054,266621,763.0,Self-Employed,1,240,Rural,1
1860,Male,34,50949,285295,695.0,Unemployed,4,120,Rural,0
1861,Female,40,42547,393566,850.0,Unemployed,2,240,Rural,0
1862,Male,38,101882,301435,856.0,Employed,2,180,Rural,1
1863,Female,30,88136,307424,694.0,Unemployed,4,120,Semi-Urban,0
1864,Female,45,131541,468472,625.0,Self-Employed,0,120,Rural,1
1865,Female,22,136883,473221,390.0,Unemployed,4,12,Rural,0
1866,Male,45,84619,318782,369.0,Employed,3,12,Rural,0
1867,Male,53,81842,349563,465.0,Self-Employed,4,360,Semi-Urban,0
1868,Female,56,114803,83377,513.0,Employed,0,12,Rural,1
1869,Male,51,121858,156244,634.0,Employed,4,180,Semi-Urban,0
1870,Female,34,46990,224188,668.0,Unemployed,2,60,Urban,0
1871,Male,21,36193,479850,883.0,Employed,1,24,Rural,1
1872,Female,36,50109,263363,348.0,Employed,2,180,Semi-Urban,0
1873,Female,23,39233,73382,351.0,Self-Employed,1,240,Urban,0
1874,Male,55,133557,296375,588.0,Employed,4,12,Semi-Urban,0
1875,Female,26,101730,237135,538.0,Unemployed,3,120,Semi-Urban,0
1876,Male,45,148133,203466,432.0,,4,180,Urban,0
1877,Female,33,54510,379933,465.0,Unemployed,0,120,Rural,0
1878,Female,54,21306,284318,673.0,Employed,4,360,Rural,0
1879,Male,28,23849,422778,672.0,Self-Employed,1,240,Semi-Urban,1
1880,Male,41,32360,181936,777.0,Unemployed,2,120,Urban,0
1881,Male,54,131072,411716,778.0,Employed,3,120,Rural,1
1882,Female,24,142207,483438,890.0,Unemployed,4,360,Semi-Urban,0
1883,Male,45,114767,456882,599.0,,4,36,Urban,0
1884,Female,35,65800,173664,381.0,Self-Employed,2,60,Semi-Urban,0
1885,Female,24,148442,202027,386.0,Unemployed,3,24,Urban,0
1886,Male,32,56963,422818,524.0,Self-Employed,4,24,Rural,0
1887,Male,52,74330,153533,315.0,Employed,4,12,Rural,0
1888,Female,52,71707,393989,657.0,Unemployed,1,36,Semi-Urban,1
1889,Female,48,38689,297997,462.0,Employed,1,180,Rural,0
1890,Male,33,49084,119590,813.0,Employed,0,360,Rural,1
1891,Male,51,60387,439919,649.0,Employed,2,180,Urban,0
1892,Male,34,94816,378615,763.0,Unemployed,3,24,Rural,0
1893,Male,40,22642,355442,674.0,Self-Employed,4,60,Urban,0
1894,Male,38,62137,294936,391.0,Unemployed,4,120,Urban,0
1895,Female,49,99832,98924,480.0,Employed,0,240,Semi-Urban,1
1896,Female,26,75561,459925,600.0,Self-Employed,4,12,Urban,0
1897,Female,52,82260,59726,488.0,Employed,2,60,Rural,0
1898,Female,49,35438,241896,613.0,Self-Employed,0,24,Urban,0
1899,Male,22,68442,90542,792.0,Unemployed,2,36,Urban,0
1900,Male,43,123061,463461,427.0,Self-Employed,0,12,Semi-Urban,1
1901,Male,39,22994,84753,818.0,Unemployed,4,360,Rural,0
1902,Female,51,143439,391932,725.0,Employed,0,24,Rural,1
1903,Female,25,145844,333460,858.0,Self-Employed,1,180,Rural,1
1904,Male,39,133530,283979,864.0,Employed,3,12,Urban,1
1905,Male,54,119575,134698,486.0,Self-Employed,4,360,Rural,0
1906,Female,30,21813,328104,849.0,Unemployed,3,24,Rural,0
1907,Female,45,113027,80791,752.0,Self-Employed,4,180,Urban,1
1908,Male,22,143489,337360,770.0,Self-Employed,3,240,Semi-Urban,1
1909,Male,31,104381,475683,864.0,Unemployed,1,180,Semi-Urban,1
1910,Female,51,138808,376571,523.0,Unemployed,3,120,Urban,0
1911,Male,35,75276,424614,453.0,Unemployed,0,360,Semi-Urban,0
1912,Male,29,61243,123290,859.0,Self-Employed,3,360,Semi-Urban,1
1913,Male,43,82912,97014,650.0,Employed,4,36,Semi-Urban,0
1914,Female,39,80272,185150,446.0,Self-Employed,2,360,Rural,0
1915,Female,29,122700,100519,875.0,Self-Employed,3,120,Semi-Urban,1
1916,Female,55,62051,316186,648.0,Employed,3,24,Rural,0
1917,Female,41,98854,99052,481.0,Unemployed,3,240,Semi-Urban,0
1918,Female,29,102736,64389,478.0,Self-Employed,4,60,Rural,0
1919,Female,48,141992,408105,338.0,Employed,3,240,Urban,0
1920,Female,27,142019,118111,302.0,Unemployed,4,240,Urban,0
1921,Male,36,85618,417202,363.0,Unemployed,4,360,Semi-Urban,0
1922,Male,36,21920,405859,328.0,Self-Employed,2,240,Rural,0
1923,Male,53,126121,362877,671.0,Unemployed,0,360,Urban,1
1924,Male,24,97219,346898,822.0,Unemployed,4,120,Urban,0
1925,Male,24,96872,461840,396.0,Employed,1,60,Urban,1
1926,Male,59,101132,398030,741.0,Employed,3,180,Urban,1
1927,Male,37,22093,207753,502.0,,1,360,Semi-Urban,0
1928,Female,57,32905,139524,710.0,Employed,3,24,Rural,0
1929,Female,59,141759,393150,320.0,Unemployed,2,36,Urban,0
1930,Male,49,44351,336848,850.0,Self-Employed,4,60,Semi-Urban,0
1931,Male,56,50981,144913,401.0,Employed,0,24,Urban,0
1932,Female,58,93903,144108,345.0,Unemployed,4,360,Urban,0
1933,Male,59,90821,304803,365.0,Unemployed,3,60,Urban,0
1934,Male,57,129200,319637,463.0,Employed,0,360,Urban,1
1935,Female,55,123241,119639,410.0,Employed,4,120,Semi-Urban,0
1936,Male,27,102289,281452,637.0,Self-Employed,0,24,Rural,1
1937,Female,47,136506,366527,422.0,Unemployed,3,120,Semi-Urban,0
1938,Male,48,104021,184066,746.0,Self-Employed,2,12,Semi-Urban,1
1939,Female,42,98513,250352,590.0,Self-Employed,2,24,Semi-Urban,0
1940,Female,34,39874,359378,711.0,Self-Employed,4,60,Urban,0
1941,Female,27,70931,490507,580.0,Employed,1,12,Rural,1
1942,Male,57,27674,178674,342.0,Self-Employed,3,120,Urban,0
1943,Female,42,70516,55594,785.0,Employed,4,120,Semi-Urban,1
1944,Male,25,141982,286907,895.0,Employed,4,60,Urban,1
1945,Male,22,148408,319515,350.0,Self-Employed,2,12,Rural,0
1946,Male,47,114574,97315,509.0,Self-Employed,0,240,Rural,1
1947,Male,41,80686,264636,425.0,Unemployed,3,180,Urban,0
1948,Female,58,114851,177251,791.0,Self-Employed,0,36,Semi-Urban,1
1949,Female,35,89212,282520,808.0,Unemployed,3,60,Urban,0
1950,Male,41,22426,129526,880.0,Self-Employed,1,120,Semi-Urban,1
1951,Male,30,142952,293459,557.0,Self-Employed,2,24,Rural,0
1952,Female,43,110009,197698,487.0,Self-Employed,1,12,Urban,1
1953,Male,59,88498,398149,529.0,Self-Employed,4,360,Rural,0
1954,Female,25,49943,287330,488.0,Unemployed,2,180,Semi-Urban,0
1955,Male,21,86395,155573,714.0,Unemployed,4,36,Semi-Urban,0
1956,Male,33,64816,450346,309.0,Self-Employed,1,24,Urban,1
1957,Female,41,24138,187900,413.0,Self-Employed,3,12,Urban,0
1958,Male,46,120728,369658,375.0,Unemployed,4,180,Urban,0
1959,Female,41,111176,285707,801.0,Employed,0,60,Rural,1
1960,Male,38,95945,233736,384.0,Employed,3,360,Semi-Urban,0
1961,Male,57,24017,198955,348.0,Employed,3,180,Semi-Urban,0
1962,Male,52,30451,224131,794.0,Unemployed,1,60,Rural,0
1963,Female,56,82956,224004,686.0,Unemployed,1,360,Urban,1
1964,Male,37,113863,388130,688.0,Employed,2,360,Urban,1
1965,Male,55,30278,398103,517.0,Employed,2,240,Rural,0
1966,Male,31,110480,314179,645.0,Self-Employed,0,12,Semi-Urban,1
1967,Male,41,63764,159767,529.0,Unemployed,3,360,Semi-Urban,0
1968,Female,46,143030,483961,554.0,Unemployed,0,180,Semi-Urban,0
1969,Female,24,21134,67241,535.0,Employed,0,360,Semi-Urban,0
1970,Male,54,82943,102975,325.0,Employed,1,36,Rural,1
1971,Female,38,115667,204226,883.0,Unemployed,0,180,Semi-Urban,1
1972,Male,55,74318,468841,560.0,Self-Employed,0,12,Rural,1
1973,Male,49,123423,488166,570.0,Employed,4,24,Urban,0
1974,Male,49,123998,106396,422.0,Unemployed,2,24,Rural,0
1975,Female,58,80128,168920,556.0,Unemployed,2,180,Semi-Urban,0
1976,Female,41,108056,456547,720.0,Self-Employed,3,180,Urban,1
1977,Female,33,41869,244999,558.0,Self-Employed,2,60,Rural,0
1978,Female,37,122468,136226,346.0,Employed,3,12,Rural,0
1979,Female,29,137034,134719,824.0,Employed,4,60,Rural,1
1980,Female,21,25039,113014,507.0,Employed,2,36,Urban,0
1981,Female,22,41281,89346,610.0,Unemployed,4,240,Rural,0
1982,Female,49,132935,120411,448.0,Employed,2,24,Semi-Urban,0
1983,Female,53,30442,235550,737.0,Unemployed,2,360,Urban,0
1984,Male,30,93788,193326,454.0,Employed,4,360,Urban,0
1985,Female,41,139729,236806,389.0,Self-Employed,0,120,Rural,1
1986,Female,48,47586,471837,657.0,Self-Employed,0,120,Semi-Urban,1
1987,Female,31,73053,388585,473.0,Unemployed,0,12,Urban,0
1988,Female,54,70489,96121,516.0,Self-Employed,0,360,Rural,1
1989,Female,28,103104,262490,755.0,Unemployed,2,12,Semi-Urban,0
1990,Female,42,106346,372341,498.0,Unemployed,1,120,Rural,0
1991,Female,28,87087,134577,785.0,Self-Employed,4,12,Rural,1
1992,Female,35,32625,406778,832.0,Unemployed,1,24,Urban,0
1993,Female,37,54397,299106,499.0,Self-Employed,1,36,Urban,0
1994,Female,43,78671,485647,670.0,Employed,3,36,Rural,1
1995,Female,44,136214,412355,747.0,Employed,0,360,Urban,1
1996,Male,39,111785,185909,547.0,Self-Employed,2,60,Urban,0
1997,Male,25,86897,492210,563.0,Self-Employed,0,24,Semi-Urban,1
1998,Female,52,46149,455831,357.0,Self-Employed,0,240,Semi-Urban,0
1999,Female,21,80030,51466,601.0,Self-Employed,1,12,Rural,1
2000,Male,43,89906,342915,330.0,Employed,3,12,Rural,0
2001,Female,57,25283,396030,797.0,Unemployed,0,360,Rural,0
2002,Male,28,27610,378055,548.0,,4,240,Rural,0
2003,Male,33,63326,279638,570.0,Employed,4,60,Semi-Urban,0
2004,Male,28,34924,463962,693.0,Unemployed,0,60,Urban,0
2005,Male,43,133143,138422,801.0,Employed,1,12,Semi-Urban,1
2006,Male,21,130253,385513,891.0,Unemployed,1,12,Rural,1
2007,Female,44,96162,314037,383.0,Self-Employed,2,240,Rural,0
2008,Male,55,120297,342717,664.0,Self-Employed,3,360,Semi-Urban,1
2009,Female,44,20869,146907,848.0,Self-Employed,1,24,Semi-Urban,1
2010,Female,37,117088,484090,641.0,Employed,2,240,Rural,0
2011,Male,25,21014,258434,706.0,Employed,4,60,Urban,0
2012,Male,40,30103,412100,724.0,Unemployed,4,240,Rural,0
2013,Female,41,102522,268532,392.0,Unemployed,4,240,Semi-Urban,0
2014,Male,51,130317,308093,711.0,Unemployed,0,240,Rural,1
2015,Male,56,116007,430724,731.0,Employed,3,24,Rural,1
2016,Female,31,53458,476583,458.0,Unemployed,2,180,Urban,0
2017,Female,35,110605,202271,313.0,Self-Employed,3,12,Rural,0
2018,Male,39,102409,403548,672.0,Unemployed,0,120,Rural,1
2019,Female,27,43248,255400,524.0,Self-Employed,2,360,Rural,0
2020,Male,48,109160,369868,804.0,Employed,2,240,Semi-Urban,1
2021,Male,25,63516,398277,372.0,Self-Employed,1,360,Semi-Urban,1
2022,Male,25,49061,217477,548.0,Self-Employed,3,120,Urban,0
2023,Female,50,44170,279304,810.0,Self-Employed,3,180,Rural,0
2024,Female,52,28024,65989,515.0,Employed,1,12,Semi-Urban,0
2025,Female,28,102214,341075,840.0,Employed,4,60,Urban,1
2026,Female,30,123792,321434,519.0,Employed,0,120,Rural,1
2027,Female,58,105947,481583,520.0,Employed,3,360,Urban,0
2028,Male,52,63803,171136,688.0,Unemployed,1,360,Urban,1
2029,Male,48,39296,392022,853.0,Employed,2,360,Urban,0
2030,Male,37,111829,402621,341.0,Self-Employed,1,60,Urban,1
2031,Male,51,112708,257370,582.0,Employed,4,120,Urban,0
2032,Female,28,106664,176299,357.0,Unemployed,0,360,Urban,0
2033,Male,45,38257,211205,836.0,Unemployed,4,60,Urban,0
2034,Female,29,32855,293688,372.0,Unemployed,2,240,Rural,0
2035,Male,22,105178,155686,428.0,Self-Employed,2,360,Rural,0
2036,Female,35,149876,470268,898.0,Employed,2,120,Urban,1
2037,Female,23,121121,419430,,Employed,2,60,Rural,1
2038,Male,56,143324,352619,424.0,Employed,1,180,Urban,1
2039,Male,24,40025,132666,366.0,Self-Employed,2,24,Rural,0
2040,Male,34,24458,408766,305.0,Self-Employed,2,60,Semi-Urban,0
2041,Male,45,83610,238728,,Unemployed,1,24,Urban,0
2042,Female,30,90843,185705,625.0,Unemployed,2,24,Semi-Urban,0
2043,Male,41,127237,460520,864.0,Employed,4,12,Urban,1
2044,Male,56,103961,157573,877.0,Self-Employed,4,240,Urban,1
2045,Female,32,69831,278892,805.0,Self-Employed,3,180,Semi-Urban,1
2046,Male,47,63427,358690,381.0,Employed,4,24,Semi-Urban,0
2047,Male,22,113809,319152,898.0,Employed,0,36,Semi-Urban,1
2048,Male,33,58506,360435,301.0,Unemployed,0,240,Urban,0
2049,Male,52,25668,208477,503.0,Unemployed,0,24,Semi-Urban,0
2050,Male,51,111470,298141,703.0,Unemployed,1,60,Semi-Urban,1
2051,Female,36,67195,348530,402.0,Employed,4,24,Rural,0
2052,Male,52,93233,140909,835.0,Employed,0,60,Rural,1
2053,Male,52,44417,201899,667.0,Unemployed,3,360,Semi-Urban,0
2054,Male,54,101982,345184,511.0,Unemployed,1,60,Semi-Urban,0
2055,Male,31,126133,110354,876.0,Self-Employed,3,36,Semi-Urban,1
2056,Male,30,30751,390687,508.0,Self-Employed,4,24,Semi-Urban,0
2057,Female,35,66218,68157,416.0,Unemployed,2,24,Rural,0
2058,Male,37,146649,85315,777.0,Unemployed,3,120,Urban,0
2059,Female,38,27352,348076,404.0,Self-Employed,2,240,Semi-Urban,0
2060,Female,29,99052,464380,794.0,Unemployed,1,120,Semi-Urban,1
2061,Male,45,108835,195486,345.0,Self-Employed,3,12,Rural,0
2062,Male,34,117493,308669,630.0,Self-Employed,3,60,Semi-Urban,0
2063,Male,45,48927,457543,515.0,Self-Employed,1,36,Semi-Urban,0
2064,Male,42,61094,426024,791.0,Employed,1,120,Rural,1
2065,Female,50,121948,182018,748.0,Employed,0,24,Semi-Urban,1
2066,Male,40,74122,326837,835.0,Unemployed,4,12,Semi-Urban,0
2067,Male,41,49493,339385,810.0,Self-Employed,3,36,Rural,0
2068,Male,52,112247,427338,757.0,Employed,3,180,Urban,1
2069,Male,41,93539,145790,846.0,Unemployed,1,24,Semi-Urban,1
2070,Male,55,51707,458756,835.0,Unemployed,1,24,Semi-Urban,0
2071,Male,52,88814,122255,839.0,Unemployed,4,360,Urban,0
2072,Female,50,27296,245829,783.0,Unemployed,1,180,Rural,0
2073,Female,59,45398,222275,315.0,Unemployed,2,60,Urban,0
2074,Male,32,55842,468297,870.0,Self-Employed,2,60,Semi-Urban,0
2075,Male,38,33261,242933,542.0,Unemployed,2,120,Urban,0
2076,Male,41,96709,311439,506.0,Self-Employed,2,120,Rural,0
2077,Female,33,115985,61350,570.0,Employed,4,24,Semi-Urban,0
2078,Male,41,126616,236584,414.0,Unemployed,3,240,Rural,0
2079,Female,28,76704,368953,879.0,Employed,2,24,Rural,1
2080,Male,27,87173,151894,598.0,Self-Employed,1,120,Urban,1
2081,Male,43,51781,409701,782.0,Self-Employed,2,180,Urban,0
2082,Male,52,33652,486048,696.0,Employed,4,120,Rural,0
2083,Male,31,25103,471585,693.0,Unemployed,1,24,Rural,0
2084,Female,42,45500,81728,374.0,Unemployed,2,36,Semi-Urban,0
2085,Female,42,135332,329720,781.0,Employed,3,24,Rural,1
2086,Male,45,120336,472217,402.0,Employed,1,36,Rural,1
2087,Male,42,55529,133384,596.0,Employed,1,36,Urban,0
2088,Female,48,133499,50390,477.0,Unemployed,3,24,Rural,0
2089,Female,49,38452,357580,514.0,Unemployed,1,240,Rural,0
2090,Female,33,69393,61569,614.0,Unemployed,2,240,Urban,0
2091,Female,38,51174,456245,338.0,Employed,1,12,Semi-Urban,0
2092,Male,22,84450,72490,558.0,Unemployed,2,120,Urban,0
2093,Female,49,55436,358019,306.0,Self-Employed,3,240,Urban,0
2094,Male,41,67406,318011,348.0,Employed,0,60,Rural,1
2095,Female,35,83059,130820,837.0,Unemployed,3,24,Rural,0
2096,Female,47,35954,411659,460.0,Employed,2,36,Semi-Urban,0
2097,Female,51,102722,321265,475.0,Self-Employed,4,24,Rural,0
2098,Female,35,139747,51539,890.0,Self-Employed,3,120,Semi-Urban,1
2099,Female,43,32356,460243,301.0,Employed,4,180,Semi-Urban,0
2100,Male,44,148128,439546,754.0,Employed,4,240,Semi-Urban,1
2101,Male,33,118499,386373,,Self-Employed,2,240,Semi-Urban,0
2102,Female,42,22187,452137,797.0,Employed,2,240,Rural,0
2103,Female,57,97243,362579,327.0,Self-Employed,0,36,Urban,1
2104,Male,53,55098,453526,632.0,Self-Employed,1,60,Urban,0
2105,Female,23,112471,113965,300.0,Unemployed,3,360,Rural,0
2106,Female,39,41225,423192,487.0,Employed,2,60,Rural,0
2107,Male,43,23606,408588,355.0,Employed,3,240,Semi-Urban,0
2108,Female,49,148664,382066,846.0,Unemployed,4,60,Rural,0
2109,Female,50,77620,147799,411.0,Self-Employed,1,180,Urban,1
2110,Male,59,52828,143948,609.0,Employed,0,240,Rural,0
2111,Male,45,146270,193314,335.0,Unemployed,3,12,Rural,0
2112,Male,57,46489,298099,738.0,,1,36,Semi-Urban,0
2113,Female,28,34387,321091,891.0,Employed,0,180,Semi-Urban,1
2114,Male,36,89463,293322,894.0,Unemployed,3,360,Semi-Urban,0
2115,Male,28,91832,252538,876.0,Self-Employed,1,36,Semi-Urban,1
2116,Male,21,115980,284778,624.0,Unemployed,2,360,Urban,0
2117,Male,25,131926,305821,606.0,Self-Employed,3,240,Rural,0
2118,Male,23,132429,242888,,Self-Employed,1,180,Rural,1
2119,Male,21,22591,360929,408.0,Employed,0,240,Semi-Urban,0
2120,Female,24,143446,432107,671.0,Unemployed,1,360,Urban,1
2121,Female,55,130431,312651,656.0,Self-Employed,2,360,Urban,1
2122,Male,52,68516,208223,480.0,Self-Employed,3,180,Rural,0
2123,Male,54,111683,61618,655.0,Unemployed,3,240,Semi-Urban,0
2124,Male,45,82061,386430,367.0,Self-Employed,3,12,Rural,0
2125,Female,30,124425,328266,591.0,Unemployed,2,36,Rural,0
2126,Female,41,86736,188426,480.0,Employed,0,180,Urban,1
2127,Female,59,101257,421742,765.0,Self-Employed,3,12,Urban,1
2128,Female,47,81753,474195,733.0,,0,24,Rural,1
2129,Female,47,104774,136436,763.0,Unemployed,1,240,Semi-Urban,1
2130,Female,22,31087,260448,833.0,Unemployed,0,120,Semi-Urban,0
2131,Female,33,50816,495990,365.0,Unemployed,0,180,Rural,0
2132,Female,29,43408,186109,320.0,,3,60,Rural,0
2133,Female,56,144116,78633,683.0,Self-Employed,4,12,Semi-Urban,1
2134,Male,42,125276,336639,858.0,Employed,4,12,Semi-Urban,1
2135,Male,46,20136,376694,338.0,Employed,2,180,Semi-Urban,0
2136,Male,32,37413,262456,584.0,Employed,2,360,Rural,0
2137,Male,37,133650,348627,896.0,Employed,4,12,Urban,1
2138,Female,34,79500,425325,635.0,Unemployed,1,24,Semi-Urban,0
2139,Female,34,104514,346213,487.0,Self-Employed,3,12,Semi-Urban,0
2140,Male,54,76358,188442,542.0,Self-Employed,3,120,Semi-Urban,0
2141,Female,40,86197,169873,372.0,Self-Employed,1,120,Rural,1
2142,Male,31,120776,428987,778.0,Unemployed,1,360,Urban,1
2143,Female,36,112789,121947,860.0,Self-Employed,4,240,Urban,1
2144,Male,51,112420,220205,400.0,Unemployed,2,240,Semi-Urban,0
2145,Female,26,52854,277107,813.0,Self-Employed,1,360,Rural,1
2146,Female,39,96240,145761,475.0,Employed,2,60,Urban,0
2147,Male,57,124523,425897,537.0,Unemployed,0,24,Rural,0
2148,Female,24,149494,443908,358.0,Self-Employed,3,120,Urban,0
2149,Male,24,110063,78926,398.0,Employed,4,360,Semi-Urban,0
2150,Male,40,36322,411926,794.0,Employed,3,180,Rural,0
2151,Male,30,133053,154700,813.0,Employed,4,36,Semi-Urban,1
2152,Male,44,26968,386128,596.0,Unemployed,0,36,Urban,0
2153,Female,55,47518,486606,510.0,Unemployed,3,36,Urban,0
2154,Female,46,71925,99593,422.0,Self-Employed,0,240,Semi-Urban,1
2155,Female,57,79848,387753,528.0,Employed,4,180,Urban,0
2156,Male,58,131900,55209,893.0,Self-Employed,1,12,Semi-Urban,1
2157,Female,41,113422,176700,687.0,Self-Employed,3,180,Semi-Urban,1
2158,Male,59,21700,449749,439.0,Employed,0,12,Semi-Urban,0
2159,Female,41,113782,136597,840.0,Self-Employed,3,36,Urban,1
2160,Female,30,121004,319355,690.0,Unemployed,3,60,Rural,0
2161,Female,58,43199,59927,569.0,Self-Employed,3,60,Semi-Urban,0
2162,Male,24,64589,258535,311.0,Employed,2,360,Rural,0
2163,Female,40,52115,167333,688.0,Unemployed,0,12,Urban,0
2164,Female,37,81934,205666,636.0,Unemployed,0,36,Urban,0
2165,Male,27,136335,255924,805.0,Self-Employed,3,180,Rural,1
2166,Female,24,140726,258785,405.0,Self-Employed,1,60,Semi-Urban,1
2167,Male,49,74316,388526,331.0,Unemployed,3,12,Urban,0
2168,Female,34,25520,189005,373.0,Self-Employed,2,360,Semi-Urban,0
2169,Male,23,129814,153780,470.0,Employed,4,180,Semi-Urban,0
2170,Male,44,56455,90696,368.0,Self-Employed,2,36,Rural,0
2171,Female,57,135284,246521,661.0,Self-Employed,1,24,Urban,1
2172,Male,36,106465,379760,732.0,Unemployed,3,36,Rural,0
2173,Male,24,143364,449305,399.0,Self-Employed,0,240,Urban,1
2174,Male,44,61605,499764,308.0,,3,36,Rural,0
2175,Male,54,34955,207195,873.0,Self-Employed,1,360,Urban,1
2176,Male,50,64049,451013,328.0,Employed,0,180,Urban,1
2177,Male,38,33917,100013,413.0,Self-Employed,2,360,Urban,0
2178,Female,39,90293,451562,761.0,Employed,4,180,Semi-Urban,1
2179,Male,51,98581,266486,442.0,Employed,4,120,Semi-Urban,0
2180,Male,39,139072,476888,689.0,Employed,3,120,Rural,1
2181,Female,39,84925,460869,456.0,Employed,2,180,Rural,0
2182,Female,42,127216,361700,634.0,Unemployed,1,180,Urban,0
2183,Female,44,90269,435867,559.0,Employed,4,24,Urban,0
2184,Female,32,50954,289350,381.0,Self-Employed,2,24,Semi-Urban,0
2185,Female,50,116671,76140,740.0,Employed,3,36,Semi-Urban,1
2186,Female,58,92617,313328,471.0,Self-Employed,0,360,Semi-Urban,1
2187,Female,51,61458,477709,530.0,Employed,3,240,Rural,0
2188,Male,56,109037,487364,374.0,Unemployed,3,360,Semi-Urban,0
2189,Male,39,41113,205918,569.0,Employed,2,60,Rural,0
2190,Female,56,119977,161361,361.0,Employed,4,360,Semi-Urban,0
2191,Male,50,132622,203267,619.0,Unemployed,2,240,Semi-Urban,0
2192,Male,53,145947,317750,401.0,Employed,0,24,Urban,1
2193,Male,38,110226,447172,728.0,Self-Employed,2,36,Rural,1
2194,Female,48,63939,66555,554.0,Employed,1,240,Semi-Urban,1
2195,Female,31,49345,140385,831.0,Employed,3,360,Urban,0
2196,Male,53,144616,461906,869.0,Employed,4,12,Rural,1
2197,Female,37,66313,370646,411.0,Unemployed,0,120,Rural,0
2198,Male,26,130107,305658,612.0,Employed,3,240,Semi-Urban,0
2199,Male,24,141866,492065,760.0,Employed,2,60,Rural,1
2200,Male,40,112365,207419,761.0,Self-Employed,1,36,Urban,1
2201,Male,47,120598,279797,391.0,Employed,2,240,Urban,0
2202,Female,35,89166,153844,351.0,Employed,3,180,Rural,0
2203,Female,26,67861,141321,,Employed,0,360,Urban,1
2204,Female,34,117406,361200,397.0,Employed,4,12,Rural,0
2205,Male,31,69298,244923,535.0,Self-Employed,3,120,Urban,0
2206,Female,59,67221,148234,673.0,Self-Employed,0,12,Rural,1
2207,Male,29,64942,277705,880.0,Unemployed,3,36,Rural,0
2208,Female,46,23453,251283,856.0,Employed,1,360,Rural,1
2209,Male,36,122811,353994,533.0,Unemployed,2,24,Urban,0
2210,Male,25,74935,339987,331.0,Unemployed,4,120,Rural,0
2211,Male,30,142439,374464,588.0,Employed,0,360,Rural,1
2212,Female,23,63370,79793,878.0,,4,12,Semi-Urban,1
2213,Female,33,123932,482732,841.0,Self-Employed,4,24,Semi-Urban,1
2214,Female,50,28328,198929,413.0,Employed,4,60,Rural,0
2215,Female,26,35534,69627,503.0,Employed,0,36,Semi-Urban,0
2216,Male,37,105280,373966,328.0,Self-Employed,0,36,Rural,1
2217,Female,39,104925,272633,773.0,Employed,4,120,Semi-Urban,1
2218,Female,55,56320,495464,552.0,Employed,2,12,Urban,0
2219,Male,46,69170,367942,685.0,Employed,3,60,Urban,1
2220,Male,25,120546,274440,361.0,Self-Employed,4,180,Rural,0
2221,Male,49,100201,225188,814.0,Unemployed,1,120,Rural,1
2222,Female,57,148935,387462,729.0,Unemployed,4,360,Urban,0
2223,Male,40,141006,416330,879.0,Employed,0,180,Urban,1
2224,Male,41,123401,308191,836.0,Self-Employed,3,120,Semi-Urban,1
2225,Male,30,28640,400046,440.0,Employed,1,12,Rural,0
2226,Female,25,120252,471773,599.0,Self-Employed,3,60,Urban,0
2227,Male,56,111057,383478,610.0,Employed,3,12,Urban,0
2228,Female,26,50049,418863,770.0,Self-Employed,1,36,Rural,1
2229,Female,46,25618,173099,692.0,Self-Employed,4,180,Semi-Urban,0
2230,Male,24,122540,259074,744.0,Unemployed,4,24,Semi-Urban,0
2231,Male,59,76053,223686,471.0,Employed,4,240,Semi-Urban,0
2232,Female,59,21920,324864,875.0,Unemployed,2,360,Semi-Urban,0
2233,Male,55,63937,369752,330.0,Unemployed,4,36,Urban,0
2234,Male,21,89724,157449,346.0,Self-Employed,1,36,Rural,1
2235,Female,44,32207,152828,429.0,,2,180,Rural,0
2236,Female,56,85774,176613,651.0,Self-Employed,4,360,Urban,1
2237,Male,26,52972,122095,880.0,Self-Employed,2,120,Urban,0
2238,Female,51,30799,155924,357.0,Self-Employed,1,36,Urban,0
2239,Male,40,91088,146452,405.0,Employed,4,240,Rural,0
2240,Male,44,48916,137593,629.0,Employed,0,60,Rural,0
2241,Male,45,90463,216964,682.0,Self-Employed,1,36,Rural,1
2242,Female,56,113500,419119,461.0,Employed,3,60,Semi-Urban,0
2243,Male,41,96700,389386,585.0,Self-Employed,3,12,Urban,0
2244,Male,50,57158,428185,370.0,Employed,1,360,Urban,0
2245,Male,44,104607,176202,753.0,Employed,3,120,Urban,1
2246,Female,50,139639,127606,866.0,Unemployed,1,60,Rural,1
2247,Female,42,133945,173769,696.0,Self-Employed,0,36,Urban,1
2248,Female,48,91696,168542,814.0,Unemployed,1,120,Urban,1
2249,Female,27,81510,418582,325.0,Unemployed,4,240,Semi-Urban,0
2250,Female,55,140076,313068,612.0,Self-Employed,4,120,Rural,0
2251,Male,48,78692,101322,425.0,Self-Employed,2,60,Urban,0
2252,Female,34,81744,207550,707.0,Employed,3,360,Rural,1
2253,Female,30,35810,121042,864.0,Self-Employed,3,60,Rural,0
2254,Female,36,25126,96418,497.0,Unemployed,1,24,Rural,0
2255,Male,36,50009,150699,487.0,Unemployed,3,24,Semi-Urban,0
2256,Female,51,119120,140140,783.0,Self-Employed,4,120,Rural,1
2257,Female,45,131718,61781,749.0,Unemployed,0,180,Rural,1
2258,Male,33,110932,448731,822.0,Employed,1,360,Rural,1
2259,Female,26,20192,429502,653.0,Unemployed,3,180,Urban,0
2260,Male,29,136464,348277,896.0,Employed,4,24,Semi-Urban,1
2261,Male,56,56413,147628,399.0,Unemployed,2,36,Urban,0
2262,Male,40,32816,126946,857.0,Employed,3,12,Semi-Urban,0
2263,Male,38,59082,135058,855.0,Employed,0,120,Semi-Urban,1
2264,Male,41,85048,452311,577.0,,0,12,Rural,1
2265,Female,24,143130,201542,790.0,Employed,3,24,Rural,1
2266,Male,53,70940,355273,554.0,Self-Employed,3,60,Urban,0
2267,Male,47,52130,320675,,Unemployed,4,240,Semi-Urban,0
2268,Female,27,60142,349182,841.0,Unemployed,3,120,Rural,0
2269,Male,26,149564,400083,563.0,Unemployed,2,24,Rural,0
2270,Female,35,56468,92674,628.0,Employed,4,360,Rural,0
2271,Female,38,50698,177572,414.0,Unemployed,1,36,Rural,0
2272,Female,52,30655,275730,575.0,Unemployed,2,240,Urban,0
2273,Male,31,67897,341975,787.0,Self-Employed,4,120,Urban,1
2274,Male,40,50075,107174,580.0,Self-Employed,4,120,Rural,0
2275,Male,44,29359,323423,574.0,Unemployed,0,360,Rural,0
2276,Female,35,149048,481436,,Unemployed,4,180,Rural,0
2277,Male,27,122197,372754,510.0,Employed,2,60,Rural,0
2278,Male,41,125115,495935,851.0,Employed,3,120,Rural,1
2279,Male,46,62056,306008,325.0,Unemployed,2,60,Semi-Urban,0
2280,Female,34,71831,103051,326.0,Self-Employed,1,24,Semi-Urban,1
2281,Female,57,79191,253085,382.0,Unemployed,4,36,Semi-Urban,0
2282,Male,41,138592,368796,712.0,Employed,4,240,Semi-Urban,1
2283,Male,38,141948,115524,466.0,Self-Employed,4,240,Rural,0
2284,Male,25,53272,318614,468.0,Self-Employed,4,36,Semi-Urban,0
2285,Male,23,128117,485014,528.0,Employed,0,120,Semi-Urban,1
2286,Female,43,34671,365617,666.0,Unemployed,0,120,Urban,0
2287,Female,46,47048,463096,827.0,Unemployed,3,24,Semi-Urban,0
2288,Female,57,96274,281189,837.0,Unemployed,4,180,Semi-Urban,0
2289,Female,44,45963,94439,823.0,Employed,1,180,Rural,1
2290,Male,39,63954,326452,371.0,Self-Employed,3,180,Semi-Urban,0
2291,Male,45,92309,141563,405.0,Employed,4,60,Semi-Urban,0
2292,Male,41,122120,277328,581.0,Unemployed,0,180,Rural,0
2293,Female,32,115430,347225,432.0,Employed,1,36,Semi-Urban,1
2294,Male,53,20717,256314,833.0,,3,240,Rural,0
2295,Female,24,31676,493599,568.0,,1,240,Semi-Urban,0
2296,Female,27,24434,59837,,Unemployed,4,60,Urban,0
2297,Male,42,69810,285207,317.0,Self-Employed,2,24,Urban,0
2298,Male,53,123361,495367,416.0,Employed,1,36,Semi-Urban,1
2299,Male,37,138696,168128,443.0,Employed,1,240,Urban,1
2300,Female,44,114636,217896,850.0,Self-Employed,0,36,Rural,1
2301,Male,54,24994,214145,721.0,Self-Employed,4,240,Semi-Urban,0
2302,Female,48,24234,424795,668.0,Unemployed,1,12,Rural,0
2303,Male,59,89300,147624,857.0,Self-Employed,4,24,Urban,1
2304,Female,42,63949,469515,349.0,Unemployed,0,24,Rural,0
2305,Female,37,57405,239933,405.0,Employed,4,360,Urban,0
2306,Male,54,54872,80063,515.0,Unemployed,0,12,Urban,0
2307,Female,26,62215,119453,724.0,Employed,0,60,Urban,1
2308,Female,26,43185,304371,371.0,Self-Employed,3,240,Rural,0
2309,Male,54,63442,152166,745.0,Employed,4,360,Urban,1
2310,Female,21,143263,64506,485.0,Self-Employed,2,240,Semi-Urban,0
2311,Male,30,71759,275413,369.0,Employed,3,240,Urban,0
2312,Female,41,61153,163604,449.0,Employed,0,180,Semi-Urban,1
2313,Male,25,97535,76026,545.0,Employed,2,180,Semi-Urban,0
2314,Male,22,122023,470888,837.0,Employed,1,180,Semi-Urban,1
2315,Female,42,22581,481633,398.0,Unemployed,1,180,Semi-Urban,0
2316,Female,22,71717,364557,577.0,Employed,3,180,Rural,0
2317,Female,30,22763,305116,862.0,Unemployed,2,12,Semi-Urban,0
2318,Female,54,112910,377210,754.0,Self-Employed,4,24,Urban,1
2319,Female,36,75480,240285,403.0,Self-Employed,2,60,Semi-Urban,0
2320,Male,59,58759,100971,532.0,Unemployed,3,36,Urban,0
2321,Female,42,96067,470497,693.0,Self-Employed,4,180,Rural,1
2322,Male,32,138094,163978,800.0,Self-Employed,4,12,Semi-Urban,1
2323,Male,44,45307,209163,550.0,Employed,1,360,Urban,0
2324,Female,58,116371,362638,820.0,Employed,2,360,Rural,1
2325,Male,30,31064,153864,378.0,Employed,4,240,Rural,0
2326,Male,55,96848,461826,351.0,Unemployed,3,60,Urban,0
2327,Male,52,57548,444295,525.0,Unemployed,1,360,Semi-Urban,0
2328,Male,27,56945,145386,350.0,Self-Employed,4,60,Rural,0
2329,Female,41,67937,489967,485.0,Employed,2,60,Urban,0
2330,Male,40,26476,136126,333.0,Unemployed,1,12,Semi-Urban,0
2331,Female,46,71756,498648,430.0,Unemployed,2,36,Rural,0
2332,Female,24,110101,212023,742.0,Employed,2,180,Urban,1
2333,Male,42,22382,130863,731.0,Unemployed,2,60,Rural,0
2334,Female,35,69683,390435,796.0,Employed,1,12,Rural,1
2335,Female,41,107999,175659,702.0,Self-Employed,4,240,Urban,1
2336,Female,35,65276,240944,622.0,Self-Employed,0,24,Rural,1
2337,Male,42,53402,57235,509.0,Self-Employed,4,240,Urban,0
2338,Female,48,111881,394877,628.0,Employed,1,12,Semi-Urban,1
2339,Female,34,130300,112712,671.0,Unemployed,0,12,Urban,1
2340,Female,47,46946,202545,759.0,Self-Employed,0,12,Semi-Urban,1
2341,Male,48,99698,248639,432.0,Self-Employed,0,60,Rural,1
2342,Female,46,134690,287890,420.0,Self-Employed,3,12,Urban,0
2343,Male,22,132309,175849,751.0,Unemployed,1,24,Urban,1
2344,Male,45,93933,305493,428.0,Unemployed,3,60,Urban,0
2345,Male,23,42335,129823,390.0,Employed,0,240,Urban,0
2346,Male,28,65095,154215,874.0,Self-Employed,3,24,Semi-Urban,1
2347,Male,53,99930,291071,328.0,Unemployed,3,360,Semi-Urban,0
2348,Male,55,149974,82230,823.0,Employed,1,120,Rural,1
2349,Female,26,47197,396717,632.0,Self-Employed,2,240,Rural,0
2350,Male,59,147619,273660,596.0,Unemployed,3,12,Rural,0
2351,Female,43,42010,352788,429.0,Unemployed,3,180,Rural,0
2352,Female,45,44123,229736,592.0,Employed,0,180,Urban,0
2353,Male,39,107923,357347,472.0,Self-Employed,0,60,Semi-Urban,1
2354,Female,25,22890,378821,323.0,Self-Employed,0,180,Semi-Urban,0
2355,Female,31,113305,468641,398.0,Unemployed,4,240,Semi-Urban,0
2356,Female,32,129162,173246,705.0,Self-Employed,3,60,Semi-Urban,1
2357,Female,30,140927,134817,655.0,,0,240,Rural,1
2358,Male,28,28026,288657,438.0,Unemployed,1,12,Urban,0
2359,Female,44,84925,267033,802.0,Unemployed,4,36,Semi-Urban,0
2360,Male,48,88842,281414,473.0,Employed,2,36,Urban,0
2361,Female,56,53665,306812,328.0,Unemployed,3,24,Urban,0
2362,Female,57,29277,381950,795.0,Self-Employed,3,12,Urban,0
2363,Male,41,62239,354958,650.0,Self-Employed,1,180,Urban,1
2364,Female,28,67664,120219,853.0,Unemployed,2,12,Semi-Urban,0
2365,Female,29,68008,492862,598.0,Employed,2,120,Semi-Urban,0
2366,Female,35,34683,220956,491.0,Employed,4,36,Semi-Urban,0
2367,Male,38,20670,407489,363.0,Self-Employed,3,180,Rural,0
2368,Female,40,109211,307134,514.0,Employed,0,240,Semi-Urban,1
2369,Male,26,37889,412232,465.0,Unemployed,1,240,Rural,0
2370,Female,32,75612,381466,842.0,Unemployed,1,36,Rural,1
2371,Male,22,64535,71650,531.0,Self-Employed,1,12,Rural,1
2372,Male,27,98542,406386,840.0,Self-Employed,1,180,Semi-Urban,1
2373,Female,36,74319,452406,494.0,Self-Employed,0,24,Semi-Urban,1
2374,Female,23,134072,350340,805.0,Employed,0,240,Semi-Urban,1
2375,Male,23,112067,220521,633.0,Unemployed,4,12,Rural,0
2376,Male,47,41639,220733,603.0,Unemployed,3,24,Rural,0
2377,Female,58,84712,341853,736.0,Unemployed,0,360,Urban,1
2378,Male,53,36633,292037,622.0,Self-Employed,4,180,Rural,0
2379,Female,48,141145,130428,801.0,Unemployed,2,36,Rural,0
2380,Female,21,54660,256251,692.0,Employed,3,360,Semi-Urban,0
2381,Female,28,88975,59943,898.0,Employed,0,120,Urban,1
2382,Female,57,52172,224312,448.0,Unemployed,2,360,Urban,0
2383,Male,52,79197,488976,704.0,Self-Employed,4,60,Urban,1
2384,Female,57,121158,71042,582.0,Unemployed,0,36,Semi-Urban,0
2385,Male,24,78847,302842,661.0,Employed,0,24,Urban,1
2386,Female,50,31577,356038,678.0,Employed,2,12,Urban,0
2387,Male,26,97299,450085,497.0,Employed,0,360,Semi-Urban,1
2388,Female,39,40176,368903,855.0,Unemployed,1,240,Urban,0
2389,Male,52,64386,418117,655.0,Employed,0,180,Rural,1
2390,Male,29,83972,356450,839.0,Self-Employed,3,360,Rural,1
2391,Female,32,140018,420513,728.0,Unemployed,2,36,Rural,0
2392,Female,31,109791,236443,316.0,Unemployed,3,240,Rural,0
2393,Female,36,61003,201990,678.0,Employed,4,240,Rural,1
2394,Female,21,39996,340523,805.0,Employed,3,120,Rural,0
2395,Male,41,120922,432811,375.0,Self-Employed,1,180,Rural,1
2396,Female,50,106598,264304,530.0,Unemployed,1,360,Rural,0
2397,Male,33,55931,446178,547.0,Employed,3,24,Rural,0
2398,Male,54,144168,194923,601.0,Self-Employed,4,180,Semi-Urban,0
2399,Female,24,55710,429770,514.0,Employed,0,360,Semi-Urban,0
2400,Male,48,143099,488963,457.0,Unemployed,1,180,Rural,0
2401,Male,58,54693,437324,368.0,Employed,3,12,Semi-Urban,0
2402,Male,51,55740,364493,692.0,Unemployed,3,60,Semi-Urban,0
2403,Male,47,97241,251904,384.0,Employed,3,360,Rural,0
2404,Female,25,128944,237428,566.0,Unemployed,0,240,Rural,0
2405,Female,45,113583,195817,368.0,Self-Employed,2,24,Semi-Urban,0
2406,Female,23,96502,55730,646.0,Unemployed,4,360,Rural,0
2407,Female,53,37374,457137,722.0,Self-Employed,2,360,Rural,0
2408,Male,24,96674,279502,473.0,Unemployed,4,12,Rural,0
2409,Male,45,136500,252210,414.0,Self-Employed,4,240,Rural,0
2410,Female,40,101471,264183,519.0,Employed,3,60,Semi-Urban,0
2411,Female,54,65913,69023,330.0,Unemployed,1,12,Urban,0
2412,Female,46,143683,488565,822.0,Employed,3,60,Semi-Urban,1
2413,Male,25,86025,176796,642.0,Self-Employed,0,60,Urban,1
2414,Female,55,64516,393677,676.0,Unemployed,4,60,Urban,0
2415,Female,48,107796,395430,429.0,Unemployed,1,12,Urban,0
2416,Female,49,46069,354123,838.0,Employed,4,180,Semi-Urban,0
2417,Male,29,138333,334981,301.0,Unemployed,4,360,Semi-Urban,0
2418,Male,58,76233,458213,400.0,Unemployed,3,60,Semi-Urban,0
2419,Male,26,104811,417119,832.0,Employed,1,180,Semi-Urban,1
2420,Male,39,79049,226111,357.0,Unemployed,1,360,Semi-Urban,0
2421,Male,31,121820,70923,688.0,Employed,4,240,Urban,1
2422,Male,22,138028,321020,640.0,Employed,1,360,Semi-Urban,1
2423,Male,29,59178,373117,,Employed,1,240,Urban,0
2424,Male,41,52821,446103,554.0,Employed,3,24,Semi-Urban,0
2425,Female,44,71727,244795,616.0,Employed,2,120,Semi-Urban,0
2426,Female,54,80935,354566,337.0,Self-Employed,0,180,Rural,1
2427,Male,42,36999,283462,836.0,Self-Employed,2,360,Urban,0
2428,Male,23,82522,101413,685.0,Employed,1,240,Semi-Urban,1
2429,Female,32,58712,414628,325.0,Self-Employed,4,120,Semi-Urban,0
2430,Male,48,84551,446057,753.0,Self-Employed,0,60,Semi-Urban,1
2431,Male,50,60172,305719,622.0,Unemployed,0,120,Rural,0
2432,Male,46,53722,78756,812.0,Employed,4,120,Urban,0
2433,Female,41,30625,383720,312.0,Self-Employed,0,60,Semi-Urban,0
2434,Female,48,87165,168248,859.0,Unemployed,4,180,Semi-Urban,0
2435,Female,46,96509,322448,670.0,Unemployed,0,360,Semi-Urban,1
2436,Female,53,26859,80341,,Employed,2,60,Rural,0
2437,Female,41,61609,447974,631.0,Employed,0,24,Semi-Urban,1
2438,Male,55,63307,460226,560.0,Unemployed,3,36,Urban,0
2439,Female,54,130986,177039,504.0,Employed,4,360,Urban,0
2440,Male,38,121582,241830,686.0,Employed,0,12,Urban,1
2441,Male,31,41839,212730,767.0,Unemployed,4,60,Urban,0
2442,Female,43,47216,230074,714.0,Unemployed,3,60,Semi-Urban,0
2443,Female,42,72953,284390,368.0,Employed,0,120,Rural,1
2444,Male,37,104481,182447,771.0,Self-Employed,0,24,Rural,1
2445,Male,25,80593,149485,403.0,Employed,3,240,Rural,0
2446,Male,31,92075,334236,460.0,Self-Employed,3,240,Semi-Urban,0
2447,Female,50,69522,181562,499.0,Unemployed,3,120,Rural,0
2448,Female,35,119161,53729,515.0,Self-Employed,4,180,Urban,0
2449,Female,47,24886,187046,511.0,Unemployed,3,360,Semi-Urban,0
2450,Female,55,131249,168222,807.0,Employed,4,60,Rural,1
2451,Female,53,27485,397360,315.0,Employed,2,360,Urban,0
2452,Male,40,51455,133860,797.0,Unemployed,0,360,Urban,0
2453,Female,36,131984,308360,631.0,Unemployed,0,60,Semi-Urban,0
2454,Male,54,36767,409014,850.0,Unemployed,1,120,Semi-Urban,0
2455,Male,22,132701,71398,555.0,Employed,2,360,Rural,0
2456,Male,55,48453,346794,471.0,Employed,3,60,Rural,0
2457,Female,48,96280,464508,797.0,Self-Employed,3,180,Rural,1
2458,Female,59,122638,153889,770.0,Unemployed,2,360,Semi-Urban,0
2459,Female,26,73442,315303,683.0,Self-Employed,3,36,Rural,1
2460,Male,29,71877,410306,888.0,Employed,1,12,Rural,1
2461,Male,40,32226,275959,806.0,Self-Employed,4,12,Urban,0
2462,Male,21,113405,152834,826.0,Self-Employed,0,12,Urban,1
2463,Male,28,42588,460281,624.0,Employed,2,36,Urban,0
2464,Male,43,98976,71638,513.0,Employed,0,60,Rural,1
2465,Male,23,51709,313217,507.0,Unemployed,4,120,Semi-Urban,0
2466,Female,24,67788,489727,468.0,Self-Employed,2,240,Urban,0
2467,Female,45,108031,265379,629.0,Employed,4,24,Semi-Urban,0
2468,Female,58,57019,282069,579.0,Employed,3,60,Rural,0
2469,Female,35,64948,79320,604.0,Self-Employed,3,36,Rural,0
2470,Male,41,85133,84924,445.0,Employed,3,360,Urban,0
2471,Male,55,134444,262792,815.0,Unemployed,4,180,Semi-Urban,0
2472,Female,34,86458,483950,389.0,Unemployed,4,36,Urban,0
2473,Male,56,137603,380260,752.0,Self-Employed,4,360,Rural,1
2474,Female,32,47526,221097,359.0,Unemployed,0,240,Semi-Urban,0
2475,Female,37,93493,52159,610.0,Employed,4,12,Urban,0
2476,Female,59,148585,98940,827.0,Employed,3,60,Rural,1
2477,Male,29,72198,129436,526.0,Employed,1,240,Urban,1
2478,Female,55,134100,64678,773.0,Employed,4,12,Semi-Urban,1
2479,Female,33,143854,242147,840.0,Self-Employed,1,24,Semi-Urban,1
2480,Female,35,119534,490420,378.0,Unemployed,3,360,Semi-Urban,0
2481,Male,38,63395,455237,732.0,Unemployed,4,360,Semi-Urban,0
2482,Male,53,44031,187844,452.0,Employed,0,180,Semi-Urban,0
2483,Female,26,95542,117163,700.0,Self-Employed,0,12,Urban,1
2484,Male,47,145814,291040,578.0,Employed,1,24,Urban,1
2485,Male,43,57701,254827,356.0,Employed,0,360,Urban,0
2486,Male,47,132599,204536,485.0,Self-Employed,0,36,Urban,1
2487,Male,54,45939,101137,697.0,Self-Employed,0,12,Rural,1
2488,Male,58,69145,473448,457.0,Employed,3,12,Rural,0
2489,Male,34,40324,373641,658.0,Unemployed,0,120,Urban,0
2490,Male,56,42867,150485,739.0,Employed,2,180,Rural,0
2491,Male,28,20203,290970,888.0,Unemployed,4,180,Rural,0
2492,Male,55,36544,494664,765.0,Unemployed,0,240,Semi-Urban,0
2493,Male,39,35899,155468,745.0,Self-Employed,0,36,Urban,1
2494,Female,50,49063,50901,787.0,Self-Employed,0,120,Rural,1
2495,Female,34,110880,137980,829.0,Employed,2,240,Rural,1
2496,Male,40,23748,419738,372.0,Unemployed,0,24,Urban,0
2497,Female,45,125022,315025,316.0,Unemployed,0,240,Semi-Urban,0
2498,Female,44,137269,342007,830.0,Employed,4,24,Urban,1
2499,Male,34,86629,292434,625.0,Employed,2,36,Semi-Urban,0
2500,Male,46,100764,448838,845.0,Employed,2,360,Rural,1
2501,Male,58,40884,444594,895.0,Self-Employed,0,180,Semi-Urban,1
2502,Female,43,45183,252258,501.0,Employed,2,360,Semi-Urban,0
2503,Female,42,101570,357345,643.0,Employed,1,24,Urban,1
2504,Male,39,91246,301839,822.0,Unemployed,2,36,Rural,0
2505,Male,23,128036,371395,699.0,Employed,2,360,Urban,1
2506,Male,39,39259,122572,517.0,Unemployed,2,240,Urban,0
2507,Female,29,55959,89255,744.0,Unemployed,3,24,Rural,0
2508,Female,48,136525,113212,521.0,Self-Employed,3,60,Urban,0
2509,Female,40,53457,362354,682.0,Employed,3,12,Urban,0
2510,Female,27,105679,437773,891.0,Employed,2,240,Semi-Urban,1
2511,Male,34,145829,72499,306.0,Unemployed,1,180,Urban,0
2512,Male,29,148216,152552,571.0,Self-Employed,2,360,Rural,0
2513,Male,39,22103,494844,315.0,Self-Employed,0,240,Urban,0
2514,Male,34,85901,111360,723.0,Employed,1,60,Semi-Urban,1
2515,Female,58,132314,447819,823.0,Unemployed,3,36,Urban,0
2516,Female,56,64535,439610,320.0,Employed,4,36,Urban,0
2517,Male,37,36103,397617,527.0,Employed,1,240,Urban,0
2518,Male,50,118046,193704,587.0,Employed,3,60,Semi-Urban,0
2519,Female,29,110012,211679,433.0,Employed,1,360,Rural,1
2520,Male,53,98278,141873,582.0,Unemployed,1,240,Rural,0
2521,Female,45,32391,115756,703.0,Self-Employed,2,12,Semi-Urban,0
2522,Male,34,122476,490210,365.0,Employed,0,12,Semi-Urban,1
2523,Male,31,48901,244454,736.0,Employed,4,120,Urban,0
2524,Male,55,140721,368488,558.0,Employed,3,24,Rural,0
2525,Male,34,117537,496991,402.0,Employed,1,120,Semi-Urban,1
2526,Male,50,101159,450565,866.0,Self-Employed,4,360,Rural,1
2527,Male,24,87914,383298,400.0,Self-Employed,1,12,Urban,1
2528,Male,24,70357,77464,497.0,Self-Employed,0,60,Semi-Urban,1
2529,Female,48,106908,485840,525.0,Self-Employed,4,24,Rural,0
2530,Female,28,130335,171897,762.0,Employed,3,360,Rural,1
2531,Female,22,58437,349488,536.0,Unemployed,1,60,Urban,0
2532,Female,42,55503,133791,325.0,Self-Employed,0,360,Semi-Urban,0
2533,Female,36,116282,205371,420.0,Self-Employed,4,120,Rural,0
2534,Male,49,113459,229047,805.0,Employed,1,36,Urban,1
2535,Male,50,95403,182534,481.0,Employed,1,60,Rural,1
2536,Female,32,61258,432353,842.0,Employed,3,120,Urban,1
2537,Male,55,53724,131441,614.0,Employed,0,120,Rural,0
2538,Female,31,84286,402600,572.0,Unemployed,2,120,Rural,0
2539,Female,41,94842,393932,531.0,Unemployed,1,36,Urban,0
2540,Male,41,124927,287612,719.0,Self-Employed,4,36,Semi-Urban,1
2541,Male,25,34908,483797,741.0,Unemployed,3,240,Urban,0
2542,Male,40,112617,281444,795.0,Self-Employed,3,36,Semi-Urban,1
2543,Female,57,70626,326319,323.0,Self-Employed,1,24,Rural,1
2544,Male,23,57228,187263,408.0,Unemployed,1,36,Rural,0
2545,Female,53,43386,395578,801.0,Self-Employed,1,36,Urban,1
2546,Female,29,66754,134518,324.0,Employed,2,36,Urban,0
2547,Female,29,130942,261230,486.0,Self-Employed,1,360,Semi-Urban,1
2548,Male,24,48302,378681,587.0,Employed,0,60,Semi-Urban,0
2549,Male,55,80815,427865,637.0,Unemployed,4,36,Semi-Urban,0
2550,Female,37,141084,97645,336.0,Unemployed,1,24,Urban,0
2551,Male,54,104748,289608,436.0,Self-Employed,2,360,Rural,0
2552,Male,44,83344,73283,807.0,Employed,4,120,Urban,1
2553,Male,52,55618,399115,526.0,Self-Employed,3,60,Rural,0
2554,Female,21,131603,404903,619.0,Unemployed,1,12,Urban,0
2555,Female,28,96234,240195,481.0,Self-Employed,4,360,Urban,0
2556,Male,43,81114,152780,385.0,Self-Employed,3,36,Semi-Urban,0
2557,Female,32,137652,473240,766.0,Employed,2,360,Rural,1
2558,Male,32,90130,492846,352.0,Unemployed,0,240,Urban,0
2559,Male,35,45525,342878,534.0,Self-Employed,1,240,Urban,0
2560,Male,39,99818,50515,732.0,Employed,0,360,Rural,1
2561,Male,46,134589,422926,795.0,Self-Employed,2,120,Urban,1
2562,Female,49,34334,378871,399.0,Employed,4,120,Rural,0
2563,Female,42,114715,278872,898.0,Employed,4,60,Semi-Urban,1
2564,Female,41,82767,421308,702.0,Self-Employed,2,240,Semi-Urban,1
2565,Male,58,26644,358360,695.0,Unemployed,2,12,Rural,0
2566,Male,40,121154,383977,,Unemployed,1,180,Semi-Urban,1
2567,Male,49,133237,108755,714.0,Employed,3,240,Rural,1
2568,Female,24,52933,77856,762.0,Unemployed,0,360,Urban,0
2569,Male,27,146366,123870,840.0,Employed,0,240,Urban,1
2570,Female,48,63469,467378,663.0,Unemployed,4,24,Rural,0
2571,Female,48,53687,187080,429.0,Self-Employed,4,180,Urban,0
2572,Female,24,126609,320131,383.0,Unemployed,1,120,Semi-Urban,0
2573,Female,42,72656,146502,570.0,Employed,2,180,Urban,0
2574,Female,32,37375,446548,543.0,Employed,0,240,Urban,0
2575,Female,23,134019,116323,687.0,Unemployed,1,120,Rural,1
2576,Male,42,140735,482206,513.0,Self-Employed,4,180,Semi-Urban,0
2577,Male,22,85206,322017,465.0,Employed,4,120,Urban,0
2578,Female,44,116462,263614,358.0,Employed,0,120,Urban,1
2579,Female,54,56607,217516,803.0,Employed,4,60,Rural,0
2580,Male,47,103178,478556,422.0,Employed,4,12,Rural,0
2581,Female,21,43993,155219,712.0,Employed,3,120,Semi-Urban,0
2582,Female,28,64386,55033,438.0,Self-Employed,2,24,Urban,0
2583,Male,43,143394,385468,,,4,240,Rural,0
2584,Female,58,66287,327833,573.0,Self-Employed,3,240,Rural,0
2585,Female,26,106724,159756,738.0,Self-Employed,1,24,Rural,1
2586,Female,42,118132,312210,861.0,Employed,4,36,Semi-Urban,1
2587,Male,45,113308,164159,417.0,Self-Employed,1,120,Rural,1
2588,Male,38,116393,226318,782.0,Employed,4,360,Semi-Urban,1
2589,Male,37,147314,57533,694.0,Self-Employed,0,120,Semi-Urban,1
2590,Female,32,96312,251224,759.0,,3,120,Urban,1
2591,Female,26,118371,292653,377.0,Employed,3,360,Urban,0
2592,Male,46,95324,427972,711.0,Self-Employed,0,180,Semi-Urban,1
2593,Female,47,91196,371802,374.0,Self-Employed,2,120,Urban,0
2594,Female,28,90014,350642,594.0,Unemployed,3,120,Urban,0
2595,Female,39,28210,159028,320.0,Unemployed,1,24,Rural,0
2596,Female,21,30922,323916,470.0,Unemployed,3,12,Urban,0
2597,Female,49,56289,401529,314.0,Self-Employed,2,12,Semi-Urban,0
2598,Male,55,149097,492252,510.0,Self-Employed,1,36,Urban,1
2599,Female,34,53340,300231,859.0,Employed,1,24,Rural,1
2600,Male,55,59850,62940,385.0,Unemployed,0,120,Semi-Urban,0
2601,Female,40,76984,430171,448.0,Employed,4,12,Urban,0
2602,Male,33,123699,66932,671.0,Employed,0,60,Semi-Urban,1
2603,Female,58,133711,276377,779.0,Employed,4,60,Urban,1
2604,Male,28,104178,74648,450.0,Employed,0,60,Rural,1
2605,Female,40,31094,82966,440.0,Unemployed,4,120,Urban,0
2606,Male,53,107959,470993,368.0,Employed,3,120,Semi-Urban,0
2607,Female,46,53418,305733,559.0,Self-Employed,1,360,Semi-Urban,0
2608,Male,59,25741,213639,820.0,Self-Employed,4,36,Semi-Urban,0
2609,Female,41,131585,296331,670.0,Self-Employed,3,240,Urban,1
2610,Male,29,92374,460390,718.0,Unemployed,2,36,Urban,0
2611,Male,44,137275,92598,,Employed,0,36,Urban,1
2612,Female,57,142564,240271,542.0,Unemployed,2,180,Rural,0
2613,Female,37,88798,457014,811.0,Employed,3,60,Rural,1
2614,Male,44,136026,460774,854.0,Unemployed,2,120,Rural,0
2615,Female,41,90532,373228,394.0,Unemployed,2,60,Semi-Urban,0
2616,Male,59,130130,225309,525.0,Employed,3,36,Semi-Urban,0
2617,Male,59,42164,246569,817.0,Unemployed,1,120,Semi-Urban,0
2618,Male,33,55595,181250,513.0,Employed,4,24,Semi-Urban,0
2619,Female,31,50257,298004,366.0,Self-Employed,0,360,Semi-Urban,0
2620,Male,39,34211,67118,695.0,Self-Employed,4,12,Urban,0
2621,Male,31,115989,72616,311.0,Self-Employed,0,12,Semi-Urban,1
2622,Female,33,25232,181870,536.0,Unemployed,4,36,Urban,0
2623,Female,21,87753,319745,698.0,Self-Employed,2,240,Rural,1
2624,Female,39,72691,337507,706.0,Employed,1,60,Rural,1
2625,Female,32,109765,52795,779.0,Self-Employed,2,24,Rural,1
2626,Male,28,99768,147462,521.0,Self-Employed,1,120,Rural,1
2627,Male,28,45613,488480,455.0,Unemployed,3,240,Rural,0
2628,Male,32,34026,415036,727.0,Employed,0,60,Semi-Urban,1
2629,Male,53,73535,384977,457.0,Unemployed,0,36,Semi-Urban,0
2630,Female,46,114090,315228,715.0,Unemployed,3,60,Semi-Urban,0
2631,Male,59,50908,408009,625.0,Employed,4,36,Rural,0
2632,Male,48,72113,312875,670.0,Unemployed,3,180,Rural,0
2633,Female,25,39610,182201,643.0,Employed,3,12,Urban,0
2634,Male,28,66646,209094,561.0,Self-Employed,1,240,Semi-Urban,1
2635,Male,45,125141,313749,582.0,Employed,3,12,Rural,0
2636,Male,47,83185,127506,528.0,Employed,0,60,Rural,1
2637,Male,43,92567,290313,579.0,Employed,2,24,Rural,0
2638,Male,50,67574,94130,589.0,Unemployed,1,120,Urban,0
2639,Male,43,143978,472481,346.0,Employed,1,36,Rural,1
2640,Female,40,145204,213402,513.0,,4,120,Urban,0
2641,Female,38,111051,380613,323.0,Employed,2,12,Urban,0
2642,Male,38,122020,196259,620.0,Self-Employed,1,360,Semi-Urban,1
2643,Male,22,56182,469007,573.0,Employed,3,24,Rural,0
2644,Female,24,136136,402580,855.0,Unemployed,1,24,Urban,1
2645,Male,50,20570,251682,612.0,Employed,1,120,Rural,0
2646,Male,53,117790,424485,662.0,Employed,1,12,Semi-Urban,1
2647,Male,56,39288,273034,679.0,Self-Employed,4,360,Semi-Urban,0
2648,Female,38,98824,483083,769.0,Employed,1,120,Urban,1
2649,Male,57,49877,444109,415.0,Unemployed,1,60,Semi-Urban,0
2650,Female,39,104425,149694,341.0,Employed,4,24,Semi-Urban,0
2651,Male,48,20917,69773,678.0,Unemployed,2,24,Semi-Urban,0
2652,Female,40,95602,316383,505.0,Self-Employed,0,60,Rural,1
2653,Female,53,115040,333007,765.0,Employed,4,12,Rural,1
2654,Male,32,84575,363559,579.0,Self-Employed,4,24,Urban,0
2655,Female,35,92518,118968,417.0,Employed,1,240,Urban,1
2656,Male,59,142115,110430,536.0,Unemployed,1,360,Semi-Urban,0
2657,Female,22,59104,300072,608.0,Self-Employed,0,180,Semi-Urban,0
2658,Male,49,38062,51515,755.0,Employed,1,180,Urban,1
2659,Male,30,36999,147206,774.0,Unemployed,3,180,Semi-Urban,0
2660,Female,22,81845,295282,399.0,Self-Employed,1,36,Urban,1
2661,Male,31,29941,285702,560.0,Employed,1,240,Rural,0
2662,Male,33,81169,457821,604.0,,3,36,Semi-Urban,0
2663,Female,30,43470,368384,653.0,Employed,0,12,Semi-Urban,1
2664,Male,34,149744,55586,585.0,Unemployed,3,60,Semi-Urban,0
2665,Male,38,130684,432563,627.0,Unemployed,4,120,Rural,0
2666,Female,29,79821,434518,402.0,Self-Employed,3,240,Rural,0
2667,Female,59,106669,295277,362.0,Self-Employed,2,360,Semi-Urban,0
2668,Male,48,138193,81186,581.0,Employed,4,12,Urban,0
2669,Male,23,64435,76928,740.0,Unemployed,1,120,Rural,1
2670,Female,40,24529,279336,592.0,Employed,4,12,Semi-Urban,0
2671,Female,26,103055,264159,306.0,Unemployed,0,36,Semi-Urban,0
2672,Male,47,32192,435134,391.0,Self-Employed,0,180,Rural,0
2673,Female,22,94102,399173,489.0,Employed,3,60,Urban,0
2674,Male,49,92762,70711,775.0,Employed,4,36,Semi-Urban,1
2675,Male,58,123466,104962,810.0,Unemployed,1,60,Urban,1
2676,Male,23,134894,70039,761.0,Unemployed,0,240,Urban,1
2677,Male,36,106795,86561,352.0,Unemployed,1,120,Rural,0
2678,Male,50,54087,256555,785.0,Self-Employed,2,12,Semi-Urban,0
2679,Female,22,86677,269730,789.0,Employed,0,24,Semi-Urban,1
2680,Female,37,24627,51577,663.0,Unemployed,3,24,Urban,0
2681,Female,32,76541,157792,411.0,Self-Employed,2,60,Rural,0
2682,Female,55,132805,471566,708.0,Unemployed,4,180,Rural,0
2683,Male,21,88226,297980,306.0,Employed,1,180,Rural,1
2684,Male,35,125627,288540,496.0,Unemployed,0,60,Urban,0
2685,Male,46,23255,477014,666.0,Employed,2,36,Urban,0
2686,Male,57,77433,278506,549.0,Self-Employed,2,24,Semi-Urban,0
2687,Female,41,25213,262489,894.0,Self-Employed,0,36,Rural,1
2688,Male,51,122412,60785,539.0,Unemployed,4,120,Urban,0
2689,Male,45,39404,122227,679.0,Employed,4,24,Rural,0
2690,Female,43,136545,430824,770.0,Employed,3,120,Urban,1
2691,Female,44,45380,374101,754.0,Employed,4,12,Semi-Urban,0
2692,Female,58,111056,115431,665.0,,3,36,Rural,0
2693,Female,48,39173,460513,589.0,Employed,2,60,Urban,0
2694,Male,41,148833,384038,702.0,Employed,0,24,Rural,1
2695,Male,38,73027,297941,357.0,Employed,4,36,Urban,0
2696,Female,56,43989,244844,820.0,Employed,3,60,Urban,0
2697,Male,55,128106,200653,603.0,Unemployed,2,12,Urban,0
2698,Male,29,44519,367336,414.0,Unemployed,4,24,Rural,0
2699,Male,58,145803,313606,509.0,Employed,1,120,Urban,1
2700,Female,50,42439,440992,340.0,Employed,2,12,Semi-Urban,0
2701,Male,54,138570,245245,472.0,Self-Employed,4,180,Rural,0
2702,Female,52,96949,458727,533.0,Self-Employed,2,60,Semi-Urban,0
2703,Male,23,34995,388250,889.0,Employed,0,360,Semi-Urban,1
2704,Male,23,43559,360809,702.0,Employed,0,24,Rural,1
2705,Male,48,148028,225486,338.0,Self-Employed,0,24,Urban,1
2706,Female,35,130887,393154,418.0,Self-Employed,1,240,Semi-Urban,1
2707,Male,43,109049,122573,634.0,Employed,0,240,Rural,1
2708,Female,31,25021,274737,635.0,Unemployed,1,12,Urban,0
2709,Female,52,118000,419947,838.0,Unemployed,0,24,Rural,1
2710,Female,56,41119,169682,373.0,Employed,2,60,Rural,0
2711,Male,53,71539,63386,490.0,Employed,4,12,Rural,0
2712,Male,44,114835,436213,623.0,Self-Employed,4,120,Urban,0
2713,Male,59,59350,104460,446.0,Self-Employed,0,12,Semi-Urban,0
2714,Male,54,66223,449437,583.0,Unemployed,4,12,Semi-Urban,0
2715,Female,48,45517,466690,512.0,Employed,0,360,Rural,0
2716,Female,57,98653,165375,693.0,Self-Employed,0,120,Rural,1
2717,Female,27,42250,424804,638.0,Unemployed,3,180,Urban,0
2718,Male,24,104486,202117,321.0,Unemployed,3,240,Rural,0
2719,Female,57,102895,403463,404.0,Unemployed,3,60,Rural,0
2720,Male,21,109132,166582,765.0,Self-Employed,1,180,Rural,1
2721,Female,21,111066,448138,758.0,Self-Employed,3,180,Semi-Urban,1
2722,Male,40,86798,293015,731.0,Employed,0,180,Rural,1
2723,Male,39,74199,203778,520.0,Employed,2,240,Semi-Urban,0
2724,Female,49,143823,354915,678.0,Unemployed,3,36,Urban,0
2725,Female,30,79546,102335,521.0,Unemployed,3,240,Urban,0
2726,Female,38,148180,279087,557.0,Self-Employed,2,180,Semi-Urban,0
2727,Female,48,125686,102949,666.0,Self-Employed,0,36,Semi-Urban,1
2728,Male,55,108151,145558,648.0,Employed,1,120,Semi-Urban,1
2729,Female,51,23327,458456,524.0,Employed,3,240,Semi-Urban,0
2730,Female,47,140318,414416,535.0,Employed,2,60,Rural,0
2731,Female,31,49768,314860,482.0,Self-Employed,0,180,Semi-Urban,0
2732,Male,58,84418,197646,743.0,Unemployed,4,24,Semi-Urban,0
2733,Male,25,114386,292887,305.0,Employed,1,120,Semi-Urban,1
2734,Female,28,136947,487282,535.0,Employed,2,36,Rural,0
2735,Male,54,62788,242898,426.0,Self-Employed,2,240,Rural,0
2736,Female,32,135945,201285,403.0,Employed,2,60,Rural,0
2737,Male,58,102384,121916,779.0,,3,12,Urban,0
2738,Male,21,66830,247223,454.0,Self-Employed,4,60,Rural,0
2739,Male,51,72446,309590,556.0,Employed,1,60,Semi-Urban,1
2740,Male,24,125078,298090,534.0,Employed,0,180,Rural,1
2741,Female,25,35160,100906,799.0,Self-Employed,0,180,Rural,1
2742,Female,50,76583,312607,588.0,Self-Employed,4,240,Semi-Urban,0
2743,Female,44,53998,475189,809.0,Employed,2,240,Rural,0
2744,Male,23,47230,124694,851.0,Unemployed,2,360,Urban,0
2745,Female,31,29076,463867,868.0,Self-Employed,2,36,Rural,0
2746,Female,24,89341,380838,597.0,Unemployed,2,360,Urban,0
2747,Female,46,51085,332152,436.0,Employed,2,240,Urban,0
2748,Male,47,75571,120474,675.0,Unemployed,4,36,Urban,0
2749,Male,47,34715,88185,386.0,Employed,3,180,Semi-Urban,0
2750,Male,26,148308,400068,718.0,Employed,1,180,Rural,1
2751,Female,35,25750,312048,498.0,Employed,2,24,Urban,0
2752,Female,50,133931,306574,762.0,Employed,3,24,Urban,1
2753,Female,57,98768,252211,736.0,Unemployed,0,120,Rural,1
2754,Male,57,138544,347124,609.0,Employed,4,180,Semi-Urban,0
2755,Male,57,55903,72504,895.0,Employed,3,12,Semi-Urban,0
2756,Female,55,92489,104970,580.0,Unemployed,2,24,Urban,0
2757,Male,43,52093,328910,622.0,Self-Employed,2,36,Semi-Urban,0
2758,Male,26,111036,166944,451.0,Unemployed,2,60,Rural,0
2759,Male,24,107954,406066,601.0,Unemployed,3,240,Semi-Urban,0
2760,Male,38,139277,454911,577.0,Unemployed,2,240,Rural,0
2761,Female,29,54314,461012,307.0,Employed,3,120,Urban,0
2762,Male,49,68225,223615,534.0,Employed,2,24,Rural,0
2763,Male,33,107985,457775,860.0,Employed,0,60,Urban,1
2764,Male,37,103014,214211,601.0,Self-Employed,0,60,Rural,1
2765,Male,52,55179,170494,337.0,Employed,1,24,Rural,0
2766,Female,42,137305,284941,435.0,Self-Employed,2,12,Semi-Urban,0
2767,Female,24,132417,58802,720.0,Employed,2,12,Rural,1
2768,Male,25,45338,221277,518.0,Unemployed,3,120,Urban,0
2769,Male,57,112435,346303,647.0,Employed,3,360,Rural,0
2770,Male,33,89681,61516,845.0,Self-Employed,2,12,Urban,1
2771,Male,54,52101,362636,378.0,Self-Employed,1,120,Urban,0
2772,Male,42,22775,341230,572.0,Employed,2,360,Rural,0
2773,Male,43,131497,163758,460.0,Unemployed,3,360,Semi-Urban,0
2774,Female,23,117183,80480,607.0,Employed,2,36,Rural,0
2775,Male,54,65619,233163,673.0,Employed,3,360,Rural,1
2776,Female,52,65838,178023,308.0,Employed,2,24,Semi-Urban,0
2777,Female,41,141316,422339,743.0,Unemployed,4,360,Urban,0
2778,Male,41,39539,228838,412.0,Self-Employed,3,60,Rural,0
2779,Female,31,122274,350881,504.0,Unemployed,1,120,Semi-Urban,0
2780,Female,59,77124,321409,704.0,Self-Employed,4,240,Semi-Urban,1
2781,Female,24,85149,164165,496.0,Self-Employed,2,12,Urban,0
2782,Female,21,46616,169501,414.0,Self-Employed,3,240,Semi-Urban,0
2783,Female,48,99655,299329,420.0,Unemployed,4,120,Urban,0
2784,Female,44,110695,383134,364.0,Employed,1,180,Rural,1
2785,Male,55,74567,327530,575.0,Employed,3,120,Semi-Urban,0
2786,Female,33,57099,416862,538.0,Employed,4,12,Rural,0
2787,Female,54,95831,349569,601.0,Employed,4,180,Semi-Urban,0
2788,Female,31,120246,171635,691.0,Employed,4,180,Semi-Urban,1
2789,Male,56,81799,224326,821.0,Unemployed,0,360,Rural,1
2790,Female,37,140714,270935,668.0,Unemployed,2,12,Semi-Urban,0
2791,Male,55,110221,103634,532.0,Unemployed,3,180,Rural,0
2792,Female,38,134879,228734,494.0,Unemployed,3,24,Rural,0
2793,Male,42,45479,399132,311.0,Unemployed,3,60,Urban,0
2794,Male,44,66172,284856,476.0,Unemployed,4,240,Rural,0
2795,Female,39,119165,418481,516.0,Unemployed,2,24,Urban,0
2796,Female,57,75863,268599,310.0,Employed,1,24,Rural,1
2797,Male,59,62043,287919,745.0,Self-Employed,3,12,Semi-Urban,1
2798,Female,41,102569,453359,463.0,Unemployed,2,360,Rural,0
2799,Male,28,122438,458797,850.0,Self-Employed,2,12,Semi-Urban,1
2800,Male,48,130107,117443,352.0,,0,240,Urban,0
2801,Male,25,35408,341568,517.0,Unemployed,3,60,Semi-Urban,0
2802,Male,37,142275,400988,659.0,Employed,4,120,Rural,1
2803,Male,57,77980,354128,684.0,Self-Employed,2,24,Semi-Urban,1
2804,Female,56,102956,91505,355.0,Employed,2,180,Urban,0
2805,Male,39,36351,152478,417.0,Employed,1,60,Semi-Urban,0
2806,Male,47,24131,112699,552.0,Self-Employed,0,24,Semi-Urban,0
2807,Female,54,136836,470173,479.0,Employed,2,120,Rural,0
2808,Male,31,64825,468680,714.0,Unemployed,2,360,Rural,0
2809,Female,32,31349,426156,534.0,Unemployed,4,180,Semi-Urban,0
2810,Female,41,80931,204721,379.0,Unemployed,4,24,Urban,0
2811,Female,31,64254,485281,321.0,Unemployed,1,36,Semi-Urban,0
2812,Male,59,58225,346902,776.0,Unemployed,1,240,Urban,0
2813,Male,48,124383,186668,739.0,Employed,1,60,Urban,1
2814,Male,25,32453,328518,869.0,Employed,4,240,Urban,0
2815,Female,37,38814,168686,392.0,Unemployed,4,12,Semi-Urban,0
2816,Male,40,38263,315919,491.0,Unemployed,0,24,Urban,0
2817,Female,32,97694,339532,402.0,Employed,3,180,Semi-Urban,0
2818,Male,26,35735,435944,695.0,Self-Employed,3,180,Urban,0
2819,Female,37,35830,333173,306.0,Employed,0,60,Urban,0
2820,Male,39,67893,133981,866.0,Employed,3,60,Semi-Urban,1
2821,Male,46,64673,365783,530.0,Employed,4,240,Rural,0
2822,Male,52,147006,164010,873.0,Employed,3,180,Rural,1
2823,Female,26,109462,457861,539.0,Employed,4,180,Semi-Urban,0
2824,Female,56,65066,81105,389.0,Self-Employed,0,180,Semi-Urban,1
2825,Male,58,120315,456884,531.0,Unemployed,1,24,Rural,0
2826,Male,31,23373,309021,756.0,Unemployed,0,180,Rural,0
2827,Female,53,30335,197032,532.0,Self-Employed,3,12,Rural,0
2828,Female,44,43741,176519,653.0,,4,180,Semi-Urban,0
2829,Female,43,30692,192429,632.0,Unemployed,3,12,Urban,0
2830,Male,35,67295,414883,738.0,Unemployed,3,24,Semi-Urban,0
2831,Female,47,65541,363940,,Self-Employed,1,60,Rural,1
2832,Male,31,54057,327948,591.0,,3,360,Urban,0
2833,Female,37,86983,177732,644.0,Unemployed,1,12,Semi-Urban,0
2834,Male,34,39583,195698,727.0,Unemployed,4,24,Rural,0
2835,Female,47,42765,209204,429.0,Unemployed,4,360,Semi-Urban,0
2836,Female,38,79287,320095,440.0,Employed,1,360,Urban,1
2837,Female,48,43906,449665,714.0,Employed,0,180,Rural,1
2838,Female,24,140747,331209,392.0,Employed,4,24,Semi-Urban,0
2839,Female,27,105103,413647,583.0,Self-Employed,0,360,Urban,1
2840,Male,55,99675,155072,522.0,Unemployed,4,180,Urban,0
2841,Female,29,66525,190202,762.0,Self-Employed,4,240,Semi-Urban,1
2842,Female,28,58230,139360,844.0,Self-Employed,2,24,Urban,0
2843,Female,37,137904,112287,575.0,Self-Employed,3,360,Rural,0
2844,Male,37,39520,288009,439.0,Unemployed,3,60,Urban,0
2845,Female,53,105238,232774,656.0,Employed,0,12,Semi-Urban,1
2846,Male,52,71934,218065,322.0,Unemployed,3,240,Rural,0
2847,Female,28,45566,212947,569.0,Unemployed,0,60,Urban,0
2848,Female,39,93193,296356,632.0,Self-Employed,4,36,Urban,0
2849,Male,58,123224,187126,384.0,Self-Employed,2,180,Rural,0
2850,Female,23,50134,280881,330.0,Self-Employed,2,360,Rural,0
2851,Male,25,30345,157357,539.0,Employed,4,12,Urban,0
2852,Male,33,141012,491733,662.0,Employed,1,60,Rural,1
2853,Female,51,141015,257440,688.0,Employed,1,12,Semi-Urban,1
2854,Male,36,61185,79670,598.0,Unemployed,3,36,Urban,0
2855,Female,52,135464,361256,670.0,Self-Employed,0,120,Semi-Urban,1
2856,Female,42,112949,400532,398.0,Unemployed,2,180,Urban,0
2857,Male,49,90744,401300,346.0,Employed,3,180,Semi-Urban,0
2858,Male,42,53455,209379,721.0,Self-Employed,4,24,Semi-Urban,0
2859,Male,23,135217,294159,779.0,Employed,2,360,Rural,1
2860,Male,30,48018,248159,878.0,Self-Employed,0,180,Urban,1
2861,Female,41,74219,360066,,Self-Employed,0,180,Rural,1
2862,Female,36,65991,244152,408.0,Unemployed,1,60,Rural,0
2863,Male,32,93616,405492,848.0,Unemployed,3,240,Urban,0
2864,Female,22,107438,129335,418.0,Employed,4,180,Semi-Urban,0
2865,Female,44,136841,338456,897.0,Unemployed,2,180,Urban,0
2866,Female,55,29486,116985,681.0,Unemployed,0,360,Urban,0
2867,Female,50,58862,180744,691.0,Unemployed,2,36,Urban,0
2868,Male,50,141662,301713,351.0,Self-Employed,4,240,Rural,0
2869,Male,55,78870,413107,588.0,Unemployed,2,36,Urban,0
2870,Female,39,106694,221349,636.0,,3,360,Urban,0
2871,Male,28,125996,81551,503.0,Self-Employed,1,12,Urban,1
2872,Male,46,63856,139813,537.0,Self-Employed,2,12,Semi-Urban,0
2873,Male,27,121407,499813,681.0,Unemployed,1,180,Semi-Urban,1
2874,Female,50,120744,413169,435.0,Self-Employed,4,180,Semi-Urban,0
2875,Female,27,106055,436486,706.0,Employed,1,24,Semi-Urban,1
2876,Female,23,51379,226284,807.0,Employed,2,12,Rural,0
2877,Male,21,84729,59637,661.0,Self-Employed,2,60,Rural,1
2878,Female,56,48378,355402,680.0,Unemployed,0,180,Urban,0
2879,Female,45,125428,478909,875.0,Unemployed,2,60,Rural,0
2880,Male,57,74353,453040,553.0,Self-Employed,1,180,Semi-Urban,1
2881,Female,21,69996,179553,776.0,Employed,0,360,Urban,1
2882,Female,35,34031,76950,413.0,Self-Employed,2,60,Urban,0
2883,Male,57,100072,466704,319.0,Unemployed,2,120,Semi-Urban,0
2884,Male,33,85982,177870,827.0,Unemployed,4,60,Semi-Urban,0
2885,Male,28,56683,50215,444.0,Self-Employed,0,240,Semi-Urban,0
2886,Female,25,134091,417747,507.0,Employed,4,12,Rural,0
2887,Female,29,137797,323667,830.0,Self-Employed,4,180,Urban,1
2888,Female,21,37618,380833,675.0,Employed,4,12,Semi-Urban,0
2889,Male,56,26587,73834,803.0,Employed,3,240,Urban,0
2890,Male,55,82790,346618,465.0,Self-Employed,4,240,Urban,0
2891,Female,22,51480,93066,849.0,Self-Employed,1,60,Rural,1
2892,Female,43,118530,322544,480.0,Employed,2,36,Urban,0
2893,Male,29,40527,437355,743.0,Employed,3,36,Semi-Urban,0
2894,Male,54,43569,60345,631.0,Employed,4,240,Semi-Urban,0
2895,Male,34,31151,83896,802.0,Employed,2,36,Urban,0
2896,Male,24,91094,341043,378.0,Unemployed,0,180,Urban,0
2897,Female,50,79174,340373,884.0,Self-Employed,0,24,Rural,1
2898,Male,51,64739,317727,695.0,Employed,2,120,Semi-Urban,1
2899,Female,58,52954,448113,402.0,Self-Employed,1,60,Semi-Urban,0
2900,Female,31,132984,121537,701.0,Employed,2,24,Urban,1
2901,Female,55,132863,290489,523.0,Self-Employed,2,36,Urban,0
2902,Male,28,129373,447783,817.0,Self-Employed,3,60,Urban,1
2903,Male,23,55303,124807,535.0,Employed,0,24,Semi-Urban,0
2904,Male,34,54700,179648,726.0,Employed,0,12,Urban,1
2905,Male,33,113036,424796,415.0,Self-Employed,4,36,Rural,0
2906,Female,52,143728,194401,462.0,Self-Employed,2,360,Rural,0
2907,Male,54,87568,282117,525.0,Self-Employed,2,24,Urban,0
2908,Male,39,86788,298780,529.0,Unemployed,1,360,Rural,0
2909,Female,58,91045,383936,481.0,Employed,0,180,Rural,1
2910,Male,36,57842,443444,548.0,Unemployed,1,12,Rural,0
2911,Female,22,33900,263286,617.0,Unemployed,3,36,Rural,0
2912,Female,37,147992,87052,509.0,Employed,4,120,Rural,0
2913,Female,54,100059,96032,691.0,Employed,1,240,Semi-Urban,1
2914,Female,36,21881,345830,395.0,Unemployed,0,36,Urban,0
2915,Female,58,53037,389125,385.0,Employed,3,360,Rural,0
2916,Female,22,21630,148802,714.0,Self-Employed,2,180,Urban,0
2917,Female,22,40789,446025,693.0,Self-Employed,3,120,Rural,0
2918,Female,46,146083,284337,800.0,Unemployed,1,120,Semi-Urban,1
2919,Male,33,108059,222857,881.0,Unemployed,0,120,Semi-Urban,1
2920,Male,51,103494,479763,432.0,Employed,1,60,Rural,1
2921,Male,54,66151,354962,613.0,Employed,2,60,Rural,0
2922,Male,59,68920,412566,520.0,Unemployed,2,360,Rural,0
2923,Female,23,129388,384071,737.0,Unemployed,0,240,Semi-Urban,1
2924,Male,28,87231,246753,345.0,Self-Employed,4,120,Semi-Urban,0
2925,Female,43,137946,391609,491.0,Self-Employed,3,240,Urban,0
2926,Male,34,100357,270934,819.0,Employed,3,12,Semi-Urban,1
2927,Male,47,23262,276599,678.0,Self-Employed,2,120,Rural,0
2928,Male,49,86981,163221,633.0,Employed,1,24,Urban,1
2929,Female,59,140951,349477,338.0,Employed,1,120,Semi-Urban,1
2930,Male,59,143099,176457,592.0,Employed,4,360,Semi-Urban,0
2931,Female,21,101972,328720,461.0,Self-Employed,1,60,Rural,1
2932,Female,37,95485,169875,630.0,Unemployed,3,60,Urban,0
2933,Male,50,74722,351549,403.0,Unemployed,1,24,Semi-Urban,0
2934,Male,33,109499,406144,460.0,Self-Employed,4,24,Semi-Urban,0
2935,Male,41,70818,81601,353.0,Unemployed,3,36,Rural,0
2936,Female,39,49932,380090,333.0,Employed,1,12,Urban,0
2937,Male,39,26901,364260,541.0,Unemployed,3,12,Urban,0
2938,Female,45,137473,154186,412.0,Self-Employed,2,360,Urban,0
2939,Female,42,119023,375038,617.0,,2,360,Urban,0
2940,Male,51,28597,215707,322.0,Employed,2,360,Rural,0
2941,Male,37,149631,319609,857.0,Employed,1,360,Semi-Urban,1
2942,Female,43,83909,106754,417.0,Self-Employed,4,360,Semi-Urban,0
2943,Female,52,92391,279047,511.0,Self-Employed,3,360,Urban,0
2944,Female,30,104214,142850,717.0,Self-Employed,0,12,Urban,1
2945,Male,30,28263,421909,412.0,Employed,2,180,Urban,0
2946,Female,56,83293,266191,343.0,Unemployed,2,60,Semi-Urban,0
2947,Male,28,132824,404835,427.0,Unemployed,0,12,Semi-Urban,0
2948,Female,40,144933,88871,457.0,Self-Employed,0,360,Urban,1
2949,Female,52,45805,243946,693.0,Unemployed,1,36,Rural,0
2950,Male,34,111679,341655,811.0,Unemployed,3,36,Semi-Urban,0
2951,Female,48,31874,393104,344.0,Self-Employed,2,12,Semi-Urban,0
2952,Male,44,113065,492037,407.0,Self-Employed,4,24,Urban,0
2953,Male,35,106402,377920,518.0,Employed,1,36,Rural,1
2954,Female,42,34079,299200,742.0,Employed,1,240,Urban,1
2955,Male,50,69850,251239,614.0,Employed,4,24,Urban,0
2956,Male,24,92779,356606,,Employed,4,240,Rural,0
2957,Female,33,115408,284453,527.0,Unemployed,4,60,Rural,0
2958,Male,43,29018,82574,566.0,Unemployed,0,180,Rural,0
2959,Male,28,140606,152072,678.0,Employed,2,36,Semi-Urban,1
2960,Male,38,69500,485126,788.0,Employed,0,24,Urban,1
2961,Female,32,140062,254603,589.0,Self-Employed,2,360,Semi-Urban,0
2962,Male,51,32100,206258,656.0,Unemployed,0,240,Rural,0
2963,Female,34,77021,203885,503.0,Unemployed,3,12,Semi-Urban,0
2964,Female,54,134995,259884,512.0,Employed,2,240,Rural,0
2965,Male,38,39800,266597,851.0,Unemployed,1,240,Rural,0
2966,Male,54,148126,390426,622.0,Self-Employed,2,60,Urban,0
2967,Male,31,83400,159779,893.0,Self-Employed,2,120,Urban,1
2968,Female,32,112446,68557,480.0,Unemployed,2,120,Urban,0
2969,Male,35,49437,209132,798.0,Employed,3,12,Semi-Urban,0
2970,Male,51,123124,384248,619.0,Unemployed,0,60,Urban,0
2971,Male,49,96537,281977,382.0,Self-Employed,1,60,Rural,1
2972,Male,46,66675,187152,602.0,Employed,0,360,Urban,1
2973,Male,38,39942,194926,561.0,Unemployed,0,60,Semi-Urban,0
2974,Female,52,40862,434157,499.0,Employed,4,60,Urban,0
2975,Female,42,31669,248767,539.0,Employed,3,120,Urban,0
2976,Male,58,141219,208097,594.0,Self-Employed,4,24,Urban,0
2977,Male,37,73772,234054,811.0,Employed,3,60,Semi-Urban,1
2978,Male,43,35916,91081,695.0,Unemployed,0,24,Rural,0
2979,Male,44,30878,447584,437.0,Employed,0,240,Rural,0
2980,Female,28,22985,280693,428.0,Employed,3,240,Rural,0
2981,Male,26,117905,431325,348.0,Unemployed,0,60,Urban,0
2982,Female,25,93648,339238,592.0,Self-Employed,0,36,Urban,1
2983,Female,49,61235,489256,835.0,Self-Employed,1,180,Semi-Urban,1
2984,Male,48,38931,378910,610.0,Unemployed,4,36,Rural,0
2985,Female,31,112876,395197,836.0,Unemployed,4,240,Urban,0
2986,Female,21,20336,205063,533.0,Self-Employed,4,180,Urban,0
2987,Female,39,62933,313445,508.0,Employed,2,36,Urban,0
2988,Female,29,104899,209682,393.0,Unemployed,1,60,Semi-Urban,0
2989,Male,47,65536,131463,626.0,Employed,4,24,Rural,0
2990,Male,54,89504,215750,,Unemployed,4,180,Semi-Urban,0
2991,Female,24,119214,336610,310.0,Self-Employed,1,120,Rural,1
2992,Male,56,71148,484091,628.0,Employed,0,12,Rural,1
2993,Male,38,133936,76081,311.0,Employed,4,180,Urban,0
2994,Male,35,36279,74354,334.0,Unemployed,0,180,Urban,0
2995,Male,33,88665,143297,746.0,Employed,4,120,Urban,1
2996,Male,39,123751,330444,751.0,Unemployed,3,60,Urban,0
2997,Female,26,124433,114384,519.0,Self-Employed,2,36,Urban,0
2998,Male,32,91386,407171,740.0,Employed,4,36,Rural,1
2999,Male,57,106124,171684,834.0,Unemployed,3,240,Urban,0
3000,Male,37,125750,373036,894.0,Employed,1,24,Urban,1
1636,Female,26,123614,180193,536.0,Unemployed,1,180,Urban,0
2901,Female,55,132863,290489,523.0,Self-Employed,2,36,Urban,0
1413,Female,38,144341,109550,450.0,Unemployed,4,24,Rural,0
2783,Female,48,99655,299329,420.0,Unemployed,4,120,Urban,0
1635,Female,43,148832,91743,452.0,Self-Employed,2,360,Semi-Urban,0
2025,Female,28,102214,341075,840.0,Employed,4,60,Urban,1
2763,Male,33,107985,457775,860.0,Employed,0,60,Urban,1
1430,Female,44,126082,239073,442.0,Employed,2,60,Semi-Urban,0
1353,Male,48,34122,185693,531.0,Employed,2,12,Semi-Urban,0
1758,Male,25,57327,432688,626.0,Employed,3,24,Semi-Urban,0
1512,Female,29,51555,389997,745.0,Self-Employed,4,120,Rural,0
2654,Male,32,84575,363559,579.0,Self-Employed,4,24,Urban,0
1776,Male,43,92525,93169,513.0,Self-Employed,0,60,Semi-Urban,1
2173,Male,24,143364,449305,399.0,Self-Employed,0,240,Urban,1
1235,Female,42,133688,355090,577.0,Self-Employed,0,120,Semi-Urban,1
1279,Male,48,64769,222646,845.0,Employed,2,60,Urban,1
1719,Female,55,129903,319279,554.0,Employed,2,360,Rural,0
2943,Female,52,92391,279047,511.0,Self-Employed,3,360,Urban,0
2279,Male,46,62056,306008,325.0,Unemployed,2,60,Semi-Urban,0
1082,Female,59,116035,382597,396.0,Unemployed,2,240,Rural,0
