ApplicantID,Gender,Age,MonthlyIncome,LoanAmount,CreditScore,EmploymentStatus,ExistingLoans,LoanTerm,PropertyArea,LoanApproved
1001,1,-0.728909945315372,-0.8519440226014164,0.8599145637852591,0.14884209005109392,1,-0.05016748378454817,-0.6078706761357132,2,0
1002,0,-0.37129437052554143,1.1361602011939098,0.8332922903315648,-0.681462889023166,0,-0.05016748378454817,-0.9190938228900677,0,0
1003,1,0.3439367790541196,-0.673528174916168,-1.0627724144661264,-0.44757416252337445,2,-0.7567517624401544,-0.08916543154512249,2,0
1004,1,-0.10308268943316853,0.9570507512299806,1.0239403669622045,1.359216249687515,0,-1.4633360410957605,-0.9190938228900677,2,1
1005,1,-1.0865255201052024,-0.05358112282922287,-0.24135497368539027,1.1487163958377027,1,-0.7567517624401544,-0.6078706761357132,1,1
1006,0,0.969764034936323,1.2276356709476055,1.6951786914002198,-1.371434632197551,2,-0.7567517624401544,0.9482450576360589,0,0
1007,1,0.07572509796174673,0.7401666540886723,-0.060106189519014176,-1.4123651593350144,2,1.3630010735266642,-0.8153527739719495,2,0
1008,1,-0.2818904768280838,-0.5233099275603614,1.1424909805866146,1.417688431312463,2,-0.05016748378454817,-1.0228348718081859,1,0
1009,1,0.254532885356662,1.7414348973856864,0.06896138635896921,-1.3480457595475719,0,0.6564167948710581,-1.0228348718081859,1,0
1010,0,1.5061873971210689,-1.0910500696712253,0.8105740995446951,1.6983549031122127,1,-0.05016748378454817,-0.8153527739719495,1,0
1011,1,-0.37129437052554143,1.6941098803710886,1.4163821717335434,-0.002219905234813311,0,-0.05016748378454817,0.42953981304546823,0,0
1012,1,-1.2653333075001179,0.1994770008463553,0.6659522857654862,-0.1318243817486559,2,1.3630010735266642,-1.0228348718081859,0,0
1013,1,-1.0865255201052024,0.7964017926832452,-1.1334417438526823,1.4001467768249785,1,0.6564167948710581,1.9856555468172403,1,1
1014,1,0.4333406727515773,0.5692737234260374,0.9817716172030437,0.5581473614257291,2,-1.4633360410957605,-0.08916543154512249,0,1
1015,0,-0.19248658313062617,-1.392446936768704,-0.16480235471344065,0.18392539902606264,2,0.6564167948710581,0.42953981304546823,0,0
1016,1,0.4333406727515773,0.911326354858492,0.00977145710011412,-1.096615378560296,0,-1.4633360410957605,-0.08916543154512249,2,1
1017,0,-0.728909945315372,-1.3072939185552899,1.6833888274421553,-0.7808655977855774,2,0.6564167948710581,-0.6078706761357132,1,0
1018,0,-0.4606982642229991,-0.9225047159518175,-0.24340403496579124,0.9148276693379112,1,-0.7567517624401544,1.9856555468172403,1,1
1019,0,0.5227445664490349,-0.16285015873215017,-0.4520900601405666,-0.5235879986358067,2,0.6564167948710581,-0.6078706761357132,0,0
1020,1,0.5227445664490349,1.4383840556236616,0.643862784235103,1.7217437757621918,2,1.3630010735266642,0.42953981304546823,1,0
1021,0,1.0591679286337807,0.6825709879474564,-0.4908592309572439,-1.6345594495098164,0,-1.4633360410957605,0.42953981304546823,1,1
1022,1,-0.9077177327102872,0.9190093339454165,-0.49581889064730533,0.18392539902606264,1,-0.05016748378454817,1.9856555468172403,1,0
1023,0,-0.37129437052554143,1.4996611492440286,1.6202094379631256,-1.7164205037847435,0,1.3630010735266642,1.9856555468172403,0,0
1024,0,-1.1759294138026601,0.7805289713057448,0.026125139364526352,-1.6696427584847853,2,-1.4633360410957605,0.42953981304546823,0,0
1025,0,-0.2818904768280838,1.2443621566680976,0.9989790750009563,0.809577742413005,0,-1.4633360410957605,0.42953981304546823,0,1
1026,0,0.254532885356662,-0.2757472680927918,0.496602027897802,-0.9972126697978846,0,-0.05016748378454817,-0.9190938228900677,2,0
1027,0,0.5227445664490349,0.29292656939321915,0.7559712733794648,-1.2544902689476551,0,-0.7567517624401544,0.9482450576360589,1,1
1028,0,0.07572509796174673,0.1865119736371701,1.6465600555652515,1.107785868700239,0,1.3630010735266642,0.42953981304546823,2,1
1029,0,0.16512899165920436,0.372930924537965,-0.36453925997798,-0.8510322157355148,2,-0.05016748378454817,1.9856555468172403,0,0
1030,0,-1.1759294138026601,-1.2849119065624786,0.8748866820045526,0.2599392351384949,2,-0.05016748378454817,0.9482450576360589,2,0
1031,1,-0.5501021579204567,1.095077604687438,0.9810730735847252,-0.9738237971479053,1,-0.7567517624401544,0.42953981304546823,1,1
1032,1,-0.4606982642229991,-1.5615258307024817,0.11111461292661175,0.8329666150629841,0,1.3630010735266642,-0.6078706761357132,1,0
1033,0,-1.1759294138026601,-0.033653395822512255,-1.214930737727416,1.2013413593001558,0,-0.05016748378454817,-0.08916543154512249,0,1
1034,0,-0.9971216264077448,0.06603859323247781,0.9992119228737292,-1.3889762866850353,1,-0.7567517624401544,0.9482450576360589,0,1
1035,0,-1.0865255201052024,1.63691436939065,0.506280737809393,-0.570365743935765,0,1.3630010735266642,-0.6078706761357132,2,0
1036,1,0.254532885356662,-0.49108409861242786,1.170098976701714,-0.49435190782333277,1,0.6564167948710581,-1.0228348718081859,0,0
1037,0,0.7909562475414078,-1.2503118236605995,0.0555726336745311,-1.4649901227974675,2,-1.4633360410957605,1.9856555468172403,2,0
1038,1,-0.19248658313062617,-1.1303453064595583,0.6277574730349819,-1.1609347783477386,1,-0.7567517624401544,-0.9190938228900677,1,0
1039,1,0.969764034936323,-0.2614750673584007,1.612618597310731,-0.09674107277368718,0,-1.4633360410957605,-0.9190938228900677,1,1
1040,1,0.8803601412388654,0.4365822721122776,-0.8311198274401902,1.4001467768249785,1,0.6564167948710581,-0.08916543154512249,1,1
1041,1,1.684995184515984,-1.2112833569794512,-1.359630167464216,0.66924450651313,2,-0.05016748378454817,0.42953981304546823,1,0
1042,1,1.3273796097261537,-1.0344681299373122,0.781514685022645,0.9674526328003642,0,-0.05016748378454817,-0.6078706761357132,1,0
1043,0,-0.19248658313062617,0.6193197955339211,0.4993263480092442,0.5581473614257291,2,1.3630010735266642,-1.0228348718081859,2,0
1044,0,1.684995184515984,0.06769256789702406,-0.483563330943695,-1.4708373409599624,2,-0.7567517624401544,-0.6078706761357132,1,0
1045,0,-0.2818904768280838,1.4321683121262538,0.5261659461441932,-1.5702400497223739,1,-0.7567517624401544,1.9856555468172403,2,1
1046,0,-0.5501021579204567,0.07145402640833089,0.2375044382677075,-1.1609347783477386,2,1.3630010735266642,1.9856555468172403,1,0
1047,0,0.969764034936323,0.6221208816593624,-0.6078109558552807,1.4761606129374107,0,-1.4633360410957605,0.42953981304546823,2,1
1048,1,0.3439367790541196,1.116766014401569,0.5344630920106652,1.5872577580248117,2,-0.05016748378454817,0.42953981304546823,2,0
1049,0,1.3273796097261537,1.0676269606581137,0.6226969126000522,-0.44757416252337445,2,-0.05016748378454817,1.9856555468172403,2,0
1050,0,1.237975716028696,1.5667271541903078,0.3625825539255163,-0.6463795800481973,1,-0.7567517624401544,-0.8153527739719495,0,1
1051,1,-1.5335449885924908,-1.5745175349223854,-0.22073241375347605,-1.3246568868975928,2,-0.7567517624401544,1.9856555468172403,2,0
1052,0,1.5061873971210689,-0.2736131072353128,-0.04941071056298188,-0.9679765789854106,1,1.3630010735266642,-0.6078706761357132,2,0
1053,1,0.5227445664490349,0.27323893548297495,0.5428844234092829,1.5872577580248117,1,0.6564167948710581,-0.08916543154512249,1,1
1054,0,0.254532885356662,-0.6945229823516181,0.018192788498731714,1.774368739224645,0,-1.4633360410957605,-0.6078706761357132,2,1
1055,1,1.684995184515984,0.5766365783843401,0.4113486600799074,0.22485592616352618,0,0.6564167948710581,-0.9190938228900677,2,0
1056,0,-0.4606982642229991,0.386376137940083,-1.085079240677764,-0.8276433430855357,0,0.6564167948710581,-1.0228348718081859,0,0
1057,0,-1.444141094895033,-1.6571629141282616,-0.14689635329720951,1.470313394774916,0,-0.7567517624401544,0.9482450576360589,1,1
1058,1,0.7909562475414078,-0.9873832060191806,-0.3381420728012994,-1.2661847052726447,1,-0.7567517624401544,-0.08916543154512249,0,0
1059,1,0.16512899165920436,-1.051194615657804,-0.03650317681560763,1.6574243759747493,2,-0.7567517624401544,-0.8153527739719495,0,0
1060,1,0.4333406727515773,1.2628493250960098,-0.3131885424358104,0.6867861610006144,0,0.6564167948710581,-1.0228348718081859,0,1
1061,1,-0.6395060516179143,-1.0063238836293071,-1.6358653605303912,1.4644661766124212,0,-1.4633360410957605,-1.0228348718081859,2,1
1062,1,-0.19248658313062617,0.4373025514016768,-0.6381355104860631,-0.7399350706481138,0,-0.7567517624401544,0.9482450576360589,0,1
1063,1,1.1485718223312382,0.454749316411568,0.4910680101215676,1.6808132486247285,2,-0.05016748378454817,-0.9190938228900677,0,0
1064,1,-0.37129437052554143,-0.9352029730538178,-0.010897672406354687,1.2832024135750828,0,-1.4633360410957605,-0.9190938228900677,1,1
1065,1,-1.6229488822899483,-1.1622776882895887,0.029811897350096265,0.10791156291363041,2,-0.05016748378454817,-0.9190938228900677,1,0
1066,0,1.3273796097261537,-0.31979101278901567,-1.370488639931189,-1.5410039589098998,1,-1.4633360410957605,-0.08916543154512249,1,1
1067,0,1.237975716028696,0.8353502283322378,-1.6514894527934485,-0.04996332747372888,1,-0.7567517624401544,-0.6078706761357132,1,1
1068,1,0.8803601412388654,1.446013680689149,-0.5352089891247102,1.745132648412171,1,1.3630010735266642,-1.0228348718081859,0,1
1069,0,-0.6395060516179143,1.695337022864139,-0.8951918004315158,-1.476684559122457,2,-0.7567517624401544,-0.6078706761357132,1,0
1070,0,-0.6395060516179143,-0.7897332336059022,0.43547169969917326,-1.7222677219472382,0,0.6564167948710581,-0.6078706761357132,2,0
1071,0,-0.19248658313062617,-0.3523636428762897,1.160342650832532,1.6223410669997804,0,0.6564167948710581,-0.9190938228900677,0,1
1072,0,1.0591679286337807,-0.9771659109139996,0.21473967790628318,-0.14936603623614028,0,-1.4633360410957605,-0.6078706761357132,1,0
1073,1,1.0591679286337807,0.3206439835297283,-0.943888052224075,-0.6756156708606712,0,0.6564167948710581,-1.0228348718081859,0,0
1074,0,1.3273796097261537,1.173721432285541,-0.1730063614308036,1.3007440680625673,0,-0.7567517624401544,-1.0228348718081859,1,1
1075,1,1.684995184515984,1.1555277109755322,0.4762511238174561,-1.12585146937277,2,-0.05016748378454817,0.42953981304546823,0,0
1076,0,0.7909562475414078,0.5152794537318175,-0.4064674002686088,-1.6696427584847853,1,-0.7567517624401544,-0.8153527739719495,1,1
1077,0,0.7909562475414078,-0.18331142595323055,-1.6734392456001679,1.6808132486247285,0,-1.4633360410957605,-0.08916543154512249,2,1
1078,0,-0.37129437052554143,0.5740755853553653,0.10430769344588582,-1.2018653054852022,1,0.6564167948710581,-0.6078706761357132,1,0
1079,1,-0.9077177327102872,-1.2335853379401074,-0.564252880455242,-0.406643635385911,2,-0.05016748378454817,-0.08916543154512249,0,0
1080,0,0.8803601412388654,0.7072205458513394,0.7686537208498253,-0.002219905234813311,2,1.3630010735266642,-0.08916543154512249,0,0
1081,1,0.4333406727515773,1.5403702676004416,0.9617855081233752,-0.5060463441483224,0,-0.05016748378454817,-0.08916543154512249,2,0
1082,0,1.684995184515984,0.8445537970301162,0.8053350224073063,-1.1609347783477386,2,-0.05016748378454817,0.9482450576360589,0,0
1083,1,-0.0136787957357109,-0.4534961905100781,-0.9678946679069544,-1.2954207960851187,1,-0.7567517624401544,1.9856555468172403,2,1
1084,0,-1.3547372011975753,-1.0890226168566204,1.4763327373767898,-0.6112962710732285,0,1.3630010735266642,0.42953981304546823,0,0
1085,1,-1.712352775987406,-0.050299850510848836,1.1003610388062495,-1.4006707230100248,0,-1.4633360410957605,-0.08916543154512249,0,1
1086,1,0.8803601412388654,-0.23357091414686212,-0.0894450214883916,1.5053967037498848,1,-1.4633360410957605,1.9856555468172403,2,1
1087,0,-1.5335449885924908,1.3415998607369866,-1.6699542891043344,-1.5410039589098998,0,-0.05016748378454817,1.9856555468172403,0,0
1088,1,-0.5501021579204567,-0.16255671161424678,-0.5773311693093164,1.3533690315250202,0,-0.05016748378454817,0.42953981304546823,0,1
1089,0,0.8803601412388654,0.5539077652521883,0.7099217257407568,1.6281882851622753,1,0.6564167948710581,-1.0228348718081859,2,1
1090,0,-1.444141094895033,-1.265917874930915,-0.034415307556411194,-0.06750498196121324,0,1.3630010735266642,0.9482450576360589,1,0
1091,0,-0.19248658313062617,-0.4477873102163216,0.44219324162654916,1.1604108321626923,0,-0.05016748378454817,-0.6078706761357132,2,1
1092,0,1.5061873971210689,-0.0564355629761011,0.7150210941544819,-0.6346851437232077,0,0.6564167948710581,0.42953981304546823,0,0
1093,0,0.4333406727515773,1.3811351906217861,-1.0683064322423608,1.1837997048126714,2,1.3630010735266642,-0.8153527739719495,1,0
1094,0,-1.712352775987406,-0.26785087292011933,1.544712396014413,0.8563554877129633,0,-1.4633360410957605,1.9856555468172403,1,1
1095,0,-0.4606982642229991,0.2589400577378653,-1.4514808916773407,-0.9679765789854106,0,0.6564167948710581,-0.08916543154512249,1,0
1096,0,-0.9971216264077448,-0.09146247804947598,-1.6967162712816926,-0.020727236661254936,1,1.3630010735266642,1.9856555468172403,2,0
1097,0,-0.4606982642229991,1.2122697127737563,-1.3289563410242742,-1.0615320695853272,0,0.6564167948710581,0.9482450576360589,1,0
1098,0,0.3439367790541196,-0.8369782195883446,0.3300769908864283,-0.5645185257732702,0,-0.05016748378454817,-0.8153527739719495,1,0
1099,0,-1.444141094895033,0.4194022772095713,-0.6702607553329555,-1.6521011039973008,1,-0.7567517624401544,-1.0228348718081859,1,1
1100,1,-0.728909945315372,1.3834560905542945,-0.13746601444990963,-0.14351881807364547,0,-1.4633360410957605,-1.0228348718081859,0,1
1101,1,1.5061873971210689,0.2304756873012385,-0.28215768259095036,-0.002219905234813311,2,-0.05016748378454817,-0.9190938228900677,2,0
1102,0,1.5061873971210689,-1.0058436974363743,-1.7679910051374579,0.8680499240379529,0,-0.05016748378454817,-0.08916543154512249,2,0
1103,0,-1.2653333075001179,-1.6049826811628987,1.1163887340487797,1.2656607590875983,1,1.3630010735266642,-0.9190938228900677,0,0
1104,0,1.684995184515984,-1.442786455994491,-1.179142019682231,0.8855915785254372,2,0.6564167948710581,0.9482450576360589,1,0
1105,0,0.3439367790541196,0.9497145732823964,-1.1698436279628357,-1.2954207960851187,2,-1.4633360410957605,-0.8153527739719495,0,0
1106,0,-0.8183138390128296,-0.22719510858514347,1.2071761196429087,1.4118412131499682,0,-0.05016748378454817,1.9856555468172403,0,1
1107,0,-0.6395060516179143,-0.04987301833935302,1.7148543366495246,-1.1375459056977595,1,1.3630010735266642,-0.6078706761357132,1,0
1108,0,1.237975716028696,-0.19320859692978962,0.0007214364450098655,-0.6990045435106503,0,-1.4633360410957605,-0.9190938228900677,1,1
1109,0,0.4333406727515773,-1.6613512048110641,0.6058930577816125,0.7686472152755415,0,0.6564167948710581,-1.0228348718081859,2,0
1110,1,-1.1759294138026601,1.2211798343537315,1.1977224960083315,-1.0439904150978427,1,-0.05016748378454817,-0.08916543154512249,1,0
1111,0,-1.444141094895033,-0.06347829380578196,-0.1574909315083736,-0.7574767251355983,1,-0.05016748378454817,1.9856555468172403,0,0
1112,1,-1.0865255201052024,-0.9658281813586422,1.6736713095517688,-1.4883789954474467,0,-0.05016748378454817,-0.8153527739719495,0,0
1113,0,-0.0136787957357109,-1.1803113475352867,-0.017588167950694195,0.780341651600531,2,-1.4633360410957605,0.42953981304546823,1,0
1114,0,0.7909562475414078,1.4268062329718376,-0.7564377530461823,0.28332810778847406,0,-1.4633360410957605,0.9482450576360589,2,1
1115,1,-0.9077177327102872,-1.2318780092541242,-1.3345990211411358,0.7511055607880571,2,-1.4633360410957605,0.9482450576360589,0,0
1116,0,1.237975716028696,-0.740754241926758,-0.020040832210568075,0.4119669073633594,0,-1.4633360410957605,-1.0228348718081859,1,1
1117,1,0.5227445664490349,-0.5711951618000476,0.5374901143567121,-1.0264487606103585,1,1.3630010735266642,0.42953981304546823,2,0
1118,0,-1.5335449885924908,-1.5035300094004884,1.031212982188476,-0.38910198089842657,2,-0.7567517624401544,0.9482450576360589,2,0
1119,0,-1.2653333075001179,-0.6561881179491508,-1.4801677496029544,-0.9679765789854106,1,1.3630010735266642,-0.6078706761357132,0,0
1120,1,-1.3547372011975753,1.024943743508533,1.4879052766535998,0.3301058530884324,1,-0.05016748378454817,1.9856555468172403,0,1
1121,0,-1.3547372011975753,-0.8668831486037698,-0.2018329280800808,0.13130043556360957,1,1.3630010735266642,-0.08916543154512249,2,0
1122,1,0.254532885356662,0.4859880959629176,-0.009772241021285976,0.24239758065101052,1,0.6564167948710581,1.9856555468172403,2,0
1123,0,-0.9971216264077448,-1.0645331210170481,-1.574703985948726,-0.1318243817486559,1,-1.4633360410957605,-0.6078706761357132,2,0
1124,1,1.3273796097261537,1.1339193322935568,-0.33176980268308276,-1.0439904150978427,0,0.6564167948710581,0.9482450576360589,1,0
1125,1,-0.0136787957357109,0.9626529234808631,0.9567327092842046,0.42366134368834896,2,0.6564167948710581,-0.6078706761357132,0,0
1126,0,1.3273796097261537,-0.33515697096286484,-0.014273966561560818,-1.178476432835223,0,-0.05016748378454817,1.9856555468172403,2,0
1127,0,-0.19248658313062617,0.9601452844733253,-0.1389329560483785,-0.7457822888106087,0,-1.4633360410957605,0.9482450576360589,0,1
1128,1,-0.2818904768280838,1.6634313180448272,-0.21219465841847202,0.26578645330098966,0,0.6564167948710581,-0.08916543154512249,0,0
1129,0,0.3439367790541196,-0.756440324229229,0.2972532024212174,-0.8393377794105252,1,-0.05016748378454817,-0.08916543154512249,0,0
1130,0,-1.5335449885924908,-0.27331966011740944,-1.7609279529966817,1.6983549031122127,0,-1.4633360410957605,0.42953981304546823,2,1
1131,0,1.0591679286337807,-1.0748037701436661,-1.6791517800788616,-0.12597716358616112,2,-0.7567517624401544,-0.6078706761357132,1,0
1132,1,1.3273796097261537,-1.3751602338231237,1.528482899282146,1.5112439219123794,0,-0.05016748378454817,-0.8153527739719495,2,0
1133,1,1.5955912908185266,-0.07380229695383686,0.2142817437564966,1.1721052684876818,1,1.3630010735266642,0.42953981304546823,0,1
1134,1,-0.6395060516179143,0.8613336367720452,1.708582967276176,-1.1375459056977595,2,-1.4633360410957605,-0.08916543154512249,2,0
1135,1,0.4333406727515773,1.5804124606888923,0.3613872681786157,1.528785576399864,2,0.6564167948710581,-1.0228348718081859,2,0
1136,1,-0.9971216264077448,-1.6799984353032873,-0.7233733551124395,-1.2486430507851605,2,0.6564167948710581,0.9482450576360589,0,0
1137,1,-1.444141094895033,0.5549481686702094,0.6376379844363093,1.3650634678500098,2,1.3630010735266642,0.42953981304546823,0,0
1138,1,-0.5501021579204567,-1.3120691034738994,0.05472661973678979,-1.3012680142476136,0,1.3630010735266642,-0.9190938228900677,2,0
1139,1,1.5061873971210689,0.7472894159505086,-0.3862406817204084,-1.646253885834806,1,0.6564167948710581,-0.8153527739719495,2,0
1140,1,1.237975716028696,-0.5205355184456387,-1.6178972663480873,-0.002219905234813311,2,-1.4633360410957605,0.9482450576360589,2,1
1141,0,-0.8183138390128296,-1.1756428706595512,-0.41325103496205745,-0.002219905234813311,2,-0.05016748378454817,0.42953981304546823,2,0
1142,1,-1.5335449885924908,1.0175008575180746,1.2194083945592418,-0.956282142660421,1,1.3630010735266642,-0.08916543154512249,1,0
1143,0,0.7015523538439502,-1.1942100701196188,0.7364353368538238,0.2482447988135053,0,1.3630010735266642,1.9856555468172403,2,0
1144,0,0.7909562475414078,-0.5491599509465764,0.5993888405354912,0.6341611975381614,2,1.3630010735266642,-0.08916543154512249,1,0
1145,0,-0.9971216264077448,-1.3985826492339564,-0.12157026633528398,0.4704390889883073,0,-0.7567517624401544,-0.8153527739719495,0,1
1146,1,-1.5335449885924908,0.31648236985764416,-1.7500850037212266,1.5404800127248535,0,-1.4633360410957605,-0.9190938228900677,1,1
1147,1,0.4333406727515773,1.1810042562116883,0.945680196923254,-1.1024625967227908,0,-1.4633360410957605,0.42953981304546823,0,1
1148,1,1.237975716028696,0.3475077333232458,0.18409689784937786,-0.17860212704861422,0,-1.4633360410957605,1.9856555468172403,1,1
1149,1,-0.728909945315372,-1.6441445328976394,-0.1648722090752725,-0.5294352167983015,2,-1.4633360410957605,0.42953981304546823,0,0
1150,0,-0.9971216264077448,-0.24365482419845064,0.19908453926018946,-1.2661847052726447,2,-1.4633360410957605,-0.6078706761357132,2,0
1151,1,-0.4606982642229991,-1.6142396038822142,-0.9535590005399068,-0.8217961249230409,0,0.6564167948710581,-1.0228348718081859,1,0
1152,1,0.4333406727515773,-0.8571727167022402,-0.005503363353783969,-0.2838520539735204,0,1.3630010735266642,-0.08916543154512249,1,0
1153,1,-1.3547372011975753,-0.5242702999462271,0.3027328890271382,1.3767579041749993,1,0.6564167948710581,0.42953981304546823,0,1
1154,1,-0.8183138390128296,1.715451488945879,0.7770517674611657,-0.002219905234813311,1,-0.7567517624401544,0.42953981304546823,0,1
1155,1,1.237975716028696,0.18613849548711126,-1.0537068706195039,-0.8276433430855357,1,-0.05016748378454817,0.9482450576360589,1,0
1156,0,0.3439367790541196,-0.3468681786682811,-1.3430125909439945,-0.8276433430855357,2,1.3630010735266642,0.9482450576360589,0,0
1157,1,-0.4606982642229991,1.3343970678429948,-0.5155022974923691,-0.002219905234813311,1,-0.7567517624401544,0.42953981304546823,2,1
1158,0,1.5955912908185266,1.4166422918880937,-0.1629085253482216,0.8037305242505102,2,0.6564167948710581,-0.9190938228900677,1,0
1159,1,-1.0865255201052024,1.6059690369572037,1.6658398594308426,0.2482447988135053,2,-0.05016748378454817,-1.0228348718081859,2,0
1160,0,-1.3547372011975753,-0.9139680725219013,0.8408831309839593,1.0785497778877653,2,-0.7567517624401544,0.42953981304546823,1,0
1161,1,0.5227445664490349,0.4442385741884837,0.07486019913588107,-0.9621293608229158,2,-0.05016748378454817,-0.8153527739719495,2,0
1162,1,-0.19248658313062617,0.778901673651917,1.0209987221695076,0.9031332330129216,1,-0.7567517624401544,-0.08916543154512249,1,1
1163,0,-1.2653333075001179,-1.1719080891589628,1.2706737345480612,-0.1318243817486559,0,0.6564167948710581,-0.6078706761357132,0,0
1164,0,1.5061873971210689,-0.9055648141455775,-1.4343200034539827,1.7100493394372023,0,-0.05016748378454817,0.9482450576360589,1,0
1165,0,-0.6395060516179143,-1.2396410193732041,0.5065213472779249,-0.6931573253481556,0,-0.7567517624401544,-0.8153527739719495,2,0
1166,1,0.7015523538439502,-0.9347761408823221,0.32061560565609204,-1.4416012501474884,1,0.6564167948710581,-0.08916543154512249,1,0
1167,0,-1.3547372011975753,-0.6238289039476247,0.8001347532487129,1.5872577580248117,0,1.3630010735266642,1.9856555468172403,2,1
1168,1,-0.6395060516179143,-0.24080038405157242,-0.941590619879383,0.3476475075759167,1,0.6564167948710581,0.9482450576360589,2,1
1169,1,-0.2818904768280838,0.1383066152688621,-0.0817455184953698,0.07282825393866167,0,0.6564167948710581,-0.9190938228900677,2,0
1170,0,1.0591679286337807,1.4106132874657153,1.2275968780850866,-1.4591429046349729,1,1.3630010735266642,0.9482450576360589,0,0
1171,0,0.7909562475414078,-0.33136883544083956,-1.6229500651872577,0.03774494496369295,0,0.6564167948710581,-1.0228348718081859,1,0
1172,1,-1.5335449885924908,-0.08367279091967746,0.3415796758014064,0.6575500701881405,0,1.3630010735266642,-1.0228348718081859,2,1
1173,1,1.237975716028696,-1.1813517509533076,-0.8930651231935238,-0.6229907073982182,0,1.3630010735266642,-0.08916543154512249,0,0
1174,0,0.6121484601464925,-1.5531759263475948,-0.37522697733825316,-0.9738237971479053,2,1.3630010735266642,-0.8153527739719495,2,0
1175,0,-0.6395060516179143,-0.4740374887633139,-0.2783855470520304,1.552174449049843,1,-0.7567517624401544,-0.6078706761357132,1,1
1176,0,1.1485718223312382,-0.8240398693898779,1.3720168903745589,1.4118412131499682,2,-0.05016748378454817,-0.9190938228900677,0,0
1177,1,-1.2653333075001179,1.3023046239486538,0.6056369251215623,-0.1727549088861194,1,-0.7567517624401544,-0.08916543154512249,2,1
1178,1,0.3439367790541196,-0.2323170946430932,0.5091990978148124,-1.038143196935348,0,1.3630010735266642,1.9856555468172403,2,0
1179,1,-0.10308268943316853,-1.158142751628223,0.37990643565981536,0.9849942872878487,1,-0.05016748378454817,-0.9190938228900677,2,0
1180,1,-0.37129437052554143,-0.38021444206639127,0.8758180734956439,-0.8861155247104836,1,-0.05016748378454817,-1.0228348718081859,1,0
1181,1,0.7015523538439502,-0.30695937063342293,0.30744417765290855,0.8563554877129633,2,1.3630010735266642,0.42953981304546823,0,0
1182,1,1.1485718223312382,-0.20886800222154214,0.003849359535924972,-0.5586713076107754,1,-0.05016748378454817,0.42953981304546823,0,0
1183,0,-0.6395060516179143,-0.007109770157616589,0.4042856079391314,-0.8101016885980513,0,-0.05016748378454817,-0.6078706761357132,0,0
1184,1,0.4333406727515773,-0.28871229530197706,0.8659065157112801,1.1194803050252287,1,-0.7567517624401544,-0.9190938228900677,2,1
1185,1,1.4167835034236111,-1.1588630309176222,0.05846770889267337,-0.9445877063354314,1,-0.05016748378454817,-0.08916543154512249,0,0
1186,1,0.6121484601464925,1.401036240617778,-1.1710311521139771,-0.8627266520605044,1,1.3630010735266642,-0.6078706761357132,2,0
1187,0,1.5955912908185266,-1.5993004778798607,-0.8293346604155984,0.23655036248851574,2,-1.4633360410957605,0.9482450576360589,1,0
1188,1,-1.1759294138026601,0.6525860278998759,-0.5991955845626857,-1.3129624505726032,1,-1.4633360410957605,0.9482450576360589,0,1
1189,1,-1.3547372011975753,1.2388666924600888,-0.8091234650589162,-0.002219905234813311,1,-1.4633360410957605,1.9856555468172403,2,1
1190,0,0.969764034936323,-0.9809273694253065,-1.2501761440694643,0.22485592616352618,2,1.3630010735266642,-0.8153527739719495,0,0
1191,1,0.254532885356662,-0.441358150633166,-1.7256126922928015,-1.2018653054852022,2,-1.4633360410957605,0.42953981304546823,0,0
1192,1,-0.9077177327102872,-0.9663883985837305,-0.8849930636040655,0.22485592616352618,2,-0.7567517624401544,-0.08916543154512249,1,0
1193,1,1.0591679286337807,0.39819405368837324,0.15984191110220738,-0.5645185257732702,2,1.3630010735266642,-0.9190938228900677,0,0
1194,1,0.8803601412388654,-1.4157092901152257,1.4790104879136774,-0.7867128159480722,0,1.3630010735266642,-0.6078706761357132,1,0
1195,1,1.684995184515984,1.2112559863664538,0.29549132018390295,1.417688431312463,0,1.3630010735266642,-0.08916543154512249,0,1
1196,0,0.969764034936323,-0.0494728631785757,-0.6008410428636137,-1.0206015424478636,1,-0.05016748378454817,-0.6078706761357132,0,0
1197,0,-0.19248658313062617,1.5778514676599174,0.44423454131119106,0.03189772680119816,0,-0.05016748378454817,-0.6078706761357132,0,0
1198,0,1.4167835034236111,-0.4990071707958188,-0.5351313731671192,1.63403550332477,1,-0.05016748378454817,-0.6078706761357132,0,1
1199,1,-1.6229488822899483,0.6917212026238979,-0.9101406338635318,0.8212721787379945,0,0.6564167948710581,-0.9190938228900677,0,1
1200,1,-0.5501021579204567,0.7931471973755897,1.5049807873236078,-1.3305041050600874,2,-0.7567517624401544,-0.08916543154512249,0,0
1201,1,-0.6395060516179143,1.1366403873868425,-1.2243921229577523,0.9557581964753746,2,1.3630010735266642,-1.0228348718081859,1,0
1202,0,0.7909562475414078,-1.6585767956963413,-1.1744307310564606,1.277355195412588,0,1.3630010735266642,-1.0228348718081859,1,0
1203,1,-0.728909945315372,0.7574266800235341,-1.6691936527199431,-0.002219905234813311,0,-0.05016748378454817,-0.9190938228900677,2,1
1204,1,1.684995184515984,0.6105964130289755,0.3096484708484914,-0.05581054563622366,1,1.3630010735266642,0.9482450576360589,0,0
1205,0,-1.6229488822899483,-0.8868909066426359,1.546031867293459,1.552174449049843,1,1.3630010735266642,-0.9190938228900677,1,0
1206,1,1.0591679286337807,-0.31875060937099464,0.98548942157165,-0.9095043973604627,1,-1.4633360410957605,0.42953981304546823,0,1
1207,0,-0.6395060516179143,-0.813822574284697,1.632395143304904,1.522938358237369,2,1.3630010735266642,-0.6078706761357132,0,0
1208,0,0.6121484601464925,1.044951501547399,1.6755030461509153,1.7217437757621918,2,0.6564167948710581,-0.08916543154512249,1,0
1209,0,-0.2818904768280838,1.081525683242446,-0.9674833033317225,-0.07919941828620282,2,-0.05016748378454817,-0.08916543154512249,0,0
1210,1,0.969764034936323,-0.4084120423958332,-1.0517897564670076,1.6515771578122544,2,-0.7567517624401544,-0.8153527739719495,1,1
1211,1,1.237975716028696,-0.1545002543772634,0.5763679475140168,0.9440637601503851,1,-0.7567517624401544,-0.8153527739719495,1,1
1212,1,0.3439367790541196,1.1373606666762417,-1.2655518652682307,-1.2194069599726864,2,-1.4633360410957605,1.9856555468172403,2,0
1213,1,1.3273796097261537,1.2762411844766908,-1.6262797897679093,-1.2661847052726447,2,-0.7567517624401544,-1.0228348718081859,2,0
1214,1,-1.2653333075001179,-1.1409627567255167,-1.3555087601161366,-0.5294352167983015,2,-0.7567517624401544,-0.8153527739719495,2,0
1215,1,-0.10308268943316853,-1.051301323700678,-1.5751153505239581,0.24239758065101052,2,-0.05016748378454817,-0.8153527739719495,2,0
1216,1,0.8803601412388654,0.9218904511030133,-0.5758331813278111,-0.2429215268360569,0,-0.05016748378454817,-1.0228348718081859,0,0
1217,0,-1.1759294138026601,-1.3997030836841329,1.5203875549054104,0.04943938128868252,1,0.6564167948710581,0.42953981304546823,0,0
1218,1,-0.9077177327102872,-1.012486273105278,-1.5785071678706823,-0.002219905234813311,1,-1.4633360410957605,0.9482450576360589,2,1
1219,0,1.0591679286337807,1.1944494696138062,0.3847108634346949,-0.9679765789854106,2,-0.7567517624401544,-1.0228348718081859,1,0
1220,1,1.237975716028696,0.2755865124262019,-0.8059722571807239,1.7568270847371605,0,0.6564167948710581,0.9482450576360589,1,1
1221,1,0.7015523538439502,0.3702899004768347,0.5335782700941285,-0.11428272726117154,1,-1.4633360410957605,1.9856555468172403,1,1
1222,1,-0.4606982642229991,1.651453340232226,0.9964953643580461,1.5346327945623588,1,-0.7567517624401544,-0.8153527739719495,1,1
1223,0,0.8803601412388654,-0.08433971618763966,1.077999881424298,-0.6580740163731869,2,-0.7567517624401544,-0.08916543154512249,0,0
1224,0,1.5061873971210689,-0.2278620338531057,-1.3361979098675094,-0.16106047256112985,2,-0.05016748378454817,-0.8153527739719495,1,0
1225,0,0.7909562475414078,-0.3987549645157405,1.222544079245916,0.1546893082135887,1,1.3630010735266642,-0.6078706761357132,1,0
1226,0,0.16512899165920436,0.4741968572253458,-0.4372576506449369,1.2656607590875983,1,-1.4633360410957605,1.9856555468172403,2,1
1227,1,-1.444141094895033,1.1650247267913139,1.29125748650118,-1.2720319234351396,0,-0.7567517624401544,0.9482450576360589,1,1
1228,0,-0.0136787957357109,-0.6914284491082735,-0.5639657014121555,0.2540920169760001,1,-1.4633360410957605,0.9482450576360589,0,0
1229,1,1.0591679286337807,-0.48572201945801174,-1.1669873607234889,1.522938358237369,1,0.6564167948710581,-0.6078706761357132,1,1
1230,1,1.4167835034236111,-1.5130537022269888,0.16284564866097698,1.248119104600114,2,0.6564167948710581,-0.6078706761357132,1,0
1231,0,-1.444141094895033,-0.10037259962945101,1.3769377420858249,-0.33647701743597347,1,1.3630010735266642,0.42953981304546823,0,0
1232,0,0.6121484601464925,1.1878869249770583,0.7886941610998075,-0.9445877063354314,2,-0.7567517624401544,-0.9190938228900677,2,0
1233,0,-0.2818904768280838,0.34315938057613227,0.6149741248197531,-0.6054490529107337,1,-0.05016748378454817,-0.6078706761357132,0,0
1234,0,-0.728909945315372,-0.8425537148285086,-0.17348758036786746,0.3534947257384115,1,-0.7567517624401544,0.9482450576360589,2,1
1235,0,0.16512899165920436,1.3154830672435869,0.5918368078618922,-0.10258829093618196,1,-1.4633360410957605,-0.08916543154512249,1,1
1236,0,-0.2818904768280838,-0.4776122081995913,1.2403724647045562,-1.6228650131848268,0,0.6564167948710581,0.9482450576360589,2,0
1237,0,-0.9077177327102872,0.8639479838224571,1.7148388134580064,1.335827377037536,2,-1.4633360410957605,0.9482450576360589,2,1
1238,0,-1.712352775987406,0.6672317067843258,-0.6782784837521002,-0.6756156708606712,0,1.3630010735266642,0.42953981304546823,2,0
1239,1,0.16512899165920436,0.8867835049974829,-1.3601890023588707,-1.008907106122874,1,0.6564167948710581,-0.9190938228900677,1,0
1240,0,0.5227445664490349,0.6390074294441653,-0.7017961189021567,-0.2896992721360152,0,-0.05016748378454817,-0.9190938228900677,2,0
1241,0,-0.19248658313062617,1.1358934310867248,0.5206629747509951,0.4528974345008229,2,0.6564167948710581,-0.6078706761357132,2,0
1242,1,-0.5501021579204567,1.4425723463064641,1.3051973124845138,-1.4299068138224988,1,-0.7567517624401544,1.9856555468172403,1,1
1243,0,0.7909562475414078,-0.23010290275345868,-1.3430669221143081,-1.3129624505726032,0,-0.7567517624401544,-0.8153527739719495,0,1
1244,1,-0.728909945315372,1.6522269735430621,-0.725461224371636,1.0785497778877653,0,0.6564167948710581,0.9482450576360589,0,1
1245,1,1.4167835034236111,0.38784337352959986,0.8034023850632916,1.5463272308873484,2,1.3630010735266642,-1.0228348718081859,0,0
1246,0,1.3273796097261537,-0.2700383877990354,0.9276112019960818,-1.6170177950223321,0,-0.7567517624401544,-0.8153527739719495,1,1
1247,1,-0.728909945315372,-1.5304737902261614,1.0374300203915108,-1.236948614460171,2,-0.7567517624401544,-0.8153527739719495,1,0
1248,1,-1.1759294138026601,1.435076106294569,1.703972579395274,-0.002219905234813311,1,-0.05016748378454817,-0.9190938228900677,0,0
1249,1,0.7909562475414078,1.3953540373347402,0.7292636223724205,1.5755633216998222,1,0.6564167948710581,-0.9190938228900677,2,1
1250,1,-0.8183138390128296,0.2625414541848612,1.5434860638844758,0.3593419439009063,0,-0.7567517624401544,0.42953981304546823,0,1
1251,0,1.1485718223312382,0.025809661068997736,1.2641928020892172,0.8622027058754581,1,1.3630010735266642,0.42953981304546823,1,1
1252,1,-1.2653333075001179,-0.8146228846062517,0.11587247112693672,-1.3246568868975928,1,-1.4633360410957605,-0.9190938228900677,2,0
1253,0,-0.4606982642229991,-0.8522374697193198,-1.6137603358084898,1.329980158875041,0,0.6564167948710581,-0.08916543154512249,2,0
1254,1,1.0591679286337807,-1.1013740728192802,1.5399467762183288,-0.8919627428729784,1,-0.05016748378454817,-0.08916543154512249,1,0
1255,1,-0.8183138390128296,1.6453443047776923,1.4335197751696243,-0.6054490529107337,0,-0.7567517624401544,-1.0228348718081859,2,1
1256,1,0.254532885356662,-0.837485082791996,0.8561191434590619,0.5347584887757499,2,1.3630010735266642,-0.9190938228900677,0,0
1257,1,0.5227445664490349,-1.077418117194078,1.4075339525681756,0.48213352531329684,2,0.6564167948710581,-0.6078706761357132,1,0
1258,0,1.237975716028696,0.295434208400757,0.49341977363657324,1.669118812299739,2,1.3630010735266642,0.42953981304546823,1,0
1259,0,1.237975716028696,1.1660918072200535,-0.01568657698971603,1.4001467768249785,0,1.3630010735266642,-0.9190938228900677,1,1
1260,1,0.7909562475414078,-1.2107764937758,1.4621134939461284,-0.014880018498760146,0,-0.05016748378454817,-0.08916543154512249,1,0
1261,1,-1.444141094895033,0.6907608302380323,1.384582913908533,-1.67548997664728,1,0.6564167948710581,-0.9190938228900677,2,0
1262,0,-0.2818904768280838,0.42639165401781515,-1.7539037088347011,-0.14351881807364547,1,-0.7567517624401544,-0.08916543154512249,1,1
1263,1,1.3273796097261537,1.4697028662071665,-0.9016572096988416,0.5347584887757499,1,-0.05016748378454817,-0.9190938228900677,1,1
1264,1,-0.6395060516179143,-0.7548397035861197,0.3042852081789571,-1.1843236509977177,1,-0.7567517624401544,0.9482450576360589,2,0
1265,1,1.684995184515984,-1.42304546806281,0.4012818703803618,1.3650634678500098,1,-1.4633360410957605,-0.6078706761357132,1,1
1266,0,-0.4606982642229991,1.1710003771922552,-0.4559708580201139,-0.8276433430855357,0,1.3630010735266642,1.9856555468172403,2,0
1267,0,0.7909562475414078,-1.2841115962409237,0.28960026900275015,0.6400084157006561,0,-1.4633360410957605,-1.0228348718081859,2,1
1268,0,0.7909562475414078,1.6154393757622671,-0.4918760000016853,-0.8568794338980096,2,1.3630010735266642,0.9482450576360589,1,0
1269,1,-0.8183138390128296,1.549253712169698,0.3435433595284573,-0.16690769072362463,2,-0.05016748378454817,-0.6078706761357132,0,0
1270,1,1.0591679286337807,-1.5589381606627883,1.664240970704469,0.7394111244630676,2,-0.7567517624401544,-0.08916543154512249,1,0
1271,0,-1.6229488822899483,1.297129283869267,1.3230101747516358,1.0317720325878068,2,-0.7567517624401544,0.42953981304546823,0,1
1272,0,-0.5501021579204567,-0.4485609435271578,1.50581903966559,1.470313394774916,0,-0.05016748378454817,0.42953981304546823,2,1
1273,0,-0.0136787957357109,-0.7819969004975407,1.0011057522389482,1.3475218133625255,0,0.6564167948710581,-0.8153527739719495,0,0
1274,0,0.16512899165920436,1.4938188838966797,-0.8313759601002403,1.2130357956251454,0,-1.4633360410957605,-0.6078706761357132,1,1
1275,1,-0.8183138390128296,0.9503281445289216,-1.2879363074374595,-1.646253885834806,1,-1.4633360410957605,-0.9190938228900677,1,1
1276,0,0.6121484601464925,0.32931401201323696,1.0907599448522494,0.4002724710383698,1,-0.7567517624401544,-1.0228348718081859,0,1
1277,1,-1.5335449885924908,-0.9958931724383783,-0.21941294247442997,-1.0322959787728532,2,-0.7567517624401544,-0.9190938228900677,1,0
1278,0,-0.2818904768280838,1.3940735408202527,-0.8665515120804569,-0.33647701743597347,1,-0.7567517624401544,-0.9190938228900677,0,1
1279,1,0.7015523538439502,-0.5230698344638951,-0.4361399808556273,1.4644661766124212,0,-0.05016748378454817,-0.6078706761357132,2,1
1280,0,0.7909562475414078,-0.4604055362861665,0.502353370355291,-0.7399350706481138,2,0.6564167948710581,1.9856555468172403,0,0
1281,0,0.07572509796174673,0.542249911568209,0.9416829751073202,1.3241329407125464,2,-1.4633360410957605,-1.0228348718081859,0,1
1282,0,-0.37129437052554143,1.0022949614085364,0.9076794240867271,1.2890496317375777,1,1.3630010735266642,-0.8153527739719495,0,1
1283,0,1.5061873971210689,-1.1404825705325838,-1.0397204750616156,0.5932306704006978,2,-0.05016748378454817,0.9482450576360589,0,0
1284,1,-0.0136787957357109,1.0763503431630594,0.10940706185961095,-1.1083098148852855,1,-1.4633360410957605,-0.9190938228900677,2,1
1285,0,-1.2653333075001179,1.7121435396167866,1.5820611948071759,-1.231101396297676,0,0.6564167948710581,-1.0228348718081859,2,0
1286,1,-0.10308268943316853,-0.9950661851061051,-0.7465029104745413,-0.4768102533358484,2,-0.05016748378454817,-0.8153527739719495,2,0
1287,1,-1.3547372011975753,1.5437582479616896,-0.8316553775475677,-1.0206015424478636,1,-1.4633360410957605,0.9482450576360589,0,1
1288,1,-1.5335449885924908,0.011430752291732646,-0.8790321580610809,-0.956282142660421,1,-0.05016748378454817,-0.9190938228900677,2,0
1289,1,-1.712352775987406,-0.5274448642217271,-0.3341836589641612,-0.5762129620982598,1,-1.4633360410957605,-1.0228348718081859,1,1
1290,0,1.5955912908185266,0.5385684840890577,0.930405376469356,-1.6170177950223321,1,-1.4633360410957605,0.9482450576360589,2,1
1291,1,-0.4606982642229991,0.6437826143627747,-0.04670967523881697,-1.6579483221597955,2,0.6564167948710581,-0.6078706761357132,0,0
1292,1,1.237975716028696,-0.6737415910019159,0.8475037721664669,-1.2544902689476551,0,1.3630010735266642,1.9856555468172403,1,0
1293,1,1.3273796097261537,0.019327147464405125,1.4218773815309824,0.20146705351354702,0,0.6564167948710581,0.42953981304546823,0,0
1294,0,0.4333406727515773,-0.8788344494056525,-0.09268936851569312,0.5639945795882239,1,-1.4633360410957605,0.42953981304546823,1,1
1295,0,0.3439367790541196,-0.5620182701128877,0.4869466027734884,0.06698103577616689,1,-0.05016748378454817,-0.9190938228900677,0,0
1296,0,-0.728909945315372,0.08247163183506648,-0.3814750619243243,-0.16690769072362463,1,0.6564167948710581,-0.9190938228900677,0,0
1297,0,-0.19248658313062617,-0.5368084949839165,0.8202372862647678,0.8855915785254372,0,1.3630010735266642,0.9482450576360589,1,1
1298,1,-0.4606982642229991,0.07780315495933106,-0.49324204085528595,0.8505082695504685,1,-1.4633360410957605,-1.0228348718081859,2,1
1299,1,-0.37129437052554143,0.8505027704203391,0.4206004822247481,-1.7164205037847435,2,0.6564167948710581,0.42953981304546823,1,0
1300,0,0.6121484601464925,-0.7075680405929589,0.3008390596619191,1.3124385043875568,0,0.6564167948710581,-0.9190938228900677,1,0
1301,1,-1.0865255201052024,-0.6928423306763534,-1.1943392241785382,0.07867547210115647,2,0.6564167948710581,-0.8153527739719495,1,0
1302,1,0.4333406727515773,0.06070319108878018,-0.9811980430380426,1.3241329407125464,0,0.6564167948710581,-0.9190938228900677,1,1
1303,1,-0.2818904768280838,-0.5562026817762573,0.07301293934521656,1.0142303781003226,0,-0.05016748378454817,0.42953981304546823,1,1
1304,0,0.7909562475414078,0.34281257943679194,-1.4376031584600797,-0.488504689660838,1,1.3630010735266642,-0.08916543154512249,0,0
1305,0,-1.0865255201052024,-1.704247838046393,-1.4104919044735624,-0.002219905234813311,1,1.3630010735266642,1.9856555468172403,0,0
1306,1,-0.4606982642229991,0.7747400599798329,1.583295288532872,-1.6813371948097748,0,-1.4633360410957605,0.42953981304546823,2,1
1307,0,0.6121484601464925,-1.4823217858792905,-0.09382256149652093,1.0610081234002808,0,-0.7567517624401544,-0.8153527739719495,2,1
1308,0,-1.1759294138026601,0.7727659611866647,-0.8401620864995354,0.9616054146378694,0,-0.05016748378454817,-1.0228348718081859,1,1
1309,0,-1.5335449885924908,-1.0698685231607459,0.04006496534786017,-0.24876874499855167,0,-1.4633360410957605,-0.8153527739719495,2,0
1310,0,0.7909562475414078,0.7885320745212913,0.2107346944945904,1.3475218133625255,2,-1.4633360410957605,-0.08916543154512249,2,1
1311,0,0.3439367790541196,0.20363861451843945,0.7241487307671771,0.8329666150629841,0,0.6564167948710581,-0.08916543154512249,1,1
1312,1,-1.5335449885924908,0.7500371480545128,-0.7776036246812332,-0.3481714537609631,0,-0.7567517624401544,-0.9190938228900677,0,1
1313,0,-0.0136787957357109,-0.45947184091101945,1.3445097950043279,0.0611338176136721,0,-0.7567517624401544,-0.9190938228900677,0,1
1314,1,-0.4606982642229991,1.164864664727003,-1.1655281807207791,1.0668553415627757,1,-0.05016748378454817,0.42953981304546823,2,1
1315,1,0.4333406727515773,-0.2738798773424977,0.16697481760481528,-1.6111705768598372,1,-0.7567517624401544,-0.6078706761357132,0,1
1316,0,0.8803601412388654,-1.344454994486144,0.7717428359619449,-0.4651158170108588,1,-1.4633360410957605,1.9856555468172403,0,0
1317,1,-0.5501021579204567,1.2186721953461934,-0.0878771791450545,-0.9387404881729366,2,-0.7567517624401544,-0.8153527739719495,2,0
1318,1,-1.1759294138026601,1.1664386083593938,1.1705646724472596,-0.9738237971479053,2,-0.7567517624401544,0.42953981304546823,1,0
1319,1,-0.2818904768280838,-0.961666567686558,-1.2980186203285233,0.66924450651313,0,1.3630010735266642,-0.6078706761357132,2,0
1320,0,-0.0136787957357109,1.2947550299153217,-0.19963639648025702,0.7394111244630676,1,-1.4633360410957605,0.42953981304546823,2,1
1321,0,1.4167835034236111,-1.3741198304051028,0.06388530273252137,-0.009032800336265358,2,-0.7567517624401544,1.9856555468172403,2,0
1322,1,-0.9971216264077448,-0.1371868744209646,-1.4484383461397758,-0.2896992721360152,1,-0.7567517624401544,1.9856555468172403,1,1
1323,0,1.5955912908185266,-1.0277455232362531,0.6405563444417288,1.522938358237369,0,0.6564167948710581,-0.08916543154512249,1,0
1324,0,0.16512899165920436,-0.8829427090562997,0.09504810970528602,-1.2252541781351813,2,-0.7567517624401544,-0.9190938228900677,1,0
1325,0,-1.6229488822899483,1.4153351183628877,0.1046259188720087,1.522938358237369,0,-0.7567517624401544,-0.9190938228900677,1,1
1326,0,0.3439367790541196,0.8453007533302339,-1.2690601065513414,0.4645918708258125,0,1.3630010735266642,1.9856555468172403,2,1
1327,1,-1.0865255201052024,0.2407730134385749,-0.3495360953756502,-0.002219905234813311,2,-1.4633360410957605,0.42953981304546823,0,1
1328,1,-0.8183138390128296,-1.3052397887299665,1.2104670362447647,0.48213352531329684,0,-0.05016748378454817,1.9856555468172403,2,0
1329,0,-0.6395060516179143,0.3159755066539929,-1.3925703798658131,0.5523001432632343,2,-1.4633360410957605,-0.9190938228900677,1,1
1330,0,-0.2818904768280838,0.6590151874830315,-1.1901169160855907,-1.4299068138224988,2,0.6564167948710581,-1.0228348718081859,0,0
1331,1,-1.0865255201052024,-1.5719565418934105,-1.7570393935213753,-0.31308814478599434,1,-1.4633360410957605,0.42953981304546823,2,0
1332,1,0.07572509796174673,0.6082755130964671,0.3319320122728519,-0.009032800336265358,0,-0.7567517624401544,-0.08916543154512249,0,1
1333,0,-0.19248658313062617,-0.6151855524748345,-1.0052745130827538,1.5638688853748326,0,0.6564167948710581,0.9482450576360589,1,1
1334,1,0.8803601412388654,-0.035013923369155146,0.21605138758957015,-0.1727549088861194,0,-1.4633360410957605,0.42953981304546823,0,1
1335,0,-0.19248658313062617,-0.01642004689836894,-0.6868317622786224,-1.0264487606103585,1,0.6564167948710581,0.42953981304546823,0,0
1336,0,0.969764034936323,1.0967849333734212,-0.6558319488167987,-0.2780048358110256,1,-0.05016748378454817,-0.9190938228900677,1,0
1337,1,1.5955912908185266,-0.6804375206922564,-0.7702999630719253,-1.3188096687350979,1,-1.4633360410957605,-0.08916543154512249,0,0
1338,1,1.0591679286337807,0.8587192897216335,-0.8240179673206187,-1.3948235048475301,0,-0.7567517624401544,0.42953981304546823,2,1
1339,0,-0.8183138390128296,1.5838804720822957,0.8244828791449925,0.505522397963276,0,0.6564167948710581,-0.9190938228900677,0,1
1340,0,0.4333406727515773,1.5843073042537914,0.4335545855466769,-1.5000734317724362,0,1.3630010735266642,1.9856555468172403,2,0
1341,1,1.1485718223312382,1.614078848215624,1.464954237993957,0.8622027058754581,1,0.6564167948710581,-0.8153527739719495,0,1
1342,0,1.5955912908185266,-0.8937735754080058,-1.4343588114327783,-1.6228650131848268,1,1.3630010735266642,-0.08916543154512249,0,0
1343,1,-1.0865255201052024,1.7076618018160805,-0.6240094062045111,0.3301058530884324,2,-0.7567517624401544,-0.6078706761357132,1,1
1344,0,-0.8183138390128296,-0.15337981992708688,-0.6672725409657041,0.014356072313713794,1,-0.05016748378454817,-1.0228348718081859,1,0
1345,1,0.16512899165920436,0.04744471676169159,-1.2326737456327062,-0.07335220012370802,2,1.3630010735266642,-0.6078706761357132,2,0
1346,1,0.3439367790541196,0.9286130578040722,1.0905891897455493,1.6983549031122127,0,-0.05016748378454817,0.9482450576360589,1,1
1347,1,-0.2818904768280838,-1.040523811370409,-0.5248627819778372,-1.0849209422353063,1,0.6564167948710581,1.9856555468172403,1,0
1348,0,-0.728909945315372,-1.6202152542831554,1.5042201509392166,-0.6756156708606712,0,-0.7567517624401544,-0.08916543154512249,1,0
1349,0,1.0591679286337807,1.7279096529514129,0.9431499167057892,1.4527717402874316,0,1.3630010735266642,0.42953981304546823,1,1
1350,1,-0.4606982642229991,-0.9703899501915036,0.8417058601344233,-1.5819344860473634,0,0.6564167948710581,-0.9190938228900677,1,0
1351,0,-0.37129437052554143,-0.8086472342053103,0.05794768197681403,-0.002219905234813311,0,-1.4633360410957605,0.9482450576360589,2,0
1352,1,0.16512899165920436,0.8123012910714641,-1.7344841962454465,-0.6756156708606712,1,0.6564167948710581,-0.08916543154512249,2,0
1353,1,0.7015523538439502,-1.3406401819534002,-0.7229542289414485,-0.3715603264109422,0,-0.05016748378454817,-1.0228348718081859,1,0
1354,0,-0.0136787957357109,-1.0552495212870143,-1.3195415253684926,-0.002219905234813311,2,-0.7567517624401544,-0.08916543154512249,1,0
1355,0,1.1485718223312382,0.10816159315697052,1.2600325867623425,1.0610081234002808,1,-0.7567517624401544,0.9482450576360589,2,1
1356,1,-0.9077177327102872,-0.23026296481776962,0.37275024436993015,1.6398827214872649,0,0.6564167948710581,-0.9190938228900677,0,1
1357,0,1.0591679286337807,-0.38136155352728623,-1.5493002830292095,0.9323693238253955,1,-1.4633360410957605,-0.6078706761357132,2,1
1358,0,1.1485718223312382,0.17408048664235465,-0.9267970183625488,-0.3715603264109422,2,-0.05016748378454817,-0.8153527739719495,0,0
1359,1,-1.6229488822899483,-1.4849894869511393,1.3345594292411687,-0.0382688911487393,0,0.6564167948710581,-0.6078706761357132,1,0
1360,1,1.1485718223312382,0.5536943491664404,-1.6806342448688485,-0.4826574714983432,2,0.6564167948710581,-0.9190938228900677,1,0
1361,0,1.1485718223312382,-1.216031864887342,-1.3584038353342789,-0.21953265418607773,0,-0.7567517624401544,0.9482450576360589,2,0
1362,1,-0.6395060516179143,-1.498648116439005,-1.5895441570401148,1.3709106860125047,2,-0.05016748378454817,-0.9190938228900677,1,0
1363,1,0.8803601412388654,0.3168291709969845,1.3929266293495597,-0.38910198089842657,0,-1.4633360410957605,1.9856555468172403,0,1
1364,0,1.1485718223312382,-0.7519052324070861,-0.6238696974808473,-0.406643635385911,1,-0.7567517624401544,-1.0228348718081859,0,0
1365,1,-0.6395060516179143,-1.444973970873407,1.4857242682452942,1.7568270847371605,0,0.6564167948710581,-0.08916543154512249,2,0
1366,1,0.5227445664490349,1.2460694853540808,-1.0820755031189946,0.8154249605754997,1,-0.7567517624401544,1.9856555468172403,0,1
1367,0,0.16512899165920436,-0.03488053831556271,-0.35818251305128157,0.6224667612131718,0,-0.7567517624401544,-0.08916543154512249,2,1
1368,0,1.684995184515984,0.6541066175108297,-0.04436567331957041,-1.2135597418101918,0,1.3630010735266642,-0.6078706761357132,2,0
1369,1,-1.6229488822899483,-0.203559277088563,-0.6166048438503349,1.6866604667872231,2,-0.7567517624401544,0.9482450576360589,0,1
1370,1,1.5955912908185266,-1.1426967624222184,-1.6362922482971414,1.441077303962442,2,-0.7567517624401544,-0.8153527739719495,0,0
1371,0,1.684995184515984,-0.8820623677025895,0.8439334381172835,0.07867547210115647,2,-0.05016748378454817,-0.8153527739719495,0,0
1372,0,0.5227445664490349,-0.5104516083940502,-1.4589863547763853,0.2774808896259793,0,-0.7567517624401544,-1.0228348718081859,0,1
1373,0,-0.4606982642229991,1.0029085326550617,-0.9144327963183112,0.8212721787379945,0,-1.4633360410957605,-0.9190938228900677,0,1
1374,0,1.237975716028696,0.7844771688920811,-0.6790080737534551,-0.6931573253481556,0,0.6564167948710581,-1.0228348718081859,0,0
1375,1,-0.8183138390128296,1.6354204567904147,1.4177094046083485,-0.9153516155229575,1,-0.05016748378454817,-0.08916543154512249,0,0
1376,0,-1.5335449885924908,0.627349575760186,0.6232945554735024,-0.5937546165857441,1,-0.7567517624401544,0.42953981304546823,1,1
1377,0,-1.2653333075001179,-0.23978665764426987,-1.2888754605243098,-0.6405323618857025,0,-1.4633360410957605,0.42953981304546823,2,1
1378,1,-0.9971216264077448,1.1258895520672918,0.4363099520411555,-0.45342138068586924,2,0.6564167948710581,0.42953981304546823,2,0
1379,0,-1.2653333075001179,-0.978659823514235,-0.2808304497161452,-0.7691711614605878,2,-0.05016748378454817,-0.9190938228900677,0,0
1380,1,-0.9971216264077448,0.3623668282934437,1.2386261056587597,-0.7867128159480722,2,-1.4633360410957605,-1.0228348718081859,2,0
1381,0,1.684995184515984,0.5338466531918853,1.1355831603610205,1.3416745952000306,0,-0.7567517624401544,1.9856555468172403,0,1
1382,0,0.969764034936323,-1.1144458080713395,1.6656613427283833,-1.482531777284952,2,1.3630010735266642,0.9482450576360589,1,0
1383,0,1.0591679286337807,1.4387041797522833,-0.46425248069506775,-0.5001991259858276,0,1.3630010735266642,-0.6078706761357132,2,0
1384,1,-0.728909945315372,-1.2366531941727334,-0.9945091797648897,-0.12012994542366633,1,-0.05016748378454817,-0.08916543154512249,2,0
1385,1,-1.0865255201052024,-1.4998219049106187,-0.46649558186944606,-0.09674107277368718,2,-1.4633360410957605,0.42953981304546823,1,0
1386,0,-1.0865255201052024,0.12651537653129033,-0.8290862893513075,-0.26046318132354124,1,0.6564167948710581,0.9482450576360589,1,0
1387,1,0.7015523538439502,0.44482546842429044,1.110016463930563,0.08452269026365125,2,-1.4633360410957605,-0.8153527739719495,1,0
1388,1,-0.0136787957357109,-0.736272504126052,-0.2824060536552414,-0.9095043973604627,0,1.3630010735266642,1.9856555468172403,2,0
1389,1,-1.1759294138026601,-1.1915690460584885,-0.3868150398065814,1.4644661766124212,0,-0.05016748378454817,-1.0228348718081859,2,0
1390,1,-0.8183138390128296,1.182791615929827,0.3310239055690378,1.3709106860125047,0,-0.7567517624401544,-0.08916543154512249,1,1
1391,1,-0.0136787957357109,-1.062932500373939,0.8497313501493271,-1.3948235048475301,0,-1.4633360410957605,-0.08916543154512249,1,0
1392,1,-0.37129437052554143,1.7166786314389295,-0.9979708514734459,-1.0732265059103168,2,1.3630010735266642,-0.8153527739719495,1,0
1393,0,-1.444141094895033,-1.221153850945292,-0.44997890609409286,-1.698878849297259,1,0.6564167948710581,1.9856555468172403,1,0
1394,0,-1.2653333075001179,-0.030665570622041588,-0.5326942320987635,0.66924450651313,0,-0.05016748378454817,-0.8153527739719495,1,1
1395,1,0.16512899165920436,-1.5848682150811588,-0.39324164109511167,0.6926333791631092,2,-0.7567517624401544,-0.8153527739719495,0,0
1396,0,0.5227445664490349,0.531205629130755,-1.2371599479814628,-0.6639212345356816,1,-1.4633360410957605,0.42953981304546823,1,1
1397,0,-1.5335449885924908,-1.1832458187143202,0.010438954335396251,-1.6521011039973008,0,0.6564167948710581,1.9856555468172403,0,0
1398,0,-0.5501021579204567,-0.5579100104622405,0.7050319204125273,0.2540920169760001,1,-0.7567517624401544,0.42953981304546823,2,1
1399,0,-0.8183138390128296,0.2746261400403363,1.6390701156577254,-0.21368543602358295,0,1.3630010735266642,-1.0228348718081859,2,0
1400,1,-0.19248658313062617,-1.5647270719887003,-0.721355340215075,-1.2018653054852022,1,1.3630010735266642,-0.8153527739719495,0,0
1401,0,-0.728909945315372,-0.9860760324939747,-1.0299253412136382,-0.266310399486036,1,0.6564167948710581,-0.6078706761357132,1,0
1402,0,0.254532885356662,0.7575067110556896,-0.2725333038496731,-0.2370743086735621,0,1.3630010735266642,-0.08916543154512249,2,0
1403,1,-0.728909945315372,0.4447987914135719,-0.652494462640388,1.7100493394372023,2,-0.05016748378454817,1.9856555468172403,1,0
1404,1,-0.6395060516179143,1.2019457096257014,1.1474195938936398,-1.096615378560296,1,0.6564167948710581,-0.8153527739719495,1,0
1405,0,0.4333406727515773,1.023636569983327,0.14906881618858414,1.745132648412171,0,1.3630010735266642,1.9856555468172403,0,1
1406,0,-0.10308268943316853,1.1083094020038082,-0.717583204676155,1.7158965575996972,1,-1.4633360410957605,-0.08916543154512249,2,1
1407,0,1.4167835034236111,0.5733019520445292,-0.6532783838120566,1.107785868700239,1,1.3630010735266642,-0.9190938228900677,2,1
1408,0,-1.0865255201052024,0.5127184607028427,-0.9118016153559781,-0.21953265418607773,2,-0.05016748378454817,0.9482450576360589,0,0
1409,0,0.7909562475414078,0.06283735194625922,0.13721685946444676,-0.07919941828620282,1,-0.7567517624401544,-0.9190938228900677,1,1
1410,0,1.0591679286337807,-1.3893257265146408,0.4820956054240543,-1.2135597418101918,1,-0.7567517624401544,-0.8153527739719495,1,0
1411,1,-0.19248658313062617,0.1052804759993738,-0.22024343322065307,-0.5352824349607963,0,1.3630010735266642,-0.08916543154512249,2,0
1412,0,-1.2653333075001179,-1.0820332400483763,-0.40779463314341396,-1.6345594495098164,0,-0.7567517624401544,0.9482450576360589,0,0
1413,0,-0.19248658313062617,1.5996732624276406,-1.3139454148261853,-0.84518499757302,2,1.3630010735266642,-0.9190938228900677,0,0
1414,1,-0.10308268943316853,-0.6317519761310156,0.28612307410267585,-0.2429215268360569,1,-0.05016748378454817,-0.8153527739719495,1,0
1415,1,0.16512899165920436,-1.1917824621442366,0.6474641646673229,-0.6288379255607129,1,-0.7567517624401544,-0.08916543154512249,1,0
1416,1,1.5061873971210689,-1.0439918227638123,0.6698641300280698,0.19561983535105223,1,-1.4633360410957605,-0.8153527739719495,0,0
1417,1,1.0591679286337807,-0.22770197178879475,-0.32511811511753874,1.4527717402874316,2,1.3630010735266642,0.42953981304546823,2,0
1418,0,-1.5335449885924908,1.7105695959843956,1.5579148704006327,0.5932306704006978,1,-0.7567517624401544,-0.08916543154512249,1,1
1419,0,0.7015523538439502,0.08898082245037757,-1.32427609878154,1.2948968499000724,0,-0.05016748378454817,-0.9190938228900677,0,1
1420,0,-0.9077177327102872,0.5678598418579576,-0.4857210545647233,-0.002219905234813311,2,-0.05016748378454817,-0.8153527739719495,0,0
1421,0,1.3273796097261537,1.1396282125873132,1.5627503445585487,0.20146705351354702,0,-1.4633360410957605,1.9856555468172403,0,1
1422,0,0.7909562475414078,0.7572932949699417,-0.4967192357553603,-0.7399350706481138,0,-0.05016748378454817,-0.9190938228900677,2,0
1423,0,-0.4606982642229991,-0.28817875508760726,0.17204313963550402,0.4119669073633594,2,-0.05016748378454817,-0.8153527739719495,1,0
1424,1,1.1485718223312382,0.5700206797261551,0.22118956398209075,-0.6873101071856608,0,-0.7567517624401544,1.9856555468172403,1,1
1425,0,-1.1759294138026601,-0.9575583080359109,0.0594301467668011,-0.002219905234813311,1,1.3630010735266642,1.9856555468172403,1,0
1426,1,-0.728909945315372,-1.4727180620206348,-1.363091839172772,-1.4942262136099416,2,0.6564167948710581,-1.0228348718081859,2,0
1427,1,0.8803601412388654,0.9704692876213801,0.40775504124344664,0.7043278154880988,0,-0.05016748378454817,1.9856555468172403,1,1
1428,0,0.07572509796174673,0.9218370970815762,0.8422491718375599,0.3476475075759167,1,-0.05016748378454817,-0.9190938228900677,1,1
1429,1,0.969764034936323,1.1670788566166375,-1.5597784373039871,-0.2370743086735621,1,0.6564167948710581,-0.9190938228900677,1,0
1430,0,0.3439367790541196,1.1125777237187662,-0.308640247320981,-0.8919627428729784,0,-0.05016748378454817,-0.6078706761357132,1,0
1431,1,-0.0136787957357109,-1.6187746957043572,1.0124454436429853,1.6457299396497596,1,-0.7567517624401544,0.9482450576360589,2,1
1432,0,1.5061873971210689,1.6522002965323437,0.5540999292811745,-1.6637955403222904,2,-0.7567517624401544,0.42953981304546823,0,0
1433,1,-1.444141094895033,-1.1822854463284547,0.8932506175705702,-0.002219905234813311,0,0.6564167948710581,-0.9190938228900677,0,0
1434,0,0.7015523538439502,-1.1754828085952402,-0.6283791846168812,0.7335639063005728,1,-0.05016748378454817,-0.08916543154512249,1,0
1435,0,-0.0136787957357109,-1.2065348490715604,-0.07087152283687832,-0.4358797261983849,1,-0.05016748378454817,0.9482450576360589,1,0
1436,0,0.3439367790541196,-0.2895926366556872,0.09632877300553662,1.1721052684876818,0,1.3630010735266642,1.9856555468172403,1,1
1437,0,1.0591679286337807,-0.4971664570562431,-1.4887055049379583,-0.34232423559846825,0,-0.05016748378454817,-0.8153527739719495,2,0
1438,0,1.4167835034236111,1.1266898623888464,-0.4458963067248091,-0.34232423559846825,0,-0.7567517624401544,-1.0228348718081859,1,1
1439,1,1.237975716028696,-1.585161662199062,0.6890275099572742,-0.44757416252337445,0,-1.4633360410957605,-0.08916543154512249,2,0
1440,1,1.4167835034236111,0.3029037714019337,1.4240351051520106,1.1194803050252287,2,-1.4633360410957605,0.9482450576360589,1,1
1441,1,-1.6229488822899483,0.48646828215585036,-0.3102313744515954,0.9674526328003642,0,-1.4633360410957605,-0.08916543154512249,1,1
1442,0,-0.4606982642229991,1.4265127858539344,-1.693960904787214,-0.002219905234813311,2,-1.4633360410957605,-0.08916543154512249,0,0
1443,1,1.237975716028696,0.06040974397087681,-1.3320221713491165,-0.6229907073982182,2,-0.05016748378454817,-0.08916543154512249,1,0
1444,0,1.4167835034236111,-0.015086196362444532,0.21025347555752652,-0.2370743086735621,0,-0.05016748378454817,0.9482450576360589,2,0
1445,0,-1.2653333075001179,-0.32590004824354946,0.2713682805646371,-1.3305041050600874,2,1.3630010735266642,-1.0228348718081859,0,0
1446,1,1.684995184515984,-0.3484954763221089,1.0214721795108124,0.23655036248851574,0,-0.05016748378454817,1.9856555468172403,2,0
1447,1,-0.728909945315372,-0.03053218556844915,-0.8662643330373704,0.6633972883506353,0,-1.4633360410957605,-0.6078706761357132,0,1
1448,0,-1.5335449885924908,-1.306093453072958,0.5653309583445844,0.02605050863870337,1,0.6564167948710581,0.42953981304546823,2,0
1449,1,-0.19248658313062617,-1.0576771292623968,-1.3707835805700348,0.3593419439009063,0,0.6564167948710581,1.9856555468172403,0,0
1450,0,0.07572509796174673,1.283577362424275,0.2830650053735926,-0.2312270905110673,1,-0.7567517624401544,-0.9190938228900677,2,1
1451,0,-0.4606982642229991,-0.9144215817041156,-1.053714632215263,0.33595307125092716,2,-0.7567517624401544,0.9482450576360589,2,0
1452,0,1.1485718223312382,1.4408383406097625,0.5786498566671906,1.3182857225500515,1,-0.05016748378454817,-0.08916543154512249,1,1
1453,0,1.3273796097261537,0.9005488425282228,0.048703621427732414,1.335827377037536,2,0.6564167948710581,1.9856555468172403,0,0
1454,0,0.5227445664490349,-0.9181030091832669,1.4279702342018716,-0.06750498196121324,0,-1.4633360410957605,-0.9190938228900677,0,0
1455,1,-1.0865255201052024,-1.381189238245502,-1.3834194584658406,0.09621712658864083,2,-1.4633360410957605,0.9482450576360589,1,0
1456,1,1.4167835034236111,1.4431592405422708,0.13605262010058256,-1.149240342022749,2,-1.4633360410957605,-0.9190938228900677,2,0
1457,0,0.8803601412388654,-1.4704505161095633,1.3111659796232575,-0.5762129620982598,0,-0.05016748378454817,-0.08916543154512249,2,0
1458,0,0.254532885356662,0.5800512357563067,1.3489261429912527,1.0902442142127549,2,-0.05016748378454817,-0.6078706761357132,0,0
1459,1,-0.5501021579204567,1.2842176106815189,-0.3041540449722243,-0.406643635385911,0,1.3630010735266642,0.9482450576360589,2,0
1460,1,-0.5501021579204567,-0.7921875185920031,-1.2467532803397037,0.4061196892008646,1,-1.4633360410957605,-0.9190938228900677,0,1
1461,0,-1.6229488822899483,0.7189851075781927,0.8177690988133757,0.42366134368834896,0,-1.4633360410957605,-0.8153527739719495,0,1
1462,1,1.5061873971210689,0.615264889904711,1.0522546682913814,1.6047994125122962,0,-0.05016748378454817,-0.9190938228900677,2,1
1463,0,-1.3547372011975753,0.011003920120236836,0.8660074164561483,1.7217437757621918,2,-0.05016748378454817,0.42953981304546823,2,0
1464,1,1.5955912908185266,-0.5606310655555263,-0.9113048732273961,-1.2895735779226238,1,1.3630010735266642,-0.08916543154512249,2,0
1465,0,-0.5501021579204567,0.0033742950547492375,-0.7299319035288745,-1.482531777284952,0,1.3630010735266642,-1.0228348718081859,1,0
1466,1,1.684995184515984,-0.7959489771033099,0.8052496448539562,0.7394111244630676,1,-0.7567517624401544,-0.9190938228900677,0,1
1467,0,0.4333406727515773,-1.0094717708940888,1.000764242025548,-0.6697684526981764,1,0.6564167948710581,-0.6078706761357132,2,0
1468,1,-0.0136787957357109,0.5421698805360535,-0.4481161231119102,1.4586189584499265,2,-1.4633360410957605,-0.8153527739719495,1,1
1469,1,-1.6229488822899483,-0.0355741405942434,-0.14383052297236718,-1.3129624505726032,0,-1.4633360410957605,-0.8153527739719495,2,1
1470,0,1.684995184515984,0.3776260784244189,-1.6097553523967971,1.5931049761873066,0,1.3630010735266642,-1.0228348718081859,0,0
1471,1,-1.2653333075001179,-0.20812104592142447,-1.3196191413260834,-1.1141570330477804,0,1.3630010735266642,1.9856555468172403,1,0
1472,0,-0.2818904768280838,1.6873072426378741,-1.4357558986694152,-0.5586713076107754,1,-0.7567517624401544,0.42953981304546823,0,1
1473,1,0.4333406727515773,-1.6407832295471099,1.536438534935218,-1.1375459056977595,0,0.6564167948710581,-1.0228348718081859,2,0
1474,0,0.7015523538439502,-0.4901770802479992,0.584013119336725,0.06698103577616689,0,-0.7567517624401544,0.42953981304546823,2,1
1475,1,-1.6229488822899483,-0.38853766941055956,1.656370712604747,1.6983549031122127,1,0.6564167948710581,-0.9190938228900677,2,1
1476,0,1.3273796097261537,-1.1137788828033772,-1.311950684716098,0.47628630715080206,1,-1.4633360410957605,-0.08916543154512249,1,1
1477,1,1.5061873971210689,-0.11731250143569096,0.6456324280681766,0.6049251067256873,0,-0.7567517624401544,-0.6078706761357132,1,1
1478,0,-1.3547372011975753,0.3116004768961608,-1.4388217289942575,-0.4358797261983849,2,1.3630010735266642,-0.8153527739719495,1,0
1479,1,-1.712352775987406,1.6661790501488314,-1.0506410402946615,1.7509798665746659,0,-0.7567517624401544,-1.0228348718081859,1,1
1480,0,-0.728909945315372,1.188980682416516,1.5899392145026567,-0.6639212345356816,1,-0.7567517624401544,-0.6078706761357132,2,1
1481,0,1.4167835034236111,0.06113002326027599,0.9037753414199025,0.06698103577616689,2,-1.4633360410957605,0.42953981304546823,2,0
1482,0,0.254532885356662,0.923731164842589,0.41711552572891464,1.3241329407125464,1,1.3630010735266642,-0.08916543154512249,2,1
1483,1,0.969764034936323,0.4186553209094536,-0.10593841247646754,0.587383452238203,1,1.3630010735266642,-0.8153527739719495,1,1
1484,0,-0.8183138390128296,0.6672850608057628,1.38598000114517,-1.704726067459754,2,-0.05016748378454817,-0.8153527739719495,1,0
1485,1,-0.9077177327102872,-0.5703148204463375,0.9161162786768628,-0.0850466364486976,1,-0.05016748378454817,0.42953981304546823,2,0
1486,0,-1.5335449885924908,-0.015006165330289069,0.20096284543389034,-0.47096303517335364,1,-0.05016748378454817,-0.08916543154512249,2,0
1487,1,-0.5501021579204567,1.0730690708446853,0.1388856025526521,0.7277166881380779,1,-1.4633360410957605,-0.8153527739719495,1,1
1488,0,-0.37129437052554143,-0.500714499481802,1.4883942571864226,-1.1375459056977595,1,-0.7567517624401544,-0.08916543154512249,0,1
1489,1,-0.9077177327102872,-1.50897211958706,-0.5126149838699859,1.3182857225500515,1,1.3630010735266642,-0.8153527739719495,2,0
1490,1,0.7909562475414078,-0.06755987644571064,-1.3509216570225118,1.6223410669997804,1,1.3630010735266642,-0.9190938228900677,2,1
1491,0,-0.9077177327102872,0.15249878497109776,0.3648722246744492,0.07867547210115647,1,-0.7567517624401544,0.42953981304546823,2,1
1492,1,-0.728909945315372,-1.6592437209643036,-1.336570466463946,1.2539663227626088,1,1.3630010735266642,-0.08916543154512249,1,0
1493,1,0.8803601412388654,-0.548973211871547,1.2923130635244169,-1.3597401958725615,1,-0.7567517624401544,-0.6078706761357132,2,1
1494,0,-1.712352775987406,0.2727587492900421,0.9625616676992846,-0.406643635385911,0,-1.4633360410957605,1.9856555468172403,2,1
1495,1,-1.3547372011975753,-1.4966206636244002,0.09368983044744447,-1.1141570330477804,0,-1.4633360410957605,-0.9190938228900677,2,0
1496,1,-0.0136787957357109,-0.36820978724307163,0.13307992892484935,0.7569527789505519,1,-1.4633360410957605,0.9482450576360589,2,1
1497,1,-1.0865255201052024,-0.4406912253652038,0.7474335180444608,-0.2370743086735621,0,-0.7567517624401544,-0.6078706761357132,2,1
1498,0,-0.728909945315372,1.6320591534398852,-0.9010129972508367,0.780341651600531,2,-0.7567517624401544,0.42953981304546823,0,1
1499,1,-1.712352775987406,0.9899168284351579,-0.1369459875340503,0.809577742413005,0,0.6564167948710581,-0.8153527739719495,0,1
1500,0,-0.0136787957357109,-1.1651588054471853,-0.0019718372833959458,-0.517740780473312,1,1.3630010735266642,0.9482450576360589,2,0
1501,1,0.7015523538439502,1.6667392673739196,1.4731039135410064,-1.564392831559879,1,1.3630010735266642,-0.6078706761357132,2,0
1502,1,1.5061873971210689,-0.6645913763254745,-0.7447410282372269,0.23655036248851574,0,0.6564167948710581,-0.9190938228900677,2,0
1503,1,1.5061873971210689,-0.5875748463811993,-1.166575996148257,1.7100493394372023,1,0.6564167948710581,0.9482450576360589,2,1
1504,0,-0.728909945315372,0.7723924830366059,0.6485895960523916,-1.3246568868975928,2,-1.4633360410957605,0.9482450576360589,1,0
1505,1,1.5061873971210689,0.7987760466371906,-0.6306921401530914,1.2715079772500932,2,0.6564167948710581,-0.08916543154512249,1,0
1506,1,0.7015523538439502,0.4843874753198083,-1.1151243778612192,-0.7516295069731035,1,-0.7567517624401544,-1.0228348718081859,1,1
1507,0,-0.4606982642229991,-1.3473894656651777,-0.14630647201951832,0.42366134368834896,2,-0.05016748378454817,-0.6078706761357132,0,0
1508,1,-1.2653333075001179,-0.10834902583427895,1.1410783701584595,-0.26046318132354124,2,-0.7567517624401544,-1.0228348718081859,2,0
1509,0,-0.0136787957357109,1.2187255493676303,0.5355885233957339,-0.734087852485619,0,0.6564167948710581,0.42953981304546823,1,0
1510,0,-0.5501021579204567,0.7819428528738247,0.6181408558894637,-1.2018653054852022,2,1.3630010735266642,-0.6078706761357132,2,0
1511,1,-1.6229488822899483,-1.1583828447246893,0.6217965674919972,1.552174449049843,0,-0.7567517624401544,-0.6078706761357132,2,1
1512,0,-0.9971216264077448,-0.8755798540979969,0.8627708310246059,0.8797443603629425,1,1.3630010735266642,-0.08916543154512249,0,0
1513,1,1.5061873971210689,-0.027304267271512087,-0.26387912457828266,-0.009032800336265358,0,-0.7567517624401544,-0.8153527739719495,0,1
1514,0,-0.0136787957357109,0.4752105836326484,0.5358989872260977,-0.8510322157355148,1,1.3630010735266642,-0.9190938228900677,1,0
1515,0,0.5227445664490349,-0.5162138427092436,-1.506161333800162,-0.956282142660421,1,-0.7567517624401544,-0.9190938228900677,1,1
1516,1,0.7909562475414078,0.9709227968035944,-0.5106047305683804,0.8037305242505102,1,1.3630010735266642,-0.9190938228900677,0,1
1517,0,-1.712352775987406,-0.4641936718081918,0.0229196003160203,-1.3831290685225406,1,-0.05016748378454817,1.9856555468172403,0,0
1518,0,1.3273796097261537,0.4322072423544456,0.9183671414470003,-0.5645185257732702,1,-1.4633360410957605,0.42953981304546823,2,1
1519,0,-1.2653333075001179,0.7236269074432097,1.2883236033042422,-0.47096303517335364,0,-0.7567517624401544,0.9482450576360589,2,1
1520,0,1.5061873971210689,1.3222857049768013,-1.2619194384529744,1.552174449049843,1,-0.05016748378454817,-0.8153527739719495,1,1
1521,0,-1.3547372011975753,1.2130967001060295,-1.0688497439454974,1.0317720325878068,2,-1.4633360410957605,-1.0228348718081859,1,1
1522,1,1.1485718223312382,-0.5143731289696679,1.4942542619845391,-0.2838520539735204,2,-0.7567517624401544,-0.9190938228900677,0,0
1523,0,-0.5501021579204567,-1.336691984367064,-0.5259028358095559,0.505522397963276,1,-0.05016748378454817,1.9856555468172403,1,0
1524,1,-0.728909945315372,-0.8928398800328587,1.24873946493286,-0.3306297992734787,2,-0.05016748378454817,-1.0228348718081859,2,0
1525,0,-0.0136787957357109,-1.3032656899367983,-0.9148752072765796,0.4178141255258542,0,-0.05016748378454817,-0.8153527739719495,0,0
1526,1,0.3439367790541196,-0.051847117132521145,-0.7061814205060452,-0.7457822888106087,0,0.6564167948710581,0.42953981304546823,2,0
1527,1,1.237975716028696,-0.4617393868220909,-1.0050183804227037,1.5463272308873484,1,1.3630010735266642,-0.8153527739719495,0,1
1528,0,0.4333406727515773,-1.1840728060465935,1.4771166585484583,-1.4299068138224988,1,-1.4633360410957605,-0.08916543154512249,0,0
1529,0,0.7909562475414078,-1.4299281368281798,0.8573454755889989,0.4938279616382864,1,1.3630010735266642,0.9482450576360589,2,0
1530,0,1.684995184515984,0.3581251835892041,-0.694344986973426,1.0434664689127966,2,1.3630010735266642,-0.9190938228900677,1,0
1531,1,0.969764034936323,0.5500395986980076,-0.04314710278539257,-1.26033748711015,2,1.3630010735266642,0.42953981304546823,1,0
1532,0,0.254532885356662,-0.08340602081249257,0.06553076103344942,0.4178141255258542,0,-0.05016748378454817,-0.08916543154512249,1,1
1533,1,1.5955912908185266,-1.272587127610537,-0.9355909063576029,0.9674526328003642,2,1.3630010735266642,-0.9190938228900677,1,0
1534,1,-0.0136787957357109,1.5587774049961984,-0.16991724631868396,1.4235356494749578,0,0.6564167948710581,-0.8153527739719495,2,1
1535,1,0.254532885356662,-0.9955997253204749,-1.4785222913020262,0.9148276693379112,2,-0.7567517624401544,-0.8153527739719495,0,0
1536,0,-0.37129437052554143,-1.5409311784278088,-0.9057786170469208,0.9849942872878487,0,-0.05016748378454817,1.9856555468172403,2,0
1537,0,-1.0865255201052024,0.991837573206889,0.6525790562725662,1.0668553415627757,1,-1.4633360410957605,-0.6078706761357132,1,1
1538,1,0.07572509796174673,-1.5195628928423,-1.464528134148379,0.7277166881380779,2,-0.7567517624401544,-0.6078706761357132,1,0
1539,1,-1.712352775987406,0.6486378303135396,0.9314376687053155,-0.4768102533358484,0,-0.7567517624401544,-0.8153527739719495,2,1
1540,0,-1.0865255201052024,1.3495762869418146,-0.5451748780793876,0.42950856185084374,2,-0.7567517624401544,-0.8153527739719495,0,1
1541,1,0.7909562475414078,-0.5466789889497571,1.0095037988502886,-1.0615320695853272,1,1.3630010735266642,-1.0228348718081859,2,0
1542,0,1.0591679286337807,-1.264824117491457,-0.7791947518118476,1.2130357956251454,0,1.3630010735266642,1.9856555468172403,2,0
1543,1,1.5955912908185266,-0.7109560209542068,-1.7319461544322226,1.7100493394372023,2,-0.05016748378454817,0.9482450576360589,2,0
1544,0,-1.3547372011975753,1.567447433479707,-1.4721344979922915,0.09036990842614603,2,1.3630010735266642,-1.0228348718081859,0,0
1545,1,0.16512899165920436,-0.7291497422642157,0.6306525482531241,1.0142303781003226,1,1.3630010735266642,0.9482450576360589,2,0
1546,0,1.237975716028696,-0.1928084417690123,-0.392286964816743,-1.4708373409599624,1,1.3630010735266642,-0.08916543154512249,2,0
1547,1,-1.712352775987406,-0.7158112369049716,0.6144929058826892,0.698480597325604,0,-0.05016748378454817,-0.6078706761357132,1,0
1548,0,0.5227445664490349,-0.3841626396527275,-0.5604885065120812,-0.2896992721360152,2,-0.05016748378454817,-0.6078706761357132,2,0
1549,0,-0.9077177327102872,-0.8569859776272107,1.0696018348129577,-1.236948614460171,2,0.6564167948710581,1.9856555468172403,1,0
1550,1,0.8803601412388654,-1.6151466222466426,0.7273853161987196,-0.517740780473312,1,0.6564167948710581,-0.8153527739719495,1,0
1551,1,-0.19248658313062617,0.7051930930367344,1.063803922780914,-0.84518499757302,1,0.6564167948710581,-0.8153527739719495,1,0
1552,0,-0.2818904768280838,0.42844578384313875,0.9639975629147172,1.359216249687515,0,0.6564167948710581,-0.08916543154512249,0,1
1553,1,0.5227445664490349,1.0503402577125336,1.4684469560855498,-0.763323943298093,2,-0.7567517624401544,0.42953981304546823,1,0
1554,0,-1.0865255201052024,-0.8064063653049572,-0.3317309947042873,-0.8802683065479888,2,-0.7567517624401544,0.42953981304546823,2,0
1555,1,-0.728909945315372,-0.08367279091967746,0.6520590293567069,-1.5117678680974258,0,0.6564167948710581,1.9856555468172403,2,0
1556,0,0.6121484601464925,1.1682526450882509,-0.2782070303495712,0.21900870800103137,0,0.6564167948710581,0.42953981304546823,1,0
1557,0,-1.0865255201052024,1.6334463579972465,1.1565239457190577,0.6283139793756666,1,-1.4633360410957605,-0.6078706761357132,1,1
1558,0,0.4333406727515773,0.642315378773258,0.8321979053295324,0.6926333791631092,1,-0.7567517624401544,-1.0228348718081859,2,1
1559,0,-1.444141094895033,1.2765879856160312,-1.7615488806574093,-1.4649901227974675,0,-1.4633360410957605,0.42953981304546823,1,1
1560,0,1.1485718223312382,1.722174095646938,1.5829382551279534,0.6224667612131718,0,-1.4633360410957605,-0.9190938228900677,0,1
1561,0,-1.712352775987406,0.5522004365662051,0.6261352995213311,-0.5235879986358067,2,1.3630010735266642,1.9856555468172403,1,0
1562,1,-0.10308268943316853,0.33985143124703976,-1.1613446806066272,-1.3655874140350561,0,-0.05016748378454817,-0.08916543154512249,0,0
1563,1,0.969764034936323,-0.29124661132023344,-0.5647340993923059,0.7277166881380779,0,-0.7567517624401544,0.42953981304546823,0,1
1564,1,-0.37129437052554143,-0.6929223617085088,0.578269538474995,1.0083831599378277,2,0.6564167948710581,-0.9190938228900677,0,0
1565,0,-0.5501021579204567,-0.17738912957372618,1.453040188503747,-1.6170177950223321,0,0.6564167948710581,0.42953981304546823,1,0
1566,0,-1.3547372011975753,-0.6882272078220549,1.0397041679489254,0.4061196892008646,1,-0.05016748378454817,-1.0228348718081859,0,0
1567,0,0.5227445664490349,0.6956427231995156,1.4035833003267966,0.02605050863870337,1,-0.7567517624401544,-1.0228348718081859,0,1
1568,0,0.7015523538439502,-1.1219954021046716,1.5276446469401639,-1.6871844129722695,2,0.6564167948710581,0.42953981304546823,1,0
1569,1,-1.6229488822899483,0.3024769392304379,1.6042748818697044,0.7744944334380363,0,0.6564167948710581,1.9856555468172403,0,1
1570,1,-1.2653333075001179,0.35775170543914525,-0.01269060102670553,-1.0439904150978427,1,1.3630010735266642,1.9856555468172403,1,0
1571,0,-0.9971216264077448,1.255379762094833,-0.2583062988232528,1.663271594137244,1,-1.4633360410957605,-0.9190938228900677,2,1
1572,1,1.1485718223312382,0.5509466170624361,-0.7132056646680257,1.2364246682751245,1,0.6564167948710581,-0.08916543154512249,0,1
1573,1,0.4333406727515773,-1.1714012259553115,-1.4691540452207992,1.4644661766124212,1,-0.7567517624401544,-0.9190938228900677,1,1
1574,0,-0.6395060516179143,0.8367374328895992,1.3140377700541226,0.17223096270107308,0,-0.05016748378454817,-0.08916543154512249,2,0
1575,1,-0.9971216264077448,-0.5042358648966425,1.2114605205019289,-1.4065179411725197,0,1.3630010735266642,0.42953981304546823,0,0
1576,0,-0.6395060516179143,-0.1129641486885774,1.1667537289295442,-1.482531777284952,0,-0.7567517624401544,-0.08916543154512249,0,1
1577,1,0.969764034936323,0.5544413054665581,-0.7224497252171073,0.008508854151219006,0,1.3630010735266642,-0.8153527739719495,1,0
1578,0,-0.8183138390128296,-1.0087248145939711,-1.521831995637774,-0.377407544573437,1,-1.4633360410957605,-0.6078706761357132,2,0
1579,0,-1.444141094895033,-1.1194877630971336,0.5069249502573978,0.9206748875004059,2,0.6564167948710581,0.9482450576360589,1,0
1580,0,1.237975716028696,0.7776211771374296,-1.532263580337997,0.5756890159132134,2,-0.7567517624401544,-0.6078706761357132,0,1
1581,0,1.5955912908185266,-0.3568187036662772,1.1634317659446518,1.3241329407125464,1,-0.05016748378454817,-1.0228348718081859,0,1
1582,1,-1.444141094895033,-0.17946993640976824,0.35323759263156645,0.3651891620634011,1,-1.4633360410957605,-0.8153527739719495,0,1
1583,0,1.5955912908185266,-0.09122238495300959,-0.5762134995200068,0.8680499240379529,2,-1.4633360410957605,-0.6078706761357132,0,1
1584,0,-0.10308268943316853,-0.769885537631347,0.1064654170669141,-0.9796710153104001,2,1.3630010735266642,0.42953981304546823,2,0
1585,0,-1.2653333075001179,-1.3664101743074597,1.4189823063128402,0.6400084157006561,1,-1.4633360410957605,-0.08916543154512249,2,1
1586,1,1.237975716028696,-1.1020943521086795,1.4040878040511375,0.5639945795882239,1,-0.7567517624401544,-0.08916543154512249,1,1
1587,0,-0.19248658313062617,-1.0314803047368415,1.162554705623874,-0.5996018347482389,0,1.3630010735266642,-0.9190938228900677,1,0
1588,1,-0.6395060516179143,-0.9142348426290862,-1.5572559186822814,-1.2720319234351396,0,-1.4633360410957605,-0.9190938228900677,1,0
1589,0,0.254532885356662,0.02885084029090538,1.6339707472440002,-1.231101396297676,2,-0.05016748378454817,1.9856555468172403,0,0
1590,1,-0.10308268943316853,-1.27482799651089,0.7373356819618788,-1.5526983952348894,1,-0.7567517624401544,-0.08916543154512249,1,0
1591,1,-0.8183138390128296,0.6641371735409811,-0.11938925792697841,-1.4416012501474884,2,-0.05016748378454817,1.9856555468172403,2,0
1592,0,-1.712352775987406,0.5904819469472355,-1.6142803627243492,-0.8802683065479888,0,-0.05016748378454817,0.42953981304546823,1,0
1593,1,0.3439367790541196,0.9971196213291498,-0.2902375037761678,-1.3246568868975928,0,1.3630010735266642,-0.08916543154512249,1,0
1594,0,-1.1759294138026601,-1.524924971996716,0.4532845619662953,-1.3889762866850353,0,0.6564167948710581,-0.9190938228900677,2,0
1595,0,0.4333406727515773,0.8467413119090322,1.5763952299030368,1.6281882851622753,0,1.3630010735266642,-0.6078706761357132,2,1
1596,0,0.07572509796174673,0.5696738785868147,0.6406960531653925,1.0727025597252704,1,-0.7567517624401544,1.9856555468172403,0,1
1597,1,-0.4606982642229991,1.2202461389785844,-0.9757804491981945,0.8738971422004477,2,-0.7567517624401544,1.9856555468172403,2,1
1598,1,-1.712352775987406,1.6567087113437682,-1.3725221780200718,0.002661635988724218,1,1.3630010735266642,-1.0228348718081859,2,0
1599,0,-0.728909945315372,-0.9937056575594623,-1.0400619852750157,-0.7282406343231242,1,0.6564167948710581,-0.9190938228900677,1,0
1600,0,-1.1759294138026601,-1.5802264152161418,-0.04478479949056152,1.63403550332477,0,1.3630010735266642,0.42953981304546823,2,0
1601,1,-0.4606982642229991,-0.9468341497270787,0.9902938493465295,-0.8685738702229993,1,-0.7567517624401544,1.9856555468172403,0,0
1602,0,0.07572509796174673,0.694789058856524,1.3998034031921174,1.1019386505377444,2,0.6564167948710581,-0.6078706761357132,1,0
1603,0,-0.10308268943316853,-1.6451315822942234,-0.8152240793255645,0.0611338176136721,1,-0.7567517624401544,-0.6078706761357132,0,0
1604,0,0.7909562475414078,-1.2271828553676702,0.9869020319998052,0.8797443603629425,1,0.6564167948710581,-0.6078706761357132,2,0
1605,1,0.4333406727515773,-1.3148701895993407,0.4364574223605783,-0.4358797261983849,1,0.6564167948710581,-0.8153527739719495,0,0
1606,1,1.1485718223312382,-0.18037695477419685,1.194470387385271,1.5170911400748743,1,1.3630010735266642,-0.8153527739719495,0,1
1607,1,1.0591679286337807,1.220779679192954,-0.878465561570667,0.48213352531329684,1,1.3630010735266642,0.9482450576360589,2,1
1608,0,1.3273796097261537,-0.5156803024948738,0.7756624418202878,-0.1727549088861194,0,1.3630010735266642,-0.6078706761357132,2,0
1609,0,1.5955912908185266,-1.4502293419849492,-0.9656205203495397,-1.1726292146727282,2,0.6564167948710581,1.9856555468172403,1,0
1610,0,0.5227445664490349,0.0012934882187071652,-0.8289621038191619,-0.19614378153609857,0,0.6564167948710581,0.42953981304546823,1,0
1611,1,-0.8183138390128296,-1.6300590712382776,1.6821314489291819,-1.3129624505726032,2,-0.7567517624401544,-0.08916543154512249,1,0
1612,0,1.3273796097261537,-0.4599520271039522,0.015072627003575702,-0.44757416252337445,2,-0.05016748378454817,0.42953981304546823,2,0
1613,0,-1.0865255201052024,1.0261442089908648,1.2383622114029507,1.388452340499989,2,1.3630010735266642,-0.8153527739719495,0,0
1614,0,-0.5501021579204567,-0.893560159322258,-0.08969339255268263,-1.1901708691602126,2,-0.7567517624401544,-0.9190938228900677,0,0
1615,0,-0.9077177327102872,0.870884006609264,-1.2365778282995308,-0.9855182334728949,2,-0.7567517624401544,1.9856555468172403,1,0
1616,1,-1.6229488822899483,0.36548803854750683,-0.40735222218514555,-1.26033748711015,1,-1.4633360410957605,0.9482450576360589,1,1
1617,1,-0.9971216264077448,-1.4849628099404208,0.8897268530959414,-0.33647701743597347,0,1.3630010735266642,-0.8153527739719495,2,0
1618,0,-1.5335449885924908,0.27550648139404643,-0.6640902867044753,0.4470502163383281,0,-0.7567517624401544,-0.08916543154512249,0,1
1619,1,0.07572509796174673,-0.30685266259054894,-0.8428708834194594,1.113633086862734,1,-1.4633360410957605,-1.0228348718081859,1,1
1620,1,0.5227445664490349,0.12566171218829872,0.3574521391287548,-1.5819344860473634,2,1.3630010735266642,0.9482450576360589,2,0
1621,0,-1.0865255201052024,-1.3893257265146408,1.439581581457477,-0.8159489067605461,0,0.6564167948710581,-0.8153527739719495,1,0
1622,0,-1.6229488822899483,1.1975973568785878,1.2998340498149796,1.2948968499000724,1,-1.4633360410957605,0.42953981304546823,2,1
1623,1,-1.2653333075001179,-0.9936789805487438,-1.3623700107671763,1.3709106860125047,1,0.6564167948710581,0.9482450576360589,0,0
1624,0,0.7015523538439502,0.10648094148170577,-1.6000223113148924,-1.3948235048475301,0,-0.05016748378454817,1.9856555468172403,2,0
1625,1,0.7909562475414078,0.7907729434216442,-0.8063060057983649,-1.6170177950223321,0,-0.05016748378454817,0.42953981304546823,1,0
1626,0,0.5227445664490349,0.6195065346089506,-0.57361336494071,0.5172168342882656,2,-0.05016748378454817,-0.6078706761357132,1,0
1627,1,0.4333406727515773,0.6435158442555898,1.2677864209256782,-0.5996018347482389,2,-0.05016748378454817,-0.6078706761357132,0,0
1628,0,-0.728909945315372,0.3889904849904948,-0.057203352705112814,-0.34232423559846825,0,-0.7567517624401544,-0.6078706761357132,0,1
1629,1,-1.3547372011975753,-0.8391657344672606,0.8756085104101483,0.5347584887757499,2,-0.05016748378454817,0.9482450576360589,1,0
1630,1,1.237975716028696,1.4956595976362554,-1.1540410189973191,0.7627999971130467,1,-0.7567517624401544,-1.0228348718081859,1,1
1631,1,1.5061873971210689,-1.4197641957444358,-1.7379148215709663,-0.10843550909867676,2,-0.7567517624401544,-0.08916543154512249,1,0
1632,0,-0.4606982642229991,-1.4210446922589233,-1.7453426687124198,-0.40079641722341613,2,1.3630010735266642,1.9856555468172403,0,0
1633,1,1.4167835034236111,-0.8678435209896354,-1.4988033410205404,1.4995494855873899,1,-0.7567517624401544,0.9482450576360589,1,1
1634,1,-0.4606982642229991,-1.6426772973081225,0.8006935881433677,0.16053652637608348,2,-0.7567517624401544,-0.9190938228900677,0,0
1635,0,0.254532885356662,1.7194797175643708,-1.452156150508382,-0.8334905612480304,1,-0.05016748378454817,1.9856555468172403,1,0
1636,0,-1.2653333075001179,1.0467388612655375,-0.7656430056164685,-0.34232423559846825,2,-0.7567517624401544,0.42953981304546823,2,0
1637,1,0.07572509796174673,-0.5779444455118251,-0.4493191704545698,-1.4065179411725197,0,0.6564167948710581,0.42953981304546823,2,0
1638,1,0.254532885356662,-1.6477459293446353,1.092451972727732,0.8212721787379945,2,-0.05016748378454817,0.9482450576360589,1,0
1639,0,-0.37129437052554143,0.35284313546694346,-1.6184095316681875,-1.0907681603978012,0,-1.4633360410957605,0.9482450576360589,2,1
1640,0,-0.4606982642229991,-0.8137692202632599,0.3860148115222228,-0.6522267982106921,0,-0.05016748378454817,-0.08916543154512249,0,0
1641,0,0.4333406727515773,-1.4311819563319488,-1.5077679841222946,0.42366134368834896,0,-0.7567517624401544,-1.0228348718081859,2,1
1642,0,1.4167835034236111,0.8196641460297668,-1.1048790714592143,-0.570365743935765,0,0.6564167948710581,0.9482450576360589,2,0
1643,0,-0.8183138390128296,0.8254530573556788,0.7563360683801422,0.4412029981758333,0,-0.05016748378454817,-0.6078706761357132,0,1
1644,1,-0.4606982642229991,1.5385295538608659,0.22207438589862755,0.4528974345008229,1,0.6564167948710581,-0.08916543154512249,2,1
1645,0,-1.444141094895033,-1.1682800157012485,-0.9431351774354428,1.1779524866501767,1,-1.4633360410957605,-0.9190938228900677,2,1
1646,1,0.07572509796174673,0.5708209900477098,0.909154127280955,1.774368739224645,1,-1.4633360410957605,-0.6078706761357132,1,1
1647,1,-0.6395060516179143,-1.52361779847151,0.30790211180269517,-0.5528240894482807,0,1.3630010735266642,-0.9190938228900677,0,0
1648,1,0.16512899165920436,1.653907625218327,1.2587208770790557,1.248119104600114,2,1.3630010735266642,-0.8153527739719495,0,0
1649,0,-0.10308268943316853,0.08199144564213369,1.5501998442160927,0.1546893082135887,1,-0.05016748378454817,-0.9190938228900677,1,0
1650,1,1.237975716028696,0.6644839746803215,-0.75345730027469,-0.12012994542366633,2,1.3630010735266642,-0.6078706761357132,1,0
1651,1,-0.5501021579204567,-1.1983450067809844,0.2261181772891158,-0.49435190782333277,2,0.6564167948710581,-0.8153527739719495,2,0
1652,0,-1.444141094895033,0.7133829353273102,-1.0341554109023448,1.21888301378764,0,1.3630010735266642,-0.6078706761357132,2,1
1653,1,0.6121484601464925,0.041762513478653625,-0.24293057762448647,-1.038143196935348,0,0.6564167948710581,0.42953981304546823,2,0
1654,1,0.7909562475414078,-1.3521913275945054,-0.4025943639848206,1.5112439219123794,0,1.3630010735266642,-0.6078706761357132,1,0
1655,0,0.7015523538439502,-0.8387922563172018,-1.3332562650748125,-1.482531777284952,1,1.3630010735266642,-0.8153527739719495,0,0
1656,1,1.3273796097261537,-0.8296687186514788,-0.0038811898401332067,0.11375878107612519,0,1.3630010735266642,-0.9190938228900677,2,0
1657,1,-1.0865255201052024,1.3864705927654837,-0.13974016200732434,0.19561983535105223,1,-0.7567517624401544,0.42953981304546823,1,1
1658,1,-0.37129437052554143,1.7329249309664887,-0.6512370841274148,-1.6287122313473217,1,-0.7567517624401544,-1.0228348718081859,0,1
1659,0,1.4167835034236111,1.0028285016229062,-0.007210914420784771,-0.07335220012370802,0,1.3630010735266642,-1.0228348718081859,1,0
1660,0,0.8803601412388654,-1.187220693311375,-1.0907840135606985,-0.21953265418607773,1,0.6564167948710581,1.9856555468172403,2,0
1661,0,-0.19248658313062617,-1.3692379374436194,-1.2799651485928694,1.63403550332477,0,-0.05016748378454817,-1.0228348718081859,1,0
1662,1,-1.6229488822899483,0.049072014415519366,-0.11281518631902532,1.6281882851622753,1,-1.4633360410957605,-1.0228348718081859,1,1
1663,1,-0.6395060516179143,0.5353405657921206,-1.4552297424289835,-1.6170177950223321,0,-0.7567517624401544,-0.08916543154512249,1,1
1664,0,-1.444141094895033,0.5245630534618514,-1.751924501916132,1.3650634678500098,0,1.3630010735266642,-1.0228348718081859,1,1
1665,1,0.5227445664490349,-1.1399757073289325,-1.1257810488384559,0.7452583426255623,1,-1.4633360410957605,-0.8153527739719495,0,1
1666,1,0.4333406727515773,-0.06283804554853825,-1.5575508593211271,0.9966887236128382,0,-0.7567517624401544,0.9482450576360589,2,1
1667,0,0.8803601412388654,-0.7269889043960182,0.4563581538868967,0.4528974345008229,2,-0.05016748378454817,-1.0228348718081859,0,0
1668,0,-0.8183138390128296,0.06729241273624674,-1.3164912182351682,-1.2544902689476551,0,0.6564167948710581,-0.6078706761357132,1,0
1669,1,-1.1759294138026601,-0.5891754670243086,-0.579023197184799,1.4937022674248952,0,1.3630010735266642,0.9482450576360589,1,1
1670,1,0.969764034936323,-0.7820769315296962,-1.7470579813751799,1.4761606129374107,1,-0.05016748378454817,-1.0228348718081859,2,0
1671,1,-0.9077177327102872,-1.6763436848348545,-1.5700547900890285,0.7511055607880571,1,-0.7567517624401544,0.9482450576360589,2,1
1672,0,1.684995184515984,-0.7523053875678634,-0.8715577413450728,0.780341651600531,0,1.3630010735266642,-0.9190938228900677,0,0
1673,0,-0.6395060516179143,1.5486934949446098,-1.3075032903461368,0.5406057069382447,1,-1.4633360410957605,-0.8153527739719495,0,1
1674,0,0.969764034936323,-0.6097434422882629,-1.4320691406838453,-0.5352824349607963,2,0.6564167948710581,-0.8153527739719495,2,0
1675,0,-1.1759294138026601,-1.032440677122707,-0.013451237411096795,-0.5820601802607546,2,-0.7567517624401544,1.9856555468172403,0,0
1676,1,1.4167835034236111,-1.229530432310897,-0.839968046605558,-0.06165776379871845,1,0.6564167948710581,0.9482450576360589,1,0
1677,0,-0.0136787957357109,-1.7127311274548722,0.565556044621598,-0.5820601802607546,0,1.3630010735266642,1.9856555468172403,1,0
1678,0,-1.444141094895033,0.7440614976535715,0.6765856719554457,0.06698103577616689,2,-0.05016748378454817,0.42953981304546823,2,0
1679,0,-1.1759294138026601,-0.7837309061942423,1.6381930553369477,-1.646253885834806,2,0.6564167948710581,-0.08916543154512249,0,0
1680,0,-1.712352775987406,1.0194482793005242,-1.1869657082073983,-0.874421088385494,0,-1.4633360410957605,-0.6078706761357132,1,1
1681,0,-0.6395060516179143,-0.29516813189585117,1.3121206559016263,-1.3948235048475301,1,-0.7567517624401544,0.9482450576360589,2,1
1682,1,0.16512899165920436,-1.3942609734975613,0.8638031232605655,-0.5001991259858276,2,-1.4633360410957605,-0.8153527739719495,0,0
1683,1,0.07572509796174673,1.0946507725159422,-0.16726278056907362,1.3650634678500098,0,0.6564167948710581,1.9856555468172403,1,1
1684,0,0.16512899165920436,0.2894052039783787,-1.6980046961777022,0.28332810778847406,0,-0.05016748378454817,-0.9190938228900677,0,0
1685,1,0.7015523538439502,-0.5218693689815631,-1.3534519372399765,-0.09674107277368718,2,-0.05016748378454817,-1.0228348718081859,0,0
1686,0,-0.9971216264077448,0.5526005917269824,1.0406122746527395,-0.5060463441483224,1,-1.4633360410957605,-0.8153527739719495,0,1
1687,0,0.5227445664490349,-0.3643416206888908,-1.415870690334615,0.23070314432602096,2,1.3630010735266642,-0.9190938228900677,2,0
1688,1,-0.9971216264077448,1.7476239638723756,0.46190769485464933,-0.04411610931123409,0,1.3630010735266642,-1.0228348718081859,1,0
1689,1,-0.4606982642229991,-0.812515400759491,-0.7812670978795259,-0.25461596316104645,2,-0.05016748378454817,-0.08916543154512249,2,0
1690,0,-0.9077177327102872,0.23418379179110835,0.2607348943746775,-0.17860212704861422,1,-1.4633360410957605,-0.8153527739719495,1,1
1691,0,0.3439367790541196,0.1918740527915862,-1.602777677809371,-0.14351881807364547,0,-1.4633360410957605,1.9856555468172403,1,1
1692,0,-1.0865255201052024,-0.6148654283462126,-0.5984194249867762,0.7218694699755831,1,-1.4633360410957605,-0.8153527739719495,2,1
1693,1,0.3439367790541196,0.16287614214058962,0.14614269458740548,-0.49435190782333277,2,0.6564167948710581,0.9482450576360589,2,0
1694,0,-0.37129437052554143,-1.060638277452149,-0.7498093502679156,0.4061196892008646,2,1.3630010735266642,0.9482450576360589,1,0
1695,0,0.5227445664490349,-0.792347580656314,1.0398438766725893,-1.2837263597601292,1,1.3630010735266642,-0.9190938228900677,1,0
1696,0,0.6121484601464925,0.9981867017578893,0.9576020080092232,0.14884209005109392,2,0.6564167948710581,1.9856555468172403,1,0
1697,1,1.5061873971210689,-1.2126705615368127,-1.0150153157604176,0.8037305242505102,1,-0.7567517624401544,0.42953981304546823,0,1
1698,0,-1.444141094895033,-1.6060497615916383,1.5766047929885323,-1.0907681603978012,2,0.6564167948710581,0.9482450576360589,1,0
1699,0,0.3439367790541196,1.2002650579504366,1.0852026422887378,1.3241329407125464,1,-1.4633360410957605,-0.6078706761357132,2,1
1700,1,-0.10308268943316853,-1.0130998443518031,1.3903808259405765,-1.453295686472478,1,0.6564167948710581,-0.08916543154512249,2,0
1701,0,1.4167835034236111,-0.3716511216257566,0.13852856914773373,0.4879807434757916,0,-1.4633360410957605,-0.6078706761357132,2,1
1702,0,1.684995184515984,0.15815431124341725,-1.7514820909578637,-1.1667819965102333,0,-0.05016748378454817,-0.8153527739719495,1,0
1703,1,-0.9077177327102872,-0.7152776966906019,-1.5290890876725274,-1.12585146937277,1,-1.4633360410957605,-0.6078706761357132,1,0
1704,0,0.4333406727515773,-0.495192358263075,-0.7419313305724347,-0.874421088385494,2,1.3630010735266642,-1.0228348718081859,0,0
1705,1,-0.19248658313062617,0.41003864644738197,-0.9743290307912439,-1.5702400497223739,2,0.6564167948710581,-0.08916543154512249,0,0
1706,1,-0.10308268943316853,0.6513055313853884,-0.4976118192676562,1.3709106860125047,2,-1.4633360410957605,-0.6078706761357132,2,1
1707,0,1.4167835034236111,-0.9714303536095247,0.19756326649140693,-1.2486430507851605,1,-0.7567517624401544,-1.0228348718081859,0,0
1708,0,-0.9077177327102872,0.5472918665940033,1.4825032060052699,0.7744944334380363,1,-0.05016748378454817,-0.9190938228900677,0,1
1709,0,1.1485718223312382,0.572635026776567,-0.35094870580380544,1.6866604667872231,1,-0.7567517624401544,-0.6078706761357132,2,1
1710,0,-1.3547372011975753,0.16423666968723252,1.1280000813043851,1.0727025597252704,1,-0.7567517624401544,-0.08916543154512249,1,1
1711,1,1.3273796097261537,-0.21855175711235333,-0.41024729740328786,-0.7808655977855774,0,-0.7567517624401544,-1.0228348718081859,0,1
1712,0,1.237975716028696,0.4944713853713968,-1.0743682385302136,0.6224667612131718,1,-0.05016748378454817,-0.6078706761357132,1,1
1713,1,1.1485718223312382,1.1214878452987413,-0.30669984838120734,1.2422718864376192,2,-0.05016748378454817,-0.9190938228900677,2,0
1714,0,0.07572509796174673,1.0461252900190123,1.5507664407065065,-1.5059206499349311,0,-0.05016748378454817,-0.6078706761357132,2,0
1715,0,-0.2818904768280838,-1.435183507939722,-1.683133478703277,1.2598135409251037,2,-0.05016748378454817,-1.0228348718081859,0,0
1716,0,0.16512899165920436,-1.2205402796987666,-1.082944801844013,0.5698417977507186,1,-0.7567517624401544,-0.6078706761357132,2,1
1717,1,1.5061873971210689,1.3815353457825634,-0.2823672456764459,1.1604108321626923,0,1.3630010735266642,-0.08916543154512249,2,1
1718,0,-0.4606982642229991,-0.6717941692194662,-1.1296773699095215,-0.5586713076107754,1,1.3630010735266642,-0.8153527739719495,2,0
1719,0,1.3273796097261537,1.2145105816741093,0.31388630213295704,-0.2370743086735621,0,-0.05016748378454817,1.9856555468172403,0,0
1720,0,0.7015523538439502,-1.7069955701503974,-1.773664731637356,-0.681462889023166,2,0.6564167948710581,1.9856555468172403,0,0
1721,0,-1.1759294138026601,0.9317342680581354,-0.590518120504018,1.470313394774916,1,-1.4633360410957605,-1.0228348718081859,0,1
1722,1,1.0591679286337807,1.2468697956756354,1.7098092994061131,-0.002219905234813311,1,0.6564167948710581,-1.0228348718081859,2,1
1723,0,-0.8183138390128296,1.3212186245480617,0.9475352183096776,0.5464529251007395,0,0.6564167948710581,-1.0228348718081859,1,1
1724,1,-0.9077177327102872,0.08041750200974289,1.4457287652986799,0.5990778885631926,0,0.6564167948710581,-1.0228348718081859,2,1
1725,1,-0.9971216264077448,1.1218346464380817,-0.014879371030770194,-0.8042544704355565,1,1.3630010735266642,-0.6078706761357132,0,0
1726,1,-0.5501021579204567,-1.3493902414690642,1.0196947740819797,-1.704726067459754,0,-1.4633360410957605,-0.08916543154512249,1,0
1727,1,-0.6395060516179143,-0.17005295162614195,-0.37928629192025964,-0.7516295069731035,1,0.6564167948710581,1.9856555468172403,1,0
1728,1,0.4333406727515773,-0.7695120594812882,0.2037026887368507,1.0083831599378277,0,-0.05016748378454817,-0.9190938228900677,0,0
1729,1,-1.6229488822899483,-0.30842660622293977,1.3594275820533075,0.6633972883506353,2,1.3630010735266642,1.9856555468172403,1,0
1730,0,1.3273796097261537,-1.5843613518775075,1.5810289025712163,0.6809389428381196,0,-0.05016748378454817,-0.08916543154512249,1,0
1731,1,-1.1759294138026601,-0.8557588351341603,-0.9234362473988609,-0.002219905234813311,2,-0.05016748378454817,-1.0228348718081859,0,0
1732,1,0.07572509796174673,-1.6778642744458083,-1.451892256252573,-0.5937546165857441,0,0.6564167948710581,0.42953981304546823,1,0
1733,1,-0.19248658313062617,-0.212576106711412,-1.4171746384221429,-0.3540186719234579,0,-0.05016748378454817,-0.6078706761357132,1,0
1734,0,-1.5335449885924908,0.13046357411762657,0.8253677010615292,-0.8510322157355148,1,-1.4633360410957605,0.42953981304546823,0,1
1735,0,1.684995184515984,1.5358885297997356,1.0730091753512,-0.7984072522730618,0,-0.05016748378454817,-0.6078706761357132,1,0
1736,1,-0.8183138390128296,-1.2682654518741419,0.5699801542042819,-0.09674107277368718,0,0.6564167948710581,-1.0228348718081859,1,0
1737,0,1.684995184515984,1.6267237512961876,-0.3758168586159444,0.6341611975381614,2,-0.05016748378454817,-0.6078706761357132,1,0
1738,1,0.3439367790541196,-0.9758053833673568,1.295526364168682,0.09036990842614603,0,1.3630010735266642,-1.0228348718081859,1,0
1739,1,-0.10308268943316853,0.7275484280188274,-0.10093218321185154,-1.3305041050600874,1,1.3630010735266642,-0.08916543154512249,0,0
1740,0,-1.444141094895033,0.01361826717064867,-1.6580480012098833,0.9791470691253539,2,1.3630010735266642,0.9482450576360589,2,0
1741,1,0.5227445664490349,-1.1977847895558962,0.9116378379238652,-1.2135597418101918,1,-0.7567517624401544,-0.8153527739719495,2,0
1742,0,1.5955912908185266,-1.2567676602544735,-1.7527938006411505,-0.459268598848364,1,1.3630010735266642,-0.6078706761357132,1,0
1743,0,1.0591679286337807,0.5856000539857522,0.9563058215174545,-1.7222677219472382,1,1.3630010735266642,-1.0228348718081859,0,0
1744,1,1.684995184515984,0.5765298703414662,-0.5311962441172583,-0.9387404881729366,1,-0.7567517624401544,0.42953981304546823,0,1
1745,1,1.4167835034236111,1.6923491976636682,-0.6485360488032498,0.32425863492593754,2,1.3630010735266642,-1.0228348718081859,1,0
1746,0,1.5061873971210689,-0.5562293587869758,-0.3828255795864068,-0.9095043973604627,0,0.6564167948710581,0.42953981304546823,2,0
1747,1,1.1485718223312382,1.4295806420865604,-1.659499419616834,-0.9504349244979262,1,1.3630010735266642,1.9856555468172403,1,0
1748,1,1.4167835034236111,1.3402126561796253,-0.14221611105447549,-0.6873101071856608,2,1.3630010735266642,-0.6078706761357132,0,0
1749,1,-1.5335449885924908,1.1335992081649349,-0.31643288946311193,0.3651891620634011,1,-0.7567517624401544,-0.9190938228900677,0,1
1750,0,-0.9971216264077448,1.6819718404941764,1.0515173166942673,0.4938279616382864,0,0.6564167948710581,0.42953981304546823,2,1
1751,0,-1.0865255201052024,-1.400209946887784,-0.8877872380773395,0.9031332330129216,2,-0.05016748378454817,-1.0228348718081859,0,0
1752,1,1.1485718223312382,-1.068187871485481,0.7440649854850138,1.6983549031122127,2,-1.4633360410957605,-0.6078706761357132,0,0
1753,0,-1.2653333075001179,-1.417149848694024,0.7621727883909813,0.9791470691253539,0,0.6564167948710581,-1.0228348718081859,0,0
1754,0,1.684995184515984,0.5931229710083659,0.804993512193906,-1.096615378560296,2,-0.05016748378454817,-0.9190938228900677,2,0
1755,0,-1.444141094895033,-1.4121345706789483,1.3428565751076407,-1.014754324285369,0,0.6564167948710581,-0.8153527739719495,0,0
1756,0,-0.6395060516179143,-0.4825207781717932,0.5151444801662789,-1.6287122313473217,2,-0.05016748378454817,0.9482450576360589,1,0
1757,0,-1.6229488822899483,-0.2835636322333088,0.10581344302315017,-0.5820601802607546,2,-0.05016748378454817,0.9482450576360589,2,0
1758,1,-1.3547372011975753,-0.7216001482308836,1.1941211155761116,0.18392539902606264,0,0.6564167948710581,-0.9190938228900677,1,0
1759,1,0.6121484601464925,-1.2852320306911003,1.091637005173027,0.13130043556360957,0,-0.7567517624401544,-0.08916543154512249,1,0
1760,1,1.0591679286337807,0.22543373227544425,-1.5139384527507747,1.0727025597252704,2,0.6564167948710581,-0.6078706761357132,2,0
1761,0,0.07572509796174673,1.1227683418132288,-1.5110744239156688,-0.25461596316104645,2,0.6564167948710581,-0.9190938228900677,1,0
1762,0,-1.0865255201052024,-1.7143851021194185,-1.3202245457952928,1.2130357956251454,0,-0.05016748378454817,-0.8153527739719495,2,0
1763,1,1.5955912908185266,0.6048875327352191,1.0893783808071307,-1.0322959787728532,0,-1.4633360410957605,-1.0228348718081859,1,1
1764,0,-1.0865255201052024,-1.1950103804411736,1.675572900512747,1.1837997048126714,2,-0.05016748378454817,-0.6078706761357132,2,0
1765,1,-1.5335449885924908,1.3298886530315703,-1.5503480984566873,1.113633086862734,2,1.3630010735266642,1.9856555468172403,0,0
1766,1,-1.5335449885924908,-0.1241684931903424,-0.6218051130089282,-1.4649901227974675,2,0.6564167948710581,0.42953981304546823,0,0
1767,1,0.16512899165920436,0.7378724311668823,0.013954957214266085,0.10791156291363041,0,0.6564167948710581,-0.9190938228900677,1,0
1768,0,-1.2653333075001179,0.8852895923972476,-0.44471654416942674,-0.681462889023166,2,-0.7567517624401544,1.9856555468172403,0,0
1769,0,-1.6229488822899483,-1.27658867921831,0.19635245755298816,0.7160222518130883,1,-0.05016748378454817,1.9856555468172403,2,0
1770,1,0.254532885356662,0.06891971039007452,0.929753402425592,1.522938358237369,0,-0.7567517624401544,-0.8153527739719495,1,1
1771,1,-1.6229488822899483,1.4208305825708964,1.202200936761329,-1.2720319234351396,2,0.6564167948710581,1.9856555468172403,0,0
1772,1,1.5955912908185266,-1.1957840137520097,0.7222937093807535,0.17807818086356786,0,-0.05016748378454817,-0.9190938228900677,0,0
1773,1,-0.2818904768280838,1.5744634872986694,-0.5261434452780878,0.3593419439009063,1,-0.05016748378454817,-0.08916543154512249,1,1
1774,0,1.3273796097261537,-1.4290477954744696,-1.0962947465496558,0.7043278154880988,0,1.3630010735266642,0.9482450576360589,0,0
1775,0,1.237975716028696,1.0662931101221893,0.9923118642438941,1.2832024135750828,2,1.3630010735266642,0.9482450576360589,0,0
1776,1,0.254532885356662,0.21737727503846083,-1.4410881149559132,-0.4768102533358484,1,-1.4633360410957605,-0.6078706761357132,1,1
1777,1,0.8803601412388654,-1.0872619341492,1.650619370147258,-1.2954207960851187,1,1.3630010735266642,-1.0228348718081859,0,0
1778,0,-1.0865255201052024,1.0721086984588197,-1.3512398824486347,1.5638688853748326,2,-0.05016748378454817,-0.8153527739719495,0,0
1779,0,0.16512899165920436,-1.6937104188125902,-0.921068960692337,1.6574243759747493,2,1.3630010735266642,-0.9190938228900677,0,0
1780,1,1.4167835034236111,-0.8689906324505303,-0.891442949679873,1.248119104600114,2,-1.4633360410957605,-0.6078706761357132,0,0
1781,1,-1.3547372011975753,0.5508132320088437,0.3015298416844785,0.21316148983853658,0,0.6564167948710581,-0.9190938228900677,1,0
1782,1,-0.6395060516179143,0.831588769820931,-0.32112865489736414,-1.1843236509977177,0,1.3630010735266642,-0.6078706761357132,2,0
1783,0,0.7909562475414078,1.3434672514872807,-1.6126349044234212,1.306591286225062,0,-0.05016748378454817,0.9482450576360589,2,1
1784,0,0.969764034936323,1.4475609473108215,-1.3800509259063936,-0.15521325439863506,2,0.6564167948710581,1.9856555468172403,0,0
1785,0,-0.37129437052554143,1.4371302361198925,-1.4248896646066829,0.4704390889883073,2,-0.05016748378454817,-0.08916543154512249,0,0
1786,1,0.8803601412388654,0.4684879769315894,-0.0553638545102074,-1.704726067459754,0,0.6564167948710581,-0.9190938228900677,2,0
1787,1,-0.37129437052554143,0.5966176594124878,0.08240447021372098,-0.9211988336854523,1,-0.05016748378454817,-0.08916543154512249,0,0
1788,0,-0.728909945315372,1.5112923259172895,-0.22059270502981232,-0.377407544573437,0,1.3630010735266642,0.42953981304546823,2,0
1789,0,-0.2818904768280838,1.5571234303316521,1.4480727672179265,1.78021595738714,1,1.3630010735266642,0.42953981304546823,1,1
1790,1,-0.37129437052554143,-1.0224634751139925,-1.1024186456035814,1.3650634678500098,2,-1.4633360410957605,1.9856555468172403,1,0
1791,0,-0.728909945315372,0.3578050594605822,-0.19422656423616813,-1.4240595956600042,2,0.6564167948710581,0.9482450576360589,1,0
1792,0,-1.0865255201052024,0.5375280806710366,-0.8537371174821917,0.17223096270107308,0,-1.4633360410957605,-0.8153527739719495,1,1
1793,1,-0.0136787957357109,-1.5080651012226314,-1.5511242580325968,-0.10843550909867676,0,-0.7567517624401544,-0.08916543154512249,1,0
1794,0,-1.5335449885924908,0.6985771943785494,-0.12600989910948607,1.4059939949874734,2,1.3630010735266642,-0.6078706761357132,1,0
1795,1,-0.37129437052554143,1.0766704672916814,-1.3973592844491745,1.113633086862734,0,0.6564167948710581,-0.8153527739719495,2,1
1796,1,0.8803601412388654,-0.48436149191136885,1.1120888099982413,1.2890496317375777,2,-1.4633360410957605,-0.9190938228900677,0,1
1797,1,0.254532885356662,-0.48588208152232265,-0.2661377489441792,-0.8393377794105252,2,-1.4633360410957605,-0.9190938228900677,2,0
1798,1,0.7015523538439502,-1.6169339819647814,-0.6562898829665853,1.0960914323752495,1,-0.7567517624401544,-0.6078706761357132,1,1
1799,1,-1.3547372011975753,1.407198630093749,-1.572251321688852,-0.21368543602358295,0,-1.4633360410957605,-1.0228348718081859,0,1
1800,1,-0.0136787957357109,0.4564299680868328,1.3161722088878736,0.1663837445385783,2,-0.05016748378454817,1.9856555468172403,0,0
1801,1,-1.712352775987406,-0.5097046520939326,0.12489144539900458,-0.7457822888106087,0,1.3630010735266642,-1.0228348718081859,1,0
1802,0,0.8803601412388654,0.2907924085357401,-1.7183090306834936,0.08452269026365125,1,-1.4633360410957605,1.9856555468172403,1,1
1803,1,0.07572509796174673,0.637620224886804,0.5805048780536142,1.0727025597252704,1,-1.4633360410957605,-0.9190938228900677,1,1
1804,1,-0.0136787957357109,1.653374085003957,-1.66081889089588,-1.4006707230100248,0,-0.7567517624401544,1.9856555468172403,1,1
1805,0,-1.2653333075001179,0.6899338429057592,1.4872300178225586,1.0376192507503017,0,-0.05016748378454817,0.9482450576360589,1,1
1806,0,0.16512899165920436,1.0635720550289036,1.5234223388472163,0.002661635988724218,2,-1.4633360410957605,0.9482450576360589,1,0
1807,0,-0.19248658313062617,1.546079147894198,-1.5271331655412355,0.9674526328003642,1,1.3630010735266642,-0.6078706761357132,0,1
1808,1,-1.0865255201052024,1.0346008213886255,0.7840294420485916,-0.002219905234813311,1,1.3630010735266642,-1.0228348718081859,1,0
1809,0,1.684995184515984,-1.1056423945342384,-0.9110254557800687,-0.903657179197968,1,-1.4633360410957605,-0.08916543154512249,1,0
1810,1,1.0591679286337807,0.659975559868897,-0.6294890928104317,-0.19614378153609857,0,-0.05016748378454817,-0.9190938228900677,0,0
1811,1,1.1485718223312382,1.499847888319058,0.9809256032653024,0.7277166881380779,2,1.3630010735266642,0.42953981304546823,2,0
1812,1,-0.37129437052554143,-0.23325079001824028,0.16220919780873122,-0.3189353629484891,0,1.3630010735266642,-0.08916543154512249,1,0
1813,1,-0.728909945315372,0.4355151916835381,0.406389000389846,0.3476475075759167,0,-0.05016748378454817,-0.6078706761357132,0,1
1814,0,1.5955912908185266,-0.332489269891016,-0.6727832739546612,1.7158965575996972,0,-0.05016748378454817,0.42953981304546823,0,1
1815,0,1.237975716028696,1.4610328377236579,1.5130606085088252,-0.6756156708606712,2,-1.4633360410957605,-0.08916543154512249,2,0
1816,1,-0.5501021579204567,0.8109674405355397,0.9550717277917584,-1.342198541385077,0,0.6564167948710581,-1.0228348718081859,1,0
1817,1,1.4167835034236111,-1.0240107417356648,-0.30014906156053156,0.3067169804384532,1,-0.7567517624401544,1.9856555468172403,1,0
1818,1,1.1485718223312382,1.5118525431423777,-1.2365855898952898,-0.7282406343231242,1,0.6564167948710581,0.9482450576360589,1,0
1819,0,0.254532885356662,-0.2542722744644089,-0.5946395278520972,1.0434664689127966,1,0.6564167948710581,-1.0228348718081859,0,1
1820,1,-1.6229488822899483,1.0594904723889749,-0.7180954699962553,1.3942995586624838,2,1.3630010735266642,0.42953981304546823,1,0
1821,1,0.07572509796174673,0.9104460135047818,1.357743315773584,0.4178141255258542,0,-0.05016748378454817,1.9856555468172403,1,1
1822,0,-1.6229488822899483,-0.24181411045887496,1.437361765070376,-1.1024625967227908,2,1.3630010735266642,1.9856555468172403,1,0
1823,0,0.6121484601464925,-1.4356370171219364,-0.018511797846026447,0.8388138332254789,0,-0.7567517624401544,1.9856555468172403,1,1
1824,1,-0.9971216264077448,-1.2665047691667217,1.3234525857099042,-0.40079641722341613,1,-1.4633360410957605,-0.8153527739719495,2,0
1825,0,-1.712352775987406,1.1114839662793083,-0.7155651897787905,0.8680499240379529,0,-0.7567517624401544,0.9482450576360589,2,1
1826,0,-0.8183138390128296,0.8317755088959604,-1.1609100312441178,0.8563554877129633,0,1.3630010735266642,-0.9190938228900677,2,1
1827,1,-1.5335449885924908,-0.0400558783949494,-0.7030224510320936,0.587383452238203,0,1.3630010735266642,0.42953981304546823,1,1
1828,0,0.254532885356662,-1.025984840528833,0.8800326199928322,1.669118812299739,2,1.3630010735266642,-0.6078706761357132,1,0
1829,1,0.5227445664490349,-0.06019702148740792,1.6145978042293,-1.236948614460171,0,1.3630010735266642,-0.9190938228900677,0,0
1830,0,-1.444141094895033,-1.6643390300115348,0.8532240682409197,1.4937022674248952,0,0.6564167948710581,-0.08916543154512249,0,0
1831,1,-0.19248658313062617,1.3170036568545407,-0.7593483514558428,-1.6521011039973008,0,-1.4633360410957605,0.9482450576360589,0,1
1832,1,-1.2653333075001179,1.2181920091532608,-1.3594516507617567,1.1545636140001974,2,0.6564167948710581,-0.6078706761357132,1,0
1833,1,1.3273796097261537,1.7097426086521226,0.7887174458870848,-0.16106047256112985,2,1.3630010735266642,-0.6078706761357132,2,0
1834,0,0.16512899165920436,1.6812782382154958,-0.9408843146653054,1.3416745952000306,2,-0.05016748378454817,-1.0228348718081859,2,0
1835,1,-0.4606982642229991,-1.3370654625171228,1.275090082534986,-1.0264487606103585,0,0.6564167948710581,-0.08916543154512249,2,0
1836,0,0.16512899165920436,1.4435860727137666,-1.5622078167765838,0.33595307125092716,1,1.3630010735266642,-1.0228348718081859,1,1
1837,1,1.5061873971210689,0.6229478689916356,0.48231293010530896,-1.3948235048475301,1,1.3630010735266642,-1.0228348718081859,2,0
1838,1,-0.728909945315372,1.648065359870978,-1.7164074397225153,-1.4942262136099416,1,-1.4633360410957605,1.9856555468172403,0,1
1839,0,1.5955912908185266,-0.9642809147369699,-1.153940118252451,0.23655036248851574,0,-0.7567517624401544,0.9482450576360589,0,0
1840,1,-0.19248658313062617,1.0961446851161776,-0.18506788124043655,-0.7165461979981347,0,0.6564167948710581,-0.8153527739719495,2,0
1841,1,1.3273796097261537,-0.12267458059010707,1.408139357037385,1.470313394774916,1,0.6564167948710581,-1.0228348718081859,0,1
1842,0,0.8803601412388654,-0.4946854950594237,-1.3273496907021416,-0.21368543602358295,1,0.6564167948710581,-0.9190938228900677,2,0
1843,1,0.3439367790541196,-1.1138055598140957,1.6900715613907358,1.2948968499000724,0,1.3630010735266642,-0.6078706761357132,2,0
1844,1,0.8803601412388654,-0.8613610073850427,-1.701520699056572,1.329980158875041,1,-1.4633360410957605,0.9482450576360589,0,1
1845,1,-0.5501021579204567,0.4074509764076886,1.3151088702688776,-1.0439904150978427,1,1.3630010735266642,-1.0228348718081859,0,0
1846,1,-1.2653333075001179,-0.6191604270718892,1.271387801357898,-0.6522267982106921,0,1.3630010735266642,0.42953981304546823,0,0
1847,0,-1.5335449885924908,1.0553555357276092,-1.1828831088381146,-1.0498376332603376,2,-0.05016748378454817,-0.9190938228900677,0,0
1848,0,-0.37129437052554143,0.18445784381184652,-0.2890965491995809,-0.7808655977855774,1,-1.4633360410957605,-0.08916543154512249,2,1
1849,1,-1.1759294138026601,0.024715903629539723,1.1942608242997754,1.6574243759747493,2,0.6564167948710581,-0.6078706761357132,0,0
1850,0,-0.5501021579204567,0.3197102881545812,0.810488721991345,1.446924522124937,1,-0.7567517624401544,0.9482450576360589,0,1
1851,1,-0.9971216264077448,0.6363130513615981,-1.5061846185874392,1.7042021212747076,0,0.6564167948710581,0.42953981304546823,1,1
1852,0,-0.4606982642229991,-1.6075436741918736,-1.1666070425312933,-0.34232423559846825,2,1.3630010735266642,0.9482450576360589,0,0
1853,1,0.07572509796174673,0.6906274451844399,0.08671991745577756,-1.342198541385077,2,-1.4633360410957605,0.9482450576360589,0,0
1854,1,1.3273796097261537,1.7223074807005305,-0.306668801998171,-1.3188096687350979,2,-1.4633360410957605,0.42953981304546823,2,0
1855,1,-1.6229488822899483,0.8894512060693317,-1.2120046161262374,0.8855915785254372,2,-1.4633360410957605,-0.08916543154512249,2,1
1856,1,0.6121484601464925,-0.09781160660047615,0.2198623311072856,0.7043278154880988,1,-0.05016748378454817,0.42953981304546823,1,1
1857,1,-1.6229488822899483,0.8016304867840689,-0.10464222598469874,-0.002219905234813311,1,0.6564167948710581,-0.9190938228900677,0,1
1858,1,1.3273796097261537,0.8136351416073885,0.8760043517938622,0.8505082695504685,2,-0.05016748378454817,1.9856555468172403,0,0
1859,0,-0.19248658313062617,0.0714273493976124,-0.09482380734944414,0.9849942872878487,1,-0.7567517624401544,0.9482450576360589,0,1
1860,1,-0.5501021579204567,-0.8917461225934007,0.05011623185588763,0.587383452238203,2,1.3630010735266642,-0.08916543154512249,0,0
1861,0,-0.0136787957357109,-1.1158863666501377,0.8904719662888144,1.4937022674248952,2,-0.05016748378454817,0.9482450576360589,0,0
1862,1,-0.19248658313062617,0.46699406433135404,0.17538838740767376,1.528785576399864,0,-0.05016748378454817,0.42953981304546823,0,1
1863,0,-0.9077177327102872,0.10029187499501653,0.22187258440889107,0.5815362340757082,2,1.3630010735266642,-0.08916543154512249,1,0
1864,0,0.4333406727515773,1.2582075252309928,1.4718620582195512,0.17807818086356786,1,-1.4633360410957605,-0.08916543154512249,0,1
1865,0,-1.6229488822899483,1.4007161164891564,1.5087218764794914,-1.1960180873227073,2,1.3630010735266642,-1.0228348718081859,0,0
1866,1,0.4333406727515773,0.006468828298093858,0.31002878904068704,-1.3188096687350979,0,0.6564167948710581,-1.0228348718081859,0,0
1867,1,1.1485718223312382,-0.06761323046714762,0.5489384681013766,-0.7574767251355983,1,1.3630010735266642,1.9856555468172403,1,0
1868,0,1.4167835034236111,0.8116877198249389,-1.5170896606289672,-0.4768102533358484,0,-1.4633360410957605,-1.0228348718081859,0,1
1869,1,0.969764034936323,0.9998940304438725,-0.9515254624510241,0.23070314432602096,0,1.3630010735266642,0.42953981304546823,1,0
1870,0,-0.5501021579204567,-0.9973604080278952,-0.42417160019510347,0.42950856185084374,2,-0.05016748378454817,-0.6078706761357132,2,0
1871,1,-1.712352775987406,-1.2853920927554112,1.5601734947665291,1.6866604667872231,0,-0.7567517624401544,-0.9190938228900677,0,1
1872,0,-0.37129437052554143,-0.9141548115969307,-0.1201110863325742,-1.4416012501474884,0,-0.05016748378454817,0.42953981304546823,1,0
1873,0,-1.5335449885924908,-1.2042939801712074,-1.5946668102411172,-1.4240595956600042,1,-0.7567517624401544,0.9482450576360589,2,0
1874,1,1.3273796097261537,1.3119883788394648,0.13611471286665533,-0.0382688911487393,0,1.3630010735266642,-1.0228348718081859,1,0
1875,0,-1.2653333075001179,0.46293915870214386,-0.3236822199021062,-0.3306297992734787,2,0.6564167948710581,-0.08916543154512249,1,0
1876,1,0.4333406727515773,1.7008324870721476,-0.5850073875150609,-0.9504349244979262,0,1.3630010735266642,0.42953981304546823,2,0
1877,0,-0.6395060516179143,-0.7967492874248646,0.7846581313050783,-0.7574767251355983,2,-1.4633360410957605,-0.08916543154512249,0,0
1878,0,1.237975716028696,-1.6825327513215438,0.042533152799252245,0.4587446526633177,0,1.3630010735266642,1.9856555468172403,0,0
1879,1,-1.0865255201052024,-1.6146931130644284,1.1172037016034846,0.4528974345008229,1,-0.7567517624401544,0.9482450576360589,1,1
1880,1,0.07572509796174673,-1.387645074839376,-0.7521145442083667,1.0668553415627757,2,-0.05016748378454817,-0.08916543154512249,2,0
1881,1,1.237975716028696,1.245696007204022,1.0313449293163806,1.0727025597252704,0,0.6564167948710581,-0.08916543154512249,0,1
1882,0,-1.444141094895033,1.542744521554387,1.5880221003501604,1.7275909939246867,2,1.3630010735266642,1.9856555468172403,1,0
1883,1,0.4333406727515773,0.8107273474390734,1.3819051633716455,0.02605050863870337,0,1.3630010735266642,-0.8153527739719495,2,0
1884,0,-0.4606982642229991,-0.49556583641313384,-0.8163184643275969,-1.2486430507851605,1,-0.05016748378454817,-0.6078706761357132,1,0
1885,0,-1.444141094895033,1.7090756833841603,-0.5961763238123979,-1.2194069599726864,2,0.6564167948710581,-0.9190938228900677,2,0
1886,1,-0.728909945315372,-0.7313105801324132,1.1175141654338483,-0.41249085354840576,1,1.3630010735266642,-0.9190938228900677,0,0
1887,1,1.0591679286337807,-0.2680109349844303,-0.9725671485539293,-1.6345594495098164,0,1.3630010735266642,-1.0228348718081859,0,0
1888,0,1.0591679286337807,-0.3379847340990246,0.8937551212949114,0.3651891620634011,2,-0.7567517624401544,-0.8153527739719495,1,1
1889,0,0.7015523538439502,-1.2188062740020649,0.14870402118790668,-0.7750183796230826,0,-0.7567517624401544,0.42953981304546823,0,0
1890,1,-0.6395060516179143,-0.941498747583381,-1.236018993404876,1.277355195412588,0,-1.4633360410957605,1.9856555468172403,0,1
1891,1,0.969764034936323,-0.6399684954323099,1.2502452145101244,0.31841141676344276,0,-0.05016748378454817,0.42953981304546823,2,0
1892,1,-0.5501021579204567,0.27849430659451707,0.7744283480945917,0.9849942872878487,2,0.6564167948710581,-0.9190938228900677,0,0
1893,1,-0.0136787957357109,-1.6468922650016435,0.5945688895690935,0.4645918708258125,1,1.3630010735266642,-0.6078706761357132,2,0
1894,1,-0.19248658313062617,-0.5932837266749558,0.12494577656931825,-1.1901708691602126,2,1.3630010735266642,-0.08916543154512249,2,0
1895,0,0.7909562475414078,0.41230619235845345,-1.3964201313623241,-0.6697684526981764,0,-1.4633360410957605,0.9482450576360589,1,1
1896,0,-1.2653333075001179,-0.2351715347899714,1.40552369926657,0.03189772680119816,1,1.3630010735266642,-1.0228348718081859,2,0
1897,0,1.0591679286337807,-0.05646223998681959,-1.7006591619273126,-0.6229907073982182,0,-0.05016748378454817,-0.6078706761357132,0,0
1898,0,0.7909562475414078,-1.3055332358478697,-0.2867292624930571,0.10791156291363041,1,-1.4633360410957605,-0.9190938228900677,2,0
1899,1,-1.6229488822899483,-0.4250851740948883,-1.4614778270150546,1.1545636140001974,2,-0.05016748378454817,-0.8153527739719495,2,0
1900,1,0.254532885356662,1.0319864743382137,1.4329687018707284,-0.9796710153104001,1,-1.4633360410957605,-1.0228348718081859,1,1
1901,1,-0.10308268943316853,-1.6375019572287357,-1.506409704864453,1.306591286225062,2,1.3630010735266642,1.9856555468172403,0,0
1902,0,0.969764034936323,1.5756105987595643,0.8777895188184539,0.7627999971130467,0,-1.4633360410957605,-0.9190938228900677,0,1
1903,0,-1.3547372011975753,1.6397688095375282,0.423953491592677,1.5404800127248535,1,-0.7567517624401544,0.42953981304546823,0,1
1904,1,-0.10308268943316853,1.3112680995500656,0.03990197183691919,1.5755633216998222,0,0.6564167948710581,-1.0228348718081859,2,1
1905,1,1.237975716028696,0.9389904149735642,-1.1187568046764753,-0.6346851437232077,1,1.3630010735266642,1.9856555468172403,0,0
1906,0,-0.9077177327102872,-1.6690075068872703,0.3823823847069665,1.4878550492624003,2,0.6564167948710581,-0.9190938228900677,0,0
1907,0,0.4333406727515773,0.764309348788904,-1.5371611472619857,0.9206748875004059,1,1.3630010735266642,0.42953981304546823,2,1
1908,1,-1.6229488822899483,1.5769444492954887,0.45422371505314574,1.0259248144253121,1,0.6564167948710581,0.9482450576360589,1,1
1909,1,-0.8183138390128296,0.5336599141168559,1.5278309252383822,1.5755633216998222,2,-0.7567517624401544,0.42953981304546823,1,1
1910,0,0.969764034936323,1.452069362122246,0.7585636463630024,-0.41833807171090054,2,0.6564167948710581,-0.08916543154512249,2,0
1911,1,-0.4606982642229991,-0.24277448284474054,1.1314539914171822,-0.8276433430855357,2,-1.4633360410957605,1.9856555468172403,1,0
1912,1,-0.9971216264077448,-0.6171329742572842,-1.2073010890962261,1.5463272308873484,1,0.6564167948710581,1.9856555468172403,1,1
1913,1,0.254532885356662,-0.03906882899836534,-1.4112447792621947,0.32425863492593754,0,1.3630010735266642,-0.8153527739719495,1,0
1914,0,-0.10308268943316853,-0.10949613729517395,-0.7271687754386368,-0.8685738702229993,1,-0.05016748378454817,1.9856555468172403,0,0
1915,0,-0.9971216264077448,1.0223560734688395,-1.3840403861265682,1.6398827214872649,1,0.6564167948710581,-0.08916543154512249,1,1
1916,0,1.3273796097261537,-0.5955779495967457,0.2898796864500776,0.312564198600948,0,0.6564167948710581,-0.9190938228900677,0,0
1917,0,0.07572509796174673,0.38621607587577206,-1.39542664710516,-0.6639212345356816,2,0.6564167948710581,0.9482450576360589,1,0
1918,0,-0.9971216264077448,0.4897762314849429,-1.6644668409026546,-0.681462889023166,1,1.3630010735266642,-0.6078706761357132,0,0
1919,0,0.7015523538439502,1.537008964249912,1.0033178070302902,-1.5000734317724362,0,0.6564167948710581,0.9482450576360589,2,0
1920,0,-1.1759294138026601,1.5377292435393113,-1.2474983935325767,-1.7105732856222486,2,1.3630010735266642,0.9482450576360589,2,0
1921,1,-0.37129437052554143,0.03311916200586348,1.0739250436507735,-1.3538929777100666,2,1.3630010735266642,1.9856555468172403,1,0
1922,1,-0.37129437052554143,-1.666153066740392,0.9858852629553638,-1.5585456133973843,1,-0.05016748378454817,0.9482450576360589,0,0
1923,1,1.1485718223312382,1.1136181271367873,0.6522763540379616,0.4470502163383281,2,-1.4633360410957605,1.9856555468172403,2,1
1924,1,-1.444141094895033,0.342599163351044,0.5282538154033897,1.329980158875041,2,1.3630010735266642,-0.08916543154512249,2,0
1925,1,-1.444141094895033,0.3333422406317286,1.4203871551452363,-1.1609347783477386,0,-0.7567517624401544,-0.6078706761357132,2,1
1926,1,1.684995184515984,0.446986306292488,0.9251197297574125,0.8563554877129633,0,0.6564167948710581,0.42953981304546823,2,1
1927,1,-0.2818904768280838,-1.6615379438860935,-0.5517334264958225,-0.5411296531232911,0,-0.7567517624401544,1.9856555468172403,1,0
1928,0,1.5061873971210689,-1.3731061039978,-1.081299343543085,0.6750917246756248,0,0.6564167948710581,-0.9190938228900677,0,0
1929,0,1.684995184515984,1.5307932207525043,0.887243142453031,-1.6053233586973426,2,-0.05016748378454817,-0.8153527739719495,2,0
1930,1,0.7909562475414078,-1.0677610393139854,0.45024977802448934,1.4937022674248952,1,1.3630010735266642,-0.6078706761357132,1,0
1931,1,1.4167835034236111,-0.8908924582504091,-1.0394721039973245,-1.1316986875352646,0,-1.4633360410957605,-0.9190938228900677,2,0
1932,0,1.5955912908185266,0.25413819580853747,-1.0457201885833955,-1.4591429046349729,2,1.3630010735266642,1.9856555468172403,2,0
1933,1,1.684995184515984,0.1719196487741571,0.20152944192430425,-1.342198541385077,2,0.6564167948710581,-0.6078706761357132,2,0
1934,1,1.5061873971210689,1.195756643139012,0.3166649534147129,-0.7691711614605878,0,-1.4633360410957605,1.9856555468172403,2,1
1935,0,1.3273796097261537,1.0367883362675416,-1.2356386752126802,-1.0790737240728117,0,1.3630010735266642,-0.08916543154512249,1,0
1936,1,-1.1759294138026601,0.4778516076937787,0.020288419353687245,0.2482447988135053,1,-1.4633360410957605,-0.9190938228900677,0,1
1937,0,0.6121484601464925,1.3906588834482863,0.6806061785586567,-1.008907106122874,2,0.6564167948710581,-0.08916543154512249,1,0
1938,1,0.7015523538439502,0.5240561902582002,-0.7355823452414952,0.8855915785254372,1,-0.05016748378454817,-1.0228348718081859,1,1
1939,0,0.16512899165920436,0.37711921522076763,-0.22109720875415348,-0.026574454823749722,1,-0.05016748378454817,-0.9190938228900677,1,0
1940,0,-0.5501021579204567,-1.1871940163006565,0.6251185304768897,0.6809389428381196,1,1.3630010735266642,-0.6078706761357132,2,0
1941,0,-1.1759294138026601,-0.35868609441657134,1.6428888207711998,-0.0850466364486976,0,-0.7567517624401544,-1.0228348718081859,0,1
1942,1,1.5061873971210689,-1.5126535470662115,-0.7774328695745332,-1.476684559122457,1,0.6564167948710581,-0.08916543154512249,2,0
1943,0,0.16512899165920436,-0.36975705386474395,-1.7327300756038913,1.113633086862734,0,1.3630010735266642,-0.08916543154512249,1,1
1944,1,-1.3547372011975753,1.536742194142727,0.06262792421954805,1.7568270847371605,0,1.3630010735266642,-0.6078706761357132,2,1
1945,1,-1.6229488822899483,1.7081686650197316,0.31571803873210336,-1.4299068138224988,1,-0.05016748378454817,-1.0228348718081859,0,0
1946,1,0.6121484601464925,0.8055786843704051,-1.4089085389387073,-0.5001991259858276,1,-1.4633360410957605,0.9482450576360589,0,1
1947,1,0.07572509796174673,-0.09845185485771987,-0.11023057493124683,-0.9913654516353898,2,0.6564167948710581,0.42953981304546823,2,0
1948,0,1.5955912908185266,0.8129682163394263,-0.7884776203397247,1.1487163958377027,1,-1.4633360410957605,-0.8153527739719495,1,1
1949,0,-0.4606982642229991,0.12899633852810974,0.028577803624400232,1.248119104600114,2,0.6564167948710581,-0.6078706761357132,2,0
1950,1,0.07572509796174673,-1.652654499316837,-1.1588997779425125,1.669118812299739,1,-0.7567517624401544,-0.08916543154512249,1,1
1951,1,-0.9077177327102872,1.5626188945396606,0.11348189963313558,-0.21953265418607773,1,-0.05016748378454817,-0.9190938228900677,0,0
1952,0,0.254532885356662,0.6837981304405069,-0.6297762718535183,-0.6288379255607129,1,-0.7567517624401544,-1.0228348718081859,2,1
1953,1,1.684995184515984,0.10994895287510922,0.9260433596527448,-0.3832547627359318,1,1.3630010735266642,1.9856555468172403,0,0
1954,0,-1.3547372011975753,-0.9185831953761997,0.06591107922564506,-0.6229907073982182,2,-0.05016748378454817,0.42953981304546823,1,0
1955,1,-1.712352775987406,0.05384719933412874,-0.9567334932053765,0.698480597325604,2,1.3630010735266642,-0.8153527739719495,1,0
1956,1,-0.6395060516179143,-0.5218160149601261,1.3311753734902034,-1.6696427584847853,1,-0.7567517624401544,-0.9190938228900677,2,1
1957,0,0.07572509796174673,-1.6069834569667854,-0.7058243871011267,-1.0615320695853272,1,0.6564167948710581,-1.0228348718081859,2,0
1958,1,0.5227445664490349,0.969749008331981,0.7049077348803817,-1.2837263597601292,2,1.3630010735266642,0.42953981304546823,2,0
1959,0,0.07572509796174673,0.7149302019489825,0.053314009308634586,1.2071885774626505,0,-1.4633360410957605,-0.6078706761357132,0,1
1960,1,-0.19248658313062617,0.3086126516956902,-0.3500638838872686,-1.231101396297676,0,0.6564167948710581,1.9856555468172403,1,0
1961,1,1.5061873971210689,-1.6102113752637224,-0.6200199459843364,-1.4416012501474884,0,0.6564167948710581,0.42953981304546823,1,0
1962,1,1.0591679286337807,-1.43857148830097,-0.4246140111533719,1.1662580503251871,2,-0.7567517624401544,-0.6078706761357132,0,0
1963,0,1.4167835034236111,-0.03789504052675186,-0.4255997338147769,0.5347584887757499,2,-0.7567517624401544,1.9856555468172403,2,1
1964,1,-0.2818904768280838,0.78661132974956,0.8482799317423764,0.5464529251007395,0,-0.05016748378454817,1.9856555468172403,2,1
1965,1,1.3273796097261537,-1.4431866111552685,0.9256863262478264,-0.45342138068586924,0,-0.05016748378454817,0.9482450576360589,0,0
1966,1,-0.8183138390128296,0.6963630024889148,0.2743021637615748,0.2950225441134636,1,-1.4633360410957605,-1.0228348718081859,1,1
1967,1,0.07572509796174673,-0.5498802302359757,-0.924181360591734,-0.3832547627359318,2,0.6564167948710581,1.9856555468172403,1,0
1968,0,0.5227445664490349,1.5646997013757027,1.592081414932167,-0.2370743086735621,2,-1.4633360410957605,0.42953981304546823,1,0
1969,0,-1.444141094895033,-1.6871211971651237,-1.642330769797717,-0.3481714537609631,0,-1.4633360410957605,1.9856555468172403,1,0
1970,1,1.237975716028696,-0.03824184166609221,-1.364977906942232,-1.5760872678848685,0,-0.7567517624401544,-0.8153527739719495,0,1
1971,0,-0.19248658313062617,0.8347366570857127,-0.579108574738149,1.6866604667872231,2,-1.4633360410957605,0.42953981304546823,1,1
1972,1,1.3273796097261537,-0.26833105911305216,1.4747260870546572,-0.20199099969859335,1,-1.4633360410957605,-1.0228348718081859,0,1
1973,1,0.7909562475414078,1.0416435522183063,1.6247189250991596,-0.14351881807364547,0,1.3630010735266642,-0.9190938228900677,2,0
1974,1,0.7909562475414078,1.056982833381437,-1.3384254878503696,-1.008907106122874,2,-0.05016748378454817,-0.9190938228900677,0,0
1975,0,1.5955912908185266,-0.11333762683863623,-0.8531394746087414,-0.2253798723485725,2,-0.05016748378454817,0.42953981304546823,1,0
1976,0,0.07572509796174673,0.6316979285072997,1.3793050287923487,0.7335639063005728,1,0.6564167948710581,0.42953981304546823,2,1
1977,0,-0.6395060516179143,-1.1339733799172727,-0.26264503085258667,-0.21368543602358295,1,-0.05016748378454817,-0.6078706761357132,0,0
1978,0,-0.2818904768280838,1.0161670069821502,-1.1068970863565788,-1.453295686472478,0,0.6564167948710581,-1.0228348718081859,0,0
1979,0,-0.9971216264077448,1.404744345107648,-1.1185938111655345,1.3416745952000306,0,1.3630010735266642,-0.6078706761357132,0,1
1980,0,-1.712352775987406,-1.5829474703094275,-1.2870592471166817,-0.5118935623108172,0,-0.05016748378454817,-0.8153527739719495,2,0
1981,0,-1.6229488822899483,-1.1496594622197438,-1.4707606955429318,0.09036990842614603,2,1.3630010735266642,0.9482450576360589,0,0
1982,0,0.7909562475414078,1.2953952781725653,-1.2296467232866592,-0.8568794338980096,0,-0.05016748378454817,-0.9190938228900677,1,0
1983,0,1.1485718223312382,-1.4388115813974363,-0.3359843491802711,0.8329666150629841,2,-0.05016748378454817,1.9856555468172403,2,0
1984,1,-0.9077177327102872,0.2510703395759113,-0.6637099685122797,-0.8217961249230409,0,1.3630010735266642,1.9856555468172403,2,0
1985,0,0.07572509796174673,1.4766388889939734,-0.32623578490684835,-1.2018653054852022,1,-1.4633360410957605,-0.08916543154512249,0,1
1986,0,0.7015523538439502,-0.9814609096396762,1.4979798279489045,0.3651891620634011,1,-1.4633360410957605,-0.08916543154512249,1,1
1987,0,-0.8183138390128296,-0.3020774776719396,0.8518114578127645,-0.7106989798356399,2,-1.4633360410957605,-1.0228348718081859,2,0
1988,0,1.237975716028696,-0.3704773331541431,-1.418175884275066,-0.459268598848364,1,-1.4633360410957605,1.9856555468172403,0,1
1989,0,-1.0865255201052024,0.4995933714293465,-0.12688695943026373,0.9382165419878903,2,-0.05016748378454817,-1.0228348718081859,1,0
1990,0,0.16512899165920436,0.586080240178685,0.7257320963020324,-0.5645185257732702,2,-0.7567517624401544,-0.08916543154512249,0,0
1991,0,-1.0865255201052024,0.07230769075132251,-1.1196959577633259,1.113633086862734,1,1.3630010735266642,-1.0228348718081859,0,1
1992,0,-0.4606982642229991,-1.3805756669989768,0.9930181694579717,1.388452340499989,2,-0.7567517624401544,-0.9190938228900677,2,0
1993,0,-0.2818904768280838,-0.7997637896360538,0.15731163088474256,-0.5586713076107754,1,-0.7567517624401544,-0.8153527739719495,2,0
1994,0,0.254532885356662,-0.1522060314554734,1.6051674653820003,0.4412029981758333,0,0.6564167948710581,-0.8153527739719495,0,1
1995,0,0.3439367790541196,1.3828691963184878,1.036304589006442,0.891438796687932,0,-1.4633360410957605,1.9856555468172403,2,1
1996,1,-0.10308268943316853,0.7311765014765418,-0.721277724257484,-0.2780048358110256,1,-0.05016748378454817,-0.6078706761357132,2,0
1997,1,-1.3547372011975753,0.06723905871480977,1.6561068183489378,-0.184449345211109,1,-1.4633360410957605,-0.9190938228900677,1,1
1998,0,1.0591679286337807,-1.0197957740421437,1.373747726228837,-1.3889762866850353,1,-1.4633360410957605,0.9482450576360589,1,0
1999,0,-1.712352775987406,-0.11595197388904807,-1.7647699428974335,0.03774494496369295,1,-0.7567517624401544,-1.0228348718081859,0,1
2000,1,0.254532885356662,0.14751018396674048,0.497339379494916,-1.5468511770723947,0,0.6564167948710581,-1.0228348718081859,0,0
2001,0,1.5061873971210689,-1.5764382796941165,0.9095965382392234,1.1837997048126714,2,-1.4633360410957605,1.9856555468172403,0,0
2002,1,-1.0865255201052024,-1.5143608757521947,0.7700818544694987,-0.2721576176485308,0,1.3630010735266642,0.9482450576360589,0,0
2003,1,-0.6395060516179143,-0.5615647609306734,0.006208884646689717,-0.14351881807364547,0,1.3630010735266642,-0.6078706761357132,1,0
2004,1,-1.0865255201052024,-1.3192452193571726,1.4368572613460349,0.5756890159132134,2,-1.4633360410957605,-0.6078706761357132,2,0
2005,1,0.254532885356662,1.3009440964020107,-1.0898526220696072,1.2071885774626505,0,-0.7567517624401544,-1.0228348718081859,1,1
2006,1,-1.712352775987406,1.2238475354255802,0.827967835640826,1.7334382120871814,2,-0.7567517624401544,-1.0228348718081859,0,1
2007,0,0.3439367790541196,0.3144015630216021,0.2732000171637834,-1.236948614460171,1,-0.05016748378454817,0.9482450576360589,0,0
2008,1,1.3273796097261537,0.9582512167123125,0.49580258353461526,0.4061196892008646,1,0.6564167948710581,1.9856555468172403,1,1
2009,0,0.3439367790541196,-1.694190605005523,-1.0239954820536898,1.4820078310999056,1,-0.7567517624401544,-0.9190938228900677,1,1
2010,0,-0.2818904768280838,0.8726446893166843,1.59308266078509,0.2716336714634845,0,-0.05016748378454817,0.9482450576360589,0,0
2011,1,-1.3547372011975753,-1.6903224384513422,-0.15836799182915126,0.6517028520256457,0,1.3630010735266642,-0.6078706761357132,2,0
2012,1,-0.0136787957357109,-1.4478550880310037,1.0343253820878728,0.7569527789505519,2,1.3630010735266642,0.9482450576360589,0,0
2013,0,0.07572509796174673,0.48406735119118643,-0.07999139785381443,-1.1843236509977177,2,1.3630010735266642,0.9482450576360589,1,0
2014,1,0.969764034936323,1.2255548641115634,0.22706509197172534,0.6809389428381196,2,-1.4633360410957605,0.9482450576360589,0,1
2015,1,1.4167835034236111,0.8438068407299986,1.17887734150525,0.7978833060880154,0,0.6564167948710581,-0.9190938228900677,0,1
2016,0,-0.8183138390128296,-0.8248135027007141,1.5348163614215673,-0.7984072522730618,2,-0.05016748378454817,0.42953981304546823,2,0
2017,0,-0.4606982642229991,0.6996976288287258,-0.5942824944471788,-1.646253885834806,1,0.6564167948710581,-1.0228348718081859,0,0
2018,1,-0.10308268943316853,0.4810528489799973,0.9679482151560963,0.4528974345008229,2,-1.4633360410957605,-0.08916543154512249,0,1
2019,0,-1.1759294138026601,-1.0971857821364777,-0.18191667336224415,-0.41249085354840576,1,-0.05016748378454817,1.9856555468172403,0,0
2020,1,0.7015523538439502,0.6611493483405105,0.7065376699897916,1.224730231950135,0,-0.05016748378454817,0.9482450576360589,1,1
2021,1,-1.3547372011975753,-0.5564961288941607,0.9270368439099088,-1.3012680142476136,1,-0.7567517624401544,1.9856555468172403,1,1
2022,1,-1.3547372011975753,-0.9421123188299063,-0.476259669334387,-0.2721576176485308,1,0.6564167948710581,-0.08916543154512249,2,0
2023,0,0.8803601412388654,-1.0725895782540316,0.0036165116631521354,1.2598135409251037,1,0.6564167948710581,0.42953981304546823,0,0
2024,0,1.0591679286337807,-1.5033165933147405,-1.6520482876881033,-0.4651158170108588,0,-0.7567517624401544,-1.0228348718081859,1,0
2025,0,-1.0865255201052024,0.47585083188989213,0.483058043298182,1.4352300857999474,0,1.3630010735266642,-0.6078706761357132,2,1
2026,0,-0.9077177327102872,1.0514873691734286,0.3306125409938058,-0.44172694436087967,0,-1.4633360410957605,-0.08916543154512249,0,1
2027,0,1.5955912908185266,0.5754361129020082,1.57362434021704,-0.4358797261983849,0,0.6564167948710581,1.9856555468172403,2,0
2028,1,1.0591679286337807,-0.5488398268179546,-0.835939778406588,0.5464529251007395,2,-0.7567517624401544,1.9856555468172403,2,1
2029,1,0.7015523538439502,-1.2026133284959426,0.8784880624367725,1.5112439219123794,0,-0.05016748378454817,1.9856555468172403,2,0
2030,1,-0.2818904768280838,0.7323502899481552,0.9607532158874156,-1.482531777284952,1,-0.7567517624401544,-0.6078706761357132,2,1
2031,1,0.969764034936323,0.7557993823697063,-0.16662632971682786,-0.07335220012370802,0,1.3630010735266642,-0.08916543154512249,2,0
2032,0,-1.0865255201052024,0.5945635295871642,-0.7958666595023827,-1.3889762866850353,2,-1.4633360410957605,1.9856555468172403,2,0
2033,1,0.4333406727515773,-1.2303307426324517,-0.5249403979354281,1.4118412131499682,2,1.3630010735266642,-0.6078706761357132,2,0
2034,0,-0.9971216264077448,-1.3744399545337245,0.11525930506196824,-1.3012680142476136,2,-0.05016748378454817,0.9482450576360589,0,0
2035,1,-1.6229488822899483,0.5549214916594909,-0.9558564328845988,-0.9738237971479053,1,-0.05016748378454817,1.9856555468172403,0,0
2036,0,-0.4606982642229991,1.7473305167544724,1.485801884202885,1.774368739224645,0,-0.05016748378454817,-0.08916543154512249,2,1
2037,0,-1.5335449885924908,0.9802330735443467,1.091217879002036,-0.002219905234813311,0,-0.05016748378454817,-0.6078706761357132,0,1
2038,1,1.4167835034236111,1.5725427425269383,0.5726579047411696,-0.9972126697978846,0,-0.7567517624401544,0.42953981304546823,2,1
2039,1,-1.444141094895033,-1.1831657876821648,-1.1345283672589555,-1.3363513232225823,1,-0.05016748378454817,-0.9190938228900677,0,0
2040,1,-0.5501021579204567,-1.5984468135368692,1.0084482218270516,-1.6930316311347644,1,-0.05016748378454817,-0.6078706761357132,1,0
2041,1,0.4333406727515773,-0.020448275516860643,-0.3113179978578686,-0.002219905234813311,2,-0.7567517624401544,-0.9190938228900677,2,0
2042,0,-0.9077177327102872,0.17250654300996385,-0.7228610897923393,0.17807818086356786,2,-0.05016748378454817,-0.9190938228900677,1,0
2043,1,0.07572509796174673,1.14338967109862,1.4101418487432313,1.5755633216998222,0,1.3630010735266642,-1.0228348718081859,2,1
2044,1,1.4167835034236111,0.5224555696150909,-0.9412103016871873,1.6515771578122544,1,1.3630010735266642,0.9482450576360589,2,1
2045,0,-0.728909945315372,-0.3880308062069083,0.00041873421040517785,1.2305774501126296,1,0.6564167948710581,0.42953981304546823,1,1
2046,1,0.6121484601464925,-0.5588703828481061,0.6197785525946327,-1.2486430507851605,0,1.3630010735266642,-0.9190938228900677,1,0
2047,1,-1.6229488822899483,0.7851707711707617,0.31290057947155203,1.774368739224645,0,-1.4633360410957605,-0.8153527739719495,1,1
2048,1,-0.6395060516179143,-0.6901479525937861,0.6333225371942527,-1.7164205037847435,2,-1.4633360410957605,0.9482450576360589,2,0
2049,1,1.0591679286337807,-1.5661676305674985,-0.546114031166238,-0.5352824349607963,2,-1.4633360410957605,-0.9190938228900677,1,0
2050,1,0.969764034936323,0.7227732431002181,0.14982169097721632,0.6341611975381614,2,-0.7567517624401544,-0.6078706761357132,1,1
2051,0,-0.37129437052554143,-0.45835140646084294,0.540920739682232,-1.12585146937277,0,1.3630010735266642,-0.9190938228900677,0,0
2052,1,1.0591679286337807,0.2362645986271504,-1.070549533416739,1.4059939949874734,0,-1.4633360410957605,-0.6078706761357132,0,1
2053,1,1.0591679286337807,-1.066000356606565,-0.5971698080695621,0.42366134368834896,2,0.6564167948710581,1.9856555468172403,1,0
2054,1,1.237975716028696,0.46966176540320287,0.5149504402723015,-0.488504689660838,2,-0.7567517624401544,-0.6078706761357132,1,0
2055,1,-0.8183138390128296,1.1139382512654092,-1.3077050918358732,1.6457299396497596,1,0.6564167948710581,-0.8153527739719495,1,1
2056,1,-0.9077177327102872,-1.4305683850854236,0.8681263320983812,-0.5060463441483224,1,1.3630010735266642,-0.9190938228900677,1,0
2057,0,-0.4606982642229991,-0.4844148459328058,-1.6352211480823864,-1.0439904150978427,2,-0.05016748378454817,-0.9190938228900677,0,0
2058,1,-0.2818904768280838,1.6612438031659111,-1.502047688047842,1.0668553415627757,2,0.6564167948710581,-0.08916543154512249,2,0
2059,0,-0.19248658313062617,-1.5212435445175645,0.537396975207603,-1.1141570330477804,1,-0.05016748378454817,0.9482450576360589,1,0
2060,0,-0.9971216264077448,0.3914981239980327,1.4401016083733365,1.1662580503251871,2,-0.7567517624401544,-0.08916543154512249,1,1
2061,1,0.4333406727515773,0.6524793198570019,-0.6469449216726354,-1.4591429046349729,1,0.6564167948710581,-1.0228348718081859,0,0
2062,1,-0.5501021579204567,0.8834488786576719,0.2315357711289638,0.2073142716760418,1,0.6564167948710581,-0.6078706761357132,1,0
2063,1,0.4333406727515773,-0.9456870382661837,1.387035578168407,-0.4651158170108588,1,-0.7567517624401544,-0.8153527739719495,1,0
2064,1,0.16512899165920436,-0.6211078488543389,1.1423978414375056,1.1487163958377027,0,-0.7567517624401544,-0.08916543154512249,0,1
2065,0,0.8803601412388654,1.0022949614085364,-0.7514780933561209,0.8972860148504268,0,-1.4633360410957605,-0.9190938228900677,1,1
2066,1,-0.0136787957357109,-0.2735597532138758,0.37254844288019373,1.4059939949874734,2,1.3630010735266642,-1.0228348718081859,1,0
2067,1,0.07572509796174673,-0.9305878501995194,0.4699409464653122,1.2598135409251037,1,0.6564167948710581,-0.8153527739719495,0,0
2068,1,1.0591679286337807,0.7435012804284833,1.1525965782649559,0.9499109783128799,0,0.6564167948710581,0.42953981304546823,2,1
2069,1,0.07572509796174673,0.24442776390700777,-1.0326651845165986,1.470313394774916,2,-0.7567517624401544,-0.9190938228900677,1,1
2070,1,1.3273796097261537,-0.8715249484687867,1.3964503938241886,1.4059939949874734,2,-0.7567517624401544,-0.9190938228900677,1,0
2071,1,1.0591679286337807,0.11837888826215147,-1.2153343407068888,1.4293828676374525,2,1.3630010735266642,1.9856555468172403,2,0
2072,0,0.8803601412388654,-1.5227374571177998,-0.2562029063725382,1.1019386505377444,2,-0.7567517624401544,0.42953981304546823,0,0
2073,0,1.684995184515984,-1.0398302090917282,-0.4390195328822514,-1.6345594495098164,2,-0.05016748378454817,-0.6078706761357132,2,0
2074,1,-0.728909945315372,-0.7612155091478384,1.4705037789617097,1.6106466306747909,1,-0.05016748378454817,-0.6078706761357132,1,0
2075,1,-0.19248658313062617,-1.3636090881820184,-0.278680487690876,-0.30724092662349956,2,-0.05016748378454817,-0.08916543154512249,2,0
2076,1,0.07572509796174673,0.3289938878846151,0.2530353913816557,-0.517740780473312,1,-0.05016748378454817,-0.08916543154512249,0,0
2077,0,-0.6395060516179143,0.8432199464941919,-1.688054330414543,-0.14351881807364547,0,1.3630010735266642,-0.9190938228900677,1,0
2078,1,0.07572509796174673,1.126823247442439,-0.3279588591653673,-1.0556848514228325,2,0.6564167948710581,0.9482450576360589,0,0
2079,0,-1.0865255201052024,-0.2046797115387395,0.69943580987022,1.663271594137244,0,-0.05016748378454817,-0.9190938228900677,0,1
2080,1,-1.1759294138026601,0.07460191367311249,-0.9852884040030854,0.02020329047620858,1,-0.7567517624401544,-0.08916543154512249,2,1
2081,1,0.254532885356662,-0.8695508496756186,1.015705313861805,1.0960914323752495,1,-0.05016748378454817,0.42953981304546823,2,0
2082,1,1.0591679286337807,-1.3531783769910894,1.6082798652813972,0.5932306704006978,0,1.3630010735266642,-0.08916543154512249,0,0
2083,1,-0.8183138390128296,-1.5812401416234443,1.4960239058176126,0.5756890159132134,2,-0.7567517624401544,-0.9190938228900677,0,0
2084,0,0.16512899165920436,-1.0371091539984425,-1.529888532035714,-1.2895735779226238,2,-0.05016748378454817,-0.8153527739719495,1,0
2085,0,0.16512899165920436,1.3593400728647813,0.3949251234536633,1.0902442142127549,0,0.6564167948710581,-0.9190938228900677,0,1
2086,1,0.4333406727515773,0.9592916201303336,1.5009292343373604,-1.12585146937277,0,-0.7567517624401544,-0.8153527739719495,0,1
2087,1,0.16512899165920436,-0.7695654135027252,-1.1289555415039256,0.008508854151219006,0,-0.7567517624401544,-0.8153527739719495,2,0
2088,0,0.7015523538439502,1.3104411122177926,-1.7731214199342193,-0.6873101071856608,2,0.6564167948710581,-0.9190938228900677,0,0
2089,0,0.7909562475414078,-1.2251287255423466,0.6111631813020377,-0.47096303517335364,2,-0.7567517624401544,0.9482450576360589,0,0
2090,0,-0.6395060516179143,-0.39971533690160604,-1.6863545409433012,0.11375878107612519,2,-0.05016748378454817,0.9482450576360589,2,0
2091,0,-0.19248658313062617,-0.8857437951817408,1.376961026873102,-1.5000734317724362,0,-0.7567517624401544,-1.0228348718081859,1,0
2092,1,-1.6229488822899483,0.001960413486669368,-1.6015901536582295,-0.21368543602358295,2,-0.05016748378454817,-0.08916543154512249,2,0
2093,0,0.7909562475414078,-0.7720463754995446,0.6145705218402802,-1.6871844129722695,1,0.6564167948710581,0.9482450576360589,2,0
2094,1,0.07572509796174673,-0.4527225571992419,0.30404459871042516,-1.4416012501474884,0,-1.4633360410957605,-0.6078706761357132,0,1
2095,0,-0.4606982642229991,-0.03514730842274759,-1.148856273030244,1.417688431312463,2,0.6564167948710581,-0.9190938228900677,0,0
2096,0,0.6121484601464925,-1.29176789831713,1.0309025183581122,-0.7867128159480722,0,-0.05016748378454817,-0.8153527739719495,1,0
2097,0,0.969764034936323,0.4894027533348841,0.32930083131051885,-0.6990045435106503,1,1.3630010735266642,-0.9190938228900677,0,0
2098,0,-0.4606982642229991,1.4771190751869063,-1.7642033464070197,1.7275909939246867,1,0.6564167948710581,-0.08916543154512249,1,1
2099,0,0.254532885356662,-1.38775178288225,1.4079918867179622,-1.7164205037847435,0,1.3630010735266642,0.42953981304546823,1,0
2100,1,0.3439367790541196,1.7006991020185551,1.2473501392919821,0.9323693238253955,0,1.3630010735266642,0.9482450576360589,1,1
2101,1,-0.6395060516179143,0.910285951440471,0.8346428079936472,-0.002219905234813311,1,-0.05016748378454817,0.9482450576360589,1,0
2102,0,0.16512899165920436,-1.6590303048785557,1.3450763914947417,1.1837997048126714,0,-0.05016748378454817,0.9482450576360589,0,0
2103,0,1.5061873971210689,0.34323941160828775,0.6499633985017513,-1.564392831559879,1,-1.4633360410957605,-0.8153527739719495,2,1
2104,1,1.1485718223312382,-0.7810632051223936,1.355857248004124,0.21900870800103137,1,-0.7567517624401544,-0.6078706761357132,2,0
2105,0,-1.5335449885924908,0.7494769308294247,-1.2796779695497829,-1.7222677219472382,2,0.6564167948710581,1.9856555468172403,0,0
2106,0,-0.10308268943316853,-1.1511533748199791,1.1204170022477498,-0.6288379255607129,0,-0.05016748378454817,-0.6078706761357132,0,0
2107,1,0.254532885356662,-1.6211756266690212,1.007066657781933,-1.4006707230100248,0,0.6564167948710581,0.9482450576360589,1,0
2108,0,0.7909562475414078,1.7149979797636647,0.801213615059227,1.470313394774916,2,1.3630010735266642,-0.6078706761357132,0,0
2109,0,0.8803601412388654,-0.1802435697206044,-1.0170721386365775,-1.0732265059103168,1,-0.7567517624401544,0.42953981304546823,2,1
2110,1,1.684995184515984,-0.8416200194533615,-1.0469620439048508,0.08452269026365125,0,-1.4633360410957605,0.9482450576360589,0,0
2111,1,0.4333406727515773,1.651133216103604,-0.6638031076613888,-1.5176150862599207,2,0.6564167948710581,-1.0228348718081859,0,0
2112,1,1.5061873971210689,-1.0107255903978576,0.14949570395533435,0.8388138332254789,0,-0.7567517624401544,-0.8153527739719495,1,0
2113,0,-1.0865255201052024,-1.3335707741130007,0.3279503136484364,1.7334382120871814,0,-1.4633360410957605,0.42953981304546823,1,1
2114,1,-0.37129437052554143,0.13569226821845026,0.11241856101413963,1.7509798665746659,2,0.6564167948710581,1.9856555468172403,1,0
2115,1,-1.0865255201052024,0.19889010661054857,-0.20413036042477278,1.6457299396497596,1,-0.7567517624401544,-0.8153527739719495,1,1
2116,1,-1.712352775987406,0.8430865614405993,0.04610348684843574,0.17223096270107308,2,-0.05016748378454817,1.9856555468172403,2,0
2117,1,-1.3547372011975753,1.2684781743576108,0.2094307464070625,0.06698103577616689,1,0.6564167948710581,0.9482450576360589,0,0
2118,1,-1.5335449885924908,1.2818967107490102,-0.2790297595000353,-0.002219905234813311,1,-0.7567517624401544,0.42953981304546823,0,1
2119,1,-1.712352775987406,-1.6482527925482864,0.6371567654992454,-1.0907681603978012,0,-1.4633360410957605,0.9482450576360589,1,0
2120,0,-1.444141094895033,1.5757973378345937,1.1896116284400777,0.4470502163383281,2,-0.7567517624401544,1.9856555468172403,2,1
2121,0,1.3273796097261537,1.228596043333471,0.26244244544167833,0.3593419439009063,1,-0.05016748378454817,1.9856555468172403,2,1
2122,1,1.0591679286337807,-0.42311107530172015,-0.548085476489048,-0.6697684526981764,1,0.6564167948710581,0.42953981304546823,0,0
2123,1,1.237975716028696,0.728455446383256,-1.6859742227511056,0.3534947257384115,2,0.6564167948710581,0.9482450576360589,1,0
2124,1,0.4333406727515773,-0.061770965119798724,0.8350852189519157,-1.3305041050600874,1,0.6564167948710581,-1.0228348718081859,0,0
2125,0,-0.9077177327102872,1.0683739169582314,0.3836397632199398,-0.020727236661254936,2,-0.05016748378454817,-0.8153527739719495,0,0
2126,0,0.07572509796174673,0.06294405998913317,-0.701741787731843,-0.6697684526981764,0,-1.4633360410957605,0.42953981304546823,2,1
2127,0,1.684995184515984,0.450320932632299,1.1091626883970627,0.9966887236128382,1,0.6564167948710581,-1.0228348718081859,2,1
2128,0,0.6121484601464925,-0.06998748442109305,1.5162816707488493,0.809577742413005,0,-1.4633360410957605,-0.9190938228900677,0,1
2129,0,0.6121484601464925,0.5441439793292216,-1.105267151247169,0.9849942872878487,2,-0.7567517624401544,0.9482450576360589,1,1
2130,0,-1.6229488822899483,-1.4216049094840115,-0.14273613797033483,1.3942995586624838,2,-1.4633360410957605,-0.08916543154512249,1,0
2131,0,-0.6395060516179143,-0.8952941650189596,1.6854456503183153,-1.342198541385077,2,-1.4633360410957605,0.42953981304546823,0,0
2132,0,-0.9971216264077448,-1.0929174604215195,-0.7197254051056651,-1.6053233586973426,0,0.6564167948710581,-0.6078706761357132,0,0
2133,0,1.4167835034236111,1.5936709350159808,-1.5539106709101118,0.5172168342882656,1,1.3630010735266642,-1.0228348718081859,1,1
2134,1,0.16512899165920436,1.0910760530796648,0.44862760451083855,1.5404800127248535,0,1.3630010735266642,-1.0228348718081859,1,1
2135,1,0.5227445664490349,-1.7137448538621747,0.7595183226413711,-1.5000734317724362,0,-0.05016748378454817,0.42953981304546823,1,0
2136,1,-0.728909945315372,-1.2528461396788557,-0.12715085368607296,-0.06165776379871845,0,-0.05016748378454817,1.9856555468172403,0,0
2137,1,-0.2818904768280838,1.3144693408362842,0.5416736144708642,1.7626743028996554,0,1.3630010735266642,-1.0228348718081859,2,1
2138,0,-0.5501021579204567,-0.13009078956984677,1.1369724860018984,0.23655036248851574,2,-0.7567517624401544,-0.9190938228900677,1,0
2139,0,-0.5501021579204567,0.5372079565424147,0.5229371223084098,-0.6288379255607129,1,0.6564167948710581,-1.0228348718081859,1,0
2140,1,1.237975716028696,-0.21390995724733639,-0.7016176021996975,-0.30724092662349956,1,0.6564167948710581,-0.08916543154512249,1,0
2141,0,-0.0136787957357109,0.04856515121186809,-0.8457426738503243,-1.3012680142476136,1,-0.7567517624401544,-0.08916543154512249,0,1
2142,1,-0.8183138390128296,0.9710295048464683,1.1653954496717027,1.0727025597252704,2,-0.7567517624401544,1.9856555468172403,2,1
2143,0,-0.37129437052554143,0.7579602202379039,-1.2177249122006901,1.552174449049843,1,1.3630010735266642,0.9482450576360589,2,1
2144,1,0.969764034936323,0.7481164032827817,-0.45508603610357706,-1.1375459056977595,2,-0.05016748378454817,0.9482450576360589,1,0
2145,0,-1.2653333075001179,-0.8409264171746809,-0.013435714219578607,1.277355195412588,1,-0.7567517624401544,1.9856555468172403,0,1
2146,0,-0.10308268943316853,0.31648236985764416,-1.0328902707936123,-0.6990045435106503,0,-0.05016748378454817,-0.6078706761357132,2,0
2147,1,1.5061873971210689,1.0709882640086432,1.1414121187761006,-0.33647701743597347,2,-1.4633360410957605,-0.9190938228900677,0,0
2148,0,-1.444141094895033,1.7371398986600097,1.2812062199931527,-1.3831290685225406,1,0.6564167948710581,-0.08916543154512249,2,0
2149,1,-1.444141094895033,0.6852386890193053,-1.551636523352697,-1.149240342022749,0,1.3630010735266642,1.9856555468172403,1,0
2150,1,-0.0136787957357109,-1.2819507583727263,1.0329748644257906,1.1662580503251871,0,0.6564167948710581,0.42953981304546823,0,0
2151,1,-0.9077177327102872,1.298543165437347,-0.963509366303066,1.277355195412588,0,1.3630010735266642,-0.8153527739719495,1,1
2152,1,0.3439367790541196,-1.531487516633464,0.8327412170326691,0.008508854151219006,2,-1.4633360410957605,-0.8153527739719495,2,0
2153,0,1.3273796097261537,-0.9832749463685334,1.612610835714972,-0.49435190782333277,2,0.6564167948710581,-0.8153527739719495,2,0
2154,0,0.5227445664490349,-0.3321691457623942,-1.3912276237994898,-1.008907106122874,1,-1.4633360410957605,0.9482450576360589,1,1
2155,0,1.5061873971210689,-0.12080718983981291,0.8453538101411977,-0.38910198089842657,0,1.3630010735266642,0.42953981304546823,2,0
2156,1,1.5955912908185266,1.26778457207893,-1.7357182899711425,1.745132648412171,1,-0.7567517624401544,-1.0228348718081859,1,1
2157,0,0.07572509796174673,0.7748467680227068,-0.7927542596029858,0.5406057069382447,1,0.6564167948710581,0.42953981304546823,1,1
2158,1,1.684995184515984,-1.6720220090984594,1.326541700822024,-0.9095043973604627,0,-1.4633360410957605,-1.0228348718081859,1,0
2159,0,0.07572509796174673,0.7844504918813625,-1.1040175343299548,1.4352300857999474,1,0.6564167948710581,-0.8153527739719495,2,1
2160,0,-0.9077177327102872,0.9771118632902837,0.31447618341064826,0.5581473614257291,2,0.6564167948710581,-0.6078706761357132,0,0
2161,0,1.5955912908185266,-1.0984929556616836,-1.6990990811797344,-0.14936603623614028,1,0.6564167948710581,-0.6078706761357132,1,0
2162,1,-1.444141094895033,-0.527871696393223,-0.15758407065748273,-1.6579483221597955,0,-0.05016748378454817,1.9856555468172403,0,0
2163,0,-0.0136787957357109,-0.8606407280956436,-0.8654571270784245,0.5464529251007395,2,-1.4633360410957605,-1.0228348718081859,2,0
2164,0,-0.2818904768280838,-0.06515894548104671,-0.5679318768450529,0.24239758065101052,2,-1.4633360410957605,-0.8153527739719495,2,0
2165,1,-1.1759294138026601,1.3860971146154248,-0.1778495971844786,1.2305774501126296,1,0.6564167948710581,0.42953981304546823,0,1
2166,0,-1.444141094895033,1.503235868680306,-0.15564367171770907,-1.1083098148852855,1,-0.7567517624401544,-0.6078706761357132,1,1
2167,1,0.7909562475414078,-0.26838441313448913,0.8513535236629778,-1.5410039589098998,2,0.6564167948710581,-1.0228348718081859,2,0
2168,0,-0.5501021579204567,-1.5701158281538348,-0.6972478237873273,-1.2954207960851187,1,-0.05016748378454817,1.9856555468172403,1,0
2169,1,-1.5335449885924908,1.2121363277201638,-0.970650034401433,-0.7282406343231242,0,1.3630010735266642,0.42953981304546823,1,0
2170,1,0.3439367790541196,-0.7448625015774052,-1.4602825412681542,-1.3246568868975928,1,-0.05016748378454817,-0.8153527739719495,0,0
2171,0,1.5061873971210689,1.3580595763502938,-0.2508318821072447,0.3885780347133802,1,-0.7567517624401544,-0.9190938228900677,2,1
2172,1,-0.37129437052554143,0.5892548044541851,0.7833153752387549,0.8037305242505102,2,0.6564167948710581,-0.8153527739719495,0,0
2173,1,-1.444141094895033,1.5736098229556776,1.3230955523049859,-1.1433931238602542,1,-1.4633360410957605,0.9482450576360589,2,1
2174,1,0.3439367790541196,-0.6074758963771915,1.7147379127131381,-1.67548997664728,0,0.6564167948710581,-0.8153527739719495,0,0
2175,1,1.237975716028696,-1.3184182320248996,-0.5560643969293972,1.6281882851622753,1,-0.7567517624401544,1.9856555468172403,2,1
2176,1,0.8803601412388654,-0.5422772821812065,1.3363523578615195,-1.5585456133973843,0,-1.4633360410957605,0.42953981304546823,2,1
2177,1,-0.19248658313062617,-1.3461089691506902,-1.38796775358067,-1.0615320695853272,1,-0.05016748378454817,1.9856555468172403,2,0
2178,0,-0.10308268943316853,0.15783418711479538,1.3406134739332622,0.9732998509628591,0,1.3630010735266642,0.42953981304546823,1,1
2179,1,0.969764034936323,0.3789332519496248,-0.09587162277692189,-0.8919627428729784,0,1.3630010735266642,-0.08916543154512249,1,0
2180,1,-0.10308268943316853,1.4591120929519268,1.5371836481280912,0.5523001432632343,0,0.6564167948710581,-0.08916543154512249,0,1
2181,0,-0.10308268943316853,0.01463199357795122,1.4128506456631553,-0.8101016885980513,0,-0.05016748378454817,0.42953981304546823,0,0
2182,0,0.16512899165920436,1.1428294538735317,0.6431409558295073,0.23070314432602096,2,-0.7567517624401544,0.42953981304546823,2,0
2183,0,0.3439367790541196,0.15719393885755167,1.2187952284942734,-0.20783821786108816,0,1.3630010735266642,-0.9190938228900677,2,0
2184,0,-0.728909945315372,-0.8916127375398083,0.08158950265901606,-1.2486430507851605,1,-0.05016748378454817,-0.9190938228900677,1,0
2185,0,0.8803601412388654,0.8615203758470746,-1.5732603291375344,0.8505082695504685,0,0.6564167948710581,-0.8153527739719495,1,1
2186,0,1.5955912908185266,0.21983156002456175,0.26769704577058534,-0.7223934161606295,1,-1.4633360410957605,1.9856555468172403,1,1
2187,0,0.969764034936323,-0.6113974169528092,1.5435559182463077,-0.377407544573437,0,0.6564167948710581,0.9482450576360589,0,0
2188,1,1.4167835034236111,0.6578680760221365,1.6184941253003657,-1.2895735779226238,2,0.6564167948710581,1.9856555468172403,1,0
2189,1,-0.10308268943316853,-1.1541412000204498,-0.565975954713761,-0.14936603623614028,0,-0.05016748378454817,-0.6078706761357132,0,0
2190,0,1.4167835034236111,0.9497145732823964,-0.9118093769517372,-1.3655874140350561,0,1.3630010735266642,1.9856555468172403,1,0
2191,1,0.8803601412388654,1.2870453738176786,-0.5865519450711207,0.14299487188859913,2,-0.05016748378454817,0.9482450576360589,1,0
2192,1,1.1485718223312382,1.6425165416415326,0.3020188222173015,-1.1316986875352646,0,-1.4633360410957605,-0.9190938228900677,2,1
2193,1,-0.19248658313062617,0.6895870417664188,1.3065400685508373,0.780341651600531,1,-0.05016748378454817,-0.8153527739719495,0,1
2194,0,0.7015523538439502,-0.5452117533602402,-1.6476552244884557,-0.2370743086735621,0,-0.7567517624401544,0.9482450576360589,1,1
2195,0,-0.8183138390128296,-0.9345360477858556,-1.0746166095945047,1.3826051223374942,0,0.6564167948710581,1.9856555468172403,2,0
2196,1,1.1485718223312382,1.6070094403752249,1.4208994204653365,1.6047994125122962,0,1.3630010735266642,-1.0228348718081859,0,1
2197,0,-0.2818904768280838,-0.48188052991454944,0.7125761914903671,-1.0732265059103168,2,-1.4633360410957605,-0.08916543154512249,0,0
2198,1,-1.2653333075001179,1.219952691860681,0.20816560629833009,0.10206434475113561,0,0.6564167948710581,0.9482450576360589,1,0
2199,1,-1.444141094895033,1.5336476608993825,1.6549813869638692,0.9674526328003642,0,-0.05016748378454817,-0.6078706761357132,0,1
2200,1,-0.0136787957357109,0.7466491676932648,-0.5543257994793601,0.9732998509628591,1,-0.7567517624401544,-0.8153527739719495,2,1
2201,1,0.6121484601464925,0.9662809969385775,0.007442978372385752,-1.1901708691602126,0,-0.05016748378454817,0.9482450576360589,2,0
2202,0,-0.4606982642229991,0.1277691960350593,-0.970153292272851,-1.4240595956600042,0,0.6564167948710581,0.42953981304546823,0,0
2203,0,-1.2653333075001179,-0.44058451732232984,-1.0673517559639922,-0.002219905234813311,0,-1.4633360410957605,1.9856555468172403,2,1
2204,0,-0.5501021579204567,0.8811279787251635,0.6392601579499599,-1.1550875601852437,0,1.3630010735266642,-1.0228348718081859,0,0
2205,1,-0.8183138390128296,-0.4022496529198624,-0.26323491213027783,-0.3481714537609631,1,0.6564167948710581,-0.08916543154512249,2,0
2206,0,1.684995184515984,-0.45765780418216223,-1.0136958444813715,0.4587446526633177,1,-1.4633360410957605,-1.0228348718081859,0,1
2207,1,-0.9971216264077448,-0.5184547116095967,-0.00879427995564006,1.669118812299739,2,0.6564167948710581,-0.8153527739719495,0,0
2208,0,0.5227445664490349,-1.6252572093089497,-0.21387116310243645,1.528785576399864,0,-0.7567517624401544,1.9856555468172403,0,1
2209,1,-0.37129437052554143,1.0253172216585917,0.5833300989099246,-0.35986589008595266,2,-0.05016748378454817,-0.9190938228900677,2,0
2210,1,-1.3547372011975753,-0.251871343499745,0.47461342711228716,-1.5410039589098998,2,1.3630010735266642,-0.08916543154512249,0,0
2211,1,-0.9077177327102872,1.5489335880410762,0.7422099640985902,-0.0382688911487393,0,-1.4633360410957605,1.9856555468172403,0,1
2212,0,-1.5335449885924908,-0.5603909724590599,-1.544907219829562,1.6574243759747493,0,1.3630010735266642,-1.0228348718081859,1,1
2213,0,-0.6395060516179143,1.055222150674017,1.5825424137442397,1.441077303962442,1,1.3630010735266642,-0.9190938228900677,1,1
2214,0,0.8803601412388654,-1.4952067820563202,-0.6202217474740729,-1.0615320695853272,0,1.3630010735266642,-0.6078706761357132,0,0
2215,0,-1.2653333075001179,-1.3029722428188948,-1.6238116023165172,-0.5352824349607963,0,-1.4633360410957605,-0.8153527739719495,1,0
2216,1,-0.2818904768280838,0.5576425467527767,0.7383446894105611,-1.5585456133973843,1,-1.4633360410957605,-0.8153527739719495,0,1
2217,0,-0.10308268943316853,0.5481722079477134,-0.04816109364576766,1.0434664689127966,0,1.3630010735266642,-0.08916543154512249,1,1
2218,0,1.3273796097261537,-0.748463898024401,1.6813630509490316,-0.24876874499855167,0,-0.05016748378454817,-1.0228348718081859,2,0
2219,1,0.5227445664490349,-0.4056643102918289,0.6915888365577755,0.5289112706132552,0,0.6564167948710581,-0.6078706761357132,2,1
2220,1,-1.3547372011975753,0.9648937923812161,-0.03413589010908379,-1.3655874140350561,1,1.3630010735266642,0.42953981304546823,0,0
2221,1,0.7909562475414078,0.42215000931357555,-0.4164100044360089,1.2832024135750828,2,-0.7567517624401544,-0.08916543154512249,0,1
2222,0,1.5061873971210689,1.722227449668375,0.8430951857753012,0.7861888697630258,2,1.3630010735266642,1.9856555468172403,2,0
2223,1,-0.0136787957357109,1.5107054316814827,1.067156932148843,1.663271594137244,0,-1.4633360410957605,0.42953981304546823,2,1
2224,1,0.07572509796174673,1.0410566579824996,0.2278257283561166,1.4118412131499682,1,0.6564167948710581,-0.08916543154512249,1,1
2225,1,-0.9077177327102872,-1.486883554712152,0.9407671068077471,-0.903657179197968,0,-0.7567517624401544,-1.0228348718081859,0,0
2226,0,-1.3547372011975753,0.9570507512299806,1.4974830858203225,0.02605050863870337,1,0.6564167948710581,-0.6078706761357132,2,0
2227,1,1.4167835034236111,0.7117556376734825,0.8121729882710685,0.09036990842614603,0,0.6564167948710581,-1.0228348718081859,2,0
2228,0,-1.2653333075001179,-0.91575543224004,1.0868170542066293,1.0259248144253121,1,-0.7567517624401544,-0.8153527739719495,0,1
2229,0,0.5227445664490349,-1.567501481103423,-0.8207037659314853,0.5698417977507186,1,1.3630010735266642,0.42953981304546823,1,0
2230,1,-1.444141094895033,1.0180877517538813,-0.15340057054333076,0.8738971422004477,2,1.3630010735266642,-0.9190938228900677,1,0
2231,1,1.684995184515984,-0.22204644551647526,-0.42806792126616894,-0.7223934161606295,0,1.3630010735266642,0.9482450576360589,1,0
2232,0,1.684995184515984,-1.666153066740392,0.35723481444750016,1.6398827214872649,2,-0.05016748378454817,1.9856555468172403,1,0
2233,1,1.3273796097261537,-0.5452651073816772,0.7056373248817366,-1.5468511770723947,2,1.3630010735266642,-0.8153527739719495,2,0
2234,1,-1.712352775987406,0.14265496801597566,-0.9421727395613151,-1.453295686472478,1,-0.7567517624401544,-0.8153527739719495,0,1
2235,0,0.3439367790541196,-1.3917266574793048,-0.978039073564091,-0.9679765789854106,0,-0.05016748378454817,0.42953981304546823,0,0
2236,0,1.4167835034236111,0.037280775677947624,-0.793429518434027,0.3301058530884324,1,1.3630010735266642,1.9856555468172403,2,1
2237,1,-1.2653333075001179,-0.8377785299098993,-1.216576196028344,1.669118812299739,1,-0.05016748378454817,-0.08916543154512249,2,0
2238,0,0.969764034936323,-1.4292878885709361,-0.9540091730939343,-1.3889762866850353,1,-0.7567517624401544,-0.8153527739719495,2,0
2239,1,-0.0136787957357109,0.17904241063599344,-1.027527008124078,-1.1083098148852855,0,1.3630010735266642,0.9482450576360589,0,0
2240,1,0.3439367790541196,-0.9459804853840871,-1.0962869849538965,0.20146705351354702,0,-1.4633360410957605,-0.6078706761357132,0,0
2241,1,0.4333406727515773,0.16236927893693837,-0.48024136795880257,0.5113696161257708,1,-0.7567517624401544,-0.8153527739719495,0,1
2242,0,1.4167835034236111,0.7769275748587489,1.0888040227209577,-0.7808655977855774,0,0.6564167948710581,-0.6078706761357132,1,0
2243,1,0.07572509796174673,0.3287537947881487,0.8580284960157991,-0.05581054563622366,1,0.6564167948710581,-1.0228348718081859,2,0
2244,1,0.8803601412388654,-0.7261085630423081,1.1591706498729089,-1.3129624505726032,0,-0.7567517624401544,1.9856555468172403,2,0
2245,1,0.3439367790541196,0.5396889185392342,-0.7966195342910148,0.9265221056629007,0,0.6564167948710581,-0.08916543154512249,2,1
2246,0,0.8803601412388654,1.4742379580293095,-1.173802041799974,1.5872577580248117,2,-0.7567517624401544,-0.6078706761357132,0,1
2247,0,0.16512899165920436,1.3223390589982382,-0.8155034967728919,0.5932306704006978,1,-1.4633360410957605,-0.8153527739719495,2,1
2248,0,0.7015523538439502,0.1952620331528342,-0.8560733578056792,1.2832024135750828,2,-0.7567517624401544,-0.08916543154512249,2,1
2249,0,-1.1759294138026601,-0.07646999802568567,1.0846360457983237,-1.5760872678848685,2,1.3630010735266642,0.9482450576360589,1,0
2250,0,1.3273796097261537,1.4858958117132888,0.26567903087322076,0.10206434475113561,1,1.3630010735266642,-0.08916543154512249,0,0
2251,1,0.7015523538439502,-0.15164581423038515,-1.3778078247320154,-0.9913654516353898,1,-0.05016748378454817,-0.6078706761357132,2,0
2252,0,-0.5501021579204567,-0.07022757751755945,-0.5533090304349187,0.6575500701881405,0,0.6564167948710581,1.9856555468172403,0,1
2253,0,-0.9077177327102872,-1.295609387860592,-1.2247491563626707,1.5755633216998222,1,0.6564167948710581,-0.6078706761357132,0,0
2254,0,-0.37129437052554143,-1.5806265703769191,-1.415870690334615,-0.570365743935765,2,-0.7567517624401544,-0.9190938228900677,0,0
2255,1,-0.37129437052554143,-0.9168225126687796,-0.9945635109352033,-0.6288379255607129,2,0.6564167948710581,-0.9190938228900677,1,0
2256,0,0.969764034936323,0.9268523750966521,-1.0765182005554828,1.1019386505377444,1,1.3630010735266642,-0.08916543154512249,0,1
2257,0,0.4333406727515773,1.2629293561281651,-1.6847090826423732,0.9031332330129216,2,-1.4633360410957605,0.42953981304546823,0,1
2258,1,-0.6395060516179143,0.7084210113336714,1.3186403963392657,1.329980158875041,0,-0.7567517624401544,1.9856555468172403,0,1
2259,0,-1.2653333075001179,-1.7122509412619396,1.1693926714876364,0.34180028941342194,2,0.6564167948710581,0.42953981304546823,2,0
2260,1,-0.9971216264077448,1.3895384489981097,0.5389570559551811,1.7626743028996554,0,1.3630010735266642,-0.9190938228900677,1,1
2261,1,1.4167835034236111,-0.7459829360275817,-1.0183993715113828,-1.1433931238602542,2,-0.05016748378454817,-0.8153527739719495,2,0
2262,1,-0.0136787957357109,-1.3754803579517456,-1.1789246950009764,1.5346327945623588,0,0.6564167948710581,-1.0228348718081859,1,0
2263,1,-0.19248658313062617,-0.6747819944199369,-1.1159626302032013,1.522938358237369,0,-1.4633360410957605,-0.08916543154512249,1,1
2264,1,0.07572509796174673,0.017913265896325255,1.3464269091568242,-0.10258829093618196,0,-1.4633360410957605,-1.0228348718081859,0,1
2265,0,-1.444141094895033,1.5673674024475515,-0.5999406977555588,1.1428691776752078,0,0.6564167948710581,-0.9190938228900677,0,1
2266,1,1.1485718223312382,-0.35844600132010496,0.5932571798858065,-0.2370743086735621,1,0.6564167948710581,-0.6078706761357132,2,0
2267,1,0.6121484601464925,-0.8602405729348662,0.32472148981265303,-0.002219905234813311,2,1.3630010735266642,0.9482450576360589,1,0
2268,0,-1.1759294138026601,-0.6465043630583396,0.5459813001171616,1.441077303962442,2,0.6564167948710581,-0.08916543154512249,0,0
2269,1,-1.2653333075001179,1.739007289410304,0.9410542858508336,-0.184449345211109,2,-0.05016748378454817,-0.9190938228900677,0,0
2270,0,-0.4606982642229991,-0.7445157004380648,-1.444930104856665,0.19561983535105223,0,1.3630010735266642,1.9856555468172403,0,0
2271,0,-0.19248658313062617,-0.8984420522837412,-0.7859861481010554,-1.0556848514228325,2,-0.7567517624401544,-0.8153527739719495,0,0
2272,0,1.0591679286337807,-1.4331293781143983,-0.02412343157985181,-0.11428272726117154,2,-0.05016748378454817,0.9482450576360589,2,0
2273,1,-0.8183138390128296,-0.4396241449364643,0.4900434794813671,1.1253275231877236,1,1.3630010735266642,-0.08916543154512249,2,1
2274,1,-0.0136787957357109,-0.9150618299613593,-1.332386966349794,-0.0850466364486976,1,1.3630010735266642,-0.08916543154512249,0,0
2275,1,0.3439367790541196,-1.467702784005559,0.3460503549586449,-0.12012994542366633,2,-1.4633360410957605,1.9856555468172403,0,0
2276,0,-0.4606982642229991,1.725241951879564,1.5724833856404532,-0.002219905234813311,2,1.3630010735266642,0.42953981304546823,0,0
2277,1,-1.1759294138026601,1.00893753707744,0.7289376353505385,-0.49435190782333277,0,-0.05016748378454817,-0.6078706761357132,0,0
2278,1,0.07572509796174673,1.0867810543539882,1.6850187625515651,1.4995494855873899,0,0.6564167948710581,-0.08916543154512249,0,1
2279,1,0.5227445664490349,-0.5954445645431533,0.21088216481401317,-1.5760872678848685,2,-0.05016748378454817,-0.6078706761357132,1,0
2280,0,-0.5501021579204567,-0.33467678476993207,-1.3643880256645409,-1.5702400497223739,1,-0.7567517624401544,-0.9190938228900677,1,1
2281,0,1.5061873971210689,-0.13833398588185958,-0.19988476754454806,-1.2427958326226656,2,1.3630010735266642,-0.8153527739719495,1,0
2282,1,0.07572509796174673,1.4463071278070525,0.6982172393360422,0.6867861610006144,0,1.3630010735266642,0.9482450576360589,1,1
2283,1,-0.19248658313062617,1.5358351757782986,-1.2675776417613545,-0.7516295069731035,1,1.3630010735266642,0.9482450576360589,0,0
2284,1,-1.3547372011975753,-0.8297754266943529,0.30872484095315916,-0.7399350706481138,1,1.3630010735266642,-0.8153527739719495,1,0
2285,1,-1.5335449885924908,1.1668654405308896,1.6002543752664935,-0.38910198089842657,0,-1.4633360410957605,-0.08916543154512249,1,1
2286,0,0.254532885356662,-1.3259945030689502,0.6735431264178806,0.4178141255258542,2,-1.4633360410957605,-0.08916543154512249,2,0
2287,0,0.5227445664490349,-0.9958131414062228,1.430135719418659,1.359216249687515,2,0.6564167948710581,-0.9190938228900677,1,0
2288,0,1.5061873971210689,0.31738938822207274,0.018247119669045374,1.417688431312463,2,1.3630010735266642,0.42953981304546823,1,0
2289,0,0.3439367790541196,-1.0247576980357824,-1.4312308883418632,1.335827377037536,0,-0.7567517624401544,0.42953981304546823,0,1
2290,1,-0.10308268943316853,-0.5448115981994629,0.3695602285129423,-1.3071152324101083,1,0.6564167948710581,0.42953981304546823,1,0
2291,1,0.4333406727515773,0.2116150407232674,-1.0654734497902913,-1.1083098148852855,0,1.3630010735266642,-0.6078706761357132,1,0
2292,1,0.07572509796174673,1.0068834072521164,-0.01172040155681871,-0.07919941828620282,2,-1.4633360410957605,0.42953981304546823,0,0
2293,0,-0.728909945315372,0.8284142055454309,0.5307918572166136,-0.9504349244979262,0,-0.7567517624401544,-0.8153527739719495,1,1
2294,1,1.1485718223312382,-1.6982455106347332,-0.17482257483843172,1.3942995586624838,0,0.6564167948710581,0.9482450576360589,0,0
2295,0,-1.444141094895033,-1.405892150170822,1.6668876748583201,-0.15521325439863506,0,-0.7567517624401544,0.9482450576360589,1,0
2296,0,-1.1759294138026601,-1.5990870617941129,-1.699797624798053,-0.002219905234813311,2,1.3630010735266642,-0.6078706761357132,2,0
2297,1,0.16512899165920436,-0.38859102343199653,0.049433211429087305,-1.6228650131848268,1,-0.05016748378454817,-0.9190938228900677,2,0
2298,1,1.1485718223312382,1.0399895775537602,1.6806101761603993,-1.0439904150978427,0,-0.7567517624401544,-0.8153527739719495,1,1
2299,1,-0.2818904768280838,1.4490815369217753,-0.8592866584499443,-0.8861155247104836,0,-0.7567517624401544,0.9482450576360589,2,1
2300,0,0.3439367790541196,0.8072326590349513,-0.47300756071132644,1.4937022674248952,1,-1.4633360410957605,-0.8153527739719495,0,1
2301,1,1.237975716028696,-1.5841479357917596,-0.5021213064036901,0.7394111244630676,1,1.3630010735266642,0.9482450576360589,1,0
2302,0,0.7015523538439502,-1.6044224639378104,1.1328588402495783,0.42950856185084374,2,-0.7567517624401544,-1.0228348718081859,0,0
2303,1,1.684995184515984,0.1313439154713367,-1.0184304178944192,1.5346327945623588,1,1.3630010735266642,-0.9190938228900677,2,1
2304,0,0.16512899165920436,-0.5449449832530553,1.479957402596287,-1.4357540319849937,2,-1.4633360410957605,-0.9190938228900677,0,0
2305,0,-0.2818904768280838,-0.7195193413948415,-0.30196527496815967,-1.1083098148852855,0,1.3630010735266642,1.9856555468172403,2,0
2306,1,1.237975716028696,-0.7870922095447719,-1.5428115889746066,-0.4651158170108588,2,-1.4633360410957605,-1.0228348718081859,2,0
2307,0,-1.2653333075001179,-0.5912029198389137,-1.237082332023872,0.7569527789505519,0,-1.4633360410957605,-0.6078706761357132,2,1
2308,0,-1.2653333075001179,-1.0988664338117424,0.1981764325563754,-1.3071152324101083,1,0.6564167948710581,0.9482450576360589,0,0
2309,1,1.237975716028696,-0.5584702276873288,-0.9831772499566116,0.8797443603629425,0,1.3630010735266642,1.9856555468172403,2,1
2310,0,-1.712352775987406,1.5709154448731104,-1.6635587341988405,-0.6405323618857025,1,-0.05016748378454817,0.9482450576360589,1,0
2311,1,-0.9077177327102872,-0.3365975295416632,-0.026583857435484786,-1.3188096687350979,0,0.6564167948710581,0.9482450576360589,2,0
2312,0,0.07572509796174673,-0.6195339052219481,-0.8944001176640881,-0.8510322157355148,0,-1.4633360410957605,0.42953981304546823,1,1
2313,1,-1.3547372011975753,0.35102909873808624,-1.5741451510540712,-0.2896992721360152,0,-0.05016748378454817,0.42953981304546823,1,0
2314,1,-1.6229488822899483,1.004295737212423,1.4906140735735238,1.417688431312463,0,-0.7567517624401544,0.42953981304546823,1,1
2315,0,0.16512899165920436,-1.6485195626554714,1.5740124200049948,-1.149240342022749,2,-0.7567517624401544,0.42953981304546823,1,0
2316,0,-1.6229488822899483,-0.33771796399183973,0.6653158349132404,-0.10258829093618196,0,0.6564167948710581,0.42953981304546823,0,0
2317,0,-0.9077177327102872,-1.6436643467047065,0.20395882139690083,1.5638688853748326,2,-0.05016748378454817,-1.0228348718081859,1,0
2318,0,1.237975716028696,0.7611881385348409,0.7635233060530638,0.9323693238253955,1,1.3630010735266642,-0.9190938228900677,2,1
2319,0,-0.37129437052554143,-0.23733237265816895,-0.2992331932609584,-1.120004251210275,1,-0.05016748378454817,-0.6078706761357132,1,0
2320,1,1.684995184515984,-0.6833986688820086,-1.3805321448434575,-0.36571310824844744,2,0.6564167948710581,-0.8153527739719495,2,0
2321,0,0.16512899165920436,0.3118672470033457,1.4875792896317177,0.5756890159132134,1,1.3630010735266642,0.42953981304546823,0,1
2322,1,-0.728909945315372,1.4330219764692453,-0.8914972808501868,1.2013413593001558,1,1.3630010735266642,-1.0228348718081859,1,1
2323,1,0.3439367790541196,-1.0422578170671106,-0.5407895764754992,-0.26046318132354124,0,-0.7567517624401544,1.9856555468172403,2,0
2324,0,1.5955912908185266,0.8535172726315282,0.6504213326515379,1.3182857225500515,0,-0.05016748378454817,1.9856555468172403,0,1
2325,1,-0.9077177327102872,-1.4222184807305367,-0.9699980603576691,-1.2661847052726447,0,1.3630010735266642,0.9482450576360589,0,0
2326,1,1.3273796097261537,0.33270199237448495,1.4202784928046088,-1.4240595956600042,2,0.6564167948710581,-0.6078706761357132,2,0
2327,1,1.0591679286337807,-0.7157045288620977,1.2842099575519221,-0.406643635385911,2,-0.7567517624401544,1.9856555468172403,1,0
2328,1,-1.1759294138026601,-0.731790766325346,-1.0358008692032727,-1.4299068138224988,1,1.3630010735266642,-0.6078706761357132,0,0
2329,0,0.07572509796174673,-0.43855706450772475,1.6386975590612889,-0.6405323618857025,0,-0.05016748378454817,-0.6078706761357132,2,0
2330,1,-0.0136787957357109,-1.5446126059069603,-1.1076732459324883,-1.5293095225849103,2,-0.7567517624401544,-1.0228348718081859,1,0
2331,0,0.5227445664490349,-0.33667756057381865,1.7060759718459886,-0.9621293608229158,2,-0.05016748378454817,-0.8153527739719495,0,0
2332,0,-1.444141094895033,0.6862524154266079,-0.5185914126044887,0.8622027058754581,0,-0.05016748378454817,0.42953981304546823,2,1
2333,1,0.16512899165920436,-1.6538282877884505,-1.148522524412603,0.7978833060880154,2,-0.05016748378454817,-0.6078706761357132,0,0
2334,0,-0.4606982642229991,-0.3919790037932445,0.8661704099670894,1.1779524866501767,0,-0.7567517624401544,-1.0228348718081859,0,1
2335,0,0.07572509796174673,0.6301773388963459,-0.8008340807882032,0.6283139793756666,1,1.3630010735266642,0.9482450576360589,2,1
2336,0,-0.4606982642229991,-0.5095445900296216,-0.29411830165571506,0.16053652637608348,1,-1.4633360410957605,-0.9190938228900677,0,1
2337,1,0.16512899165920436,-0.8263074153009494,-1.719993296963217,-0.5001991259858276,1,1.3630010735266642,0.9482450576360589,2,0
2338,0,0.7015523538439502,0.7337374945055166,0.9006474183289873,0.19561983535105223,0,-0.7567517624401544,-1.0228348718081859,1,1
2339,0,-0.5501021579204567,1.225101354929349,-1.2894032490359284,0.4470502163383281,2,-1.4633360410957605,-1.0228348718081859,2,1
2340,0,0.6121484601464925,-0.9985341964995086,-0.592155817209187,0.9616054146378694,1,-1.4633360410957605,-1.0228348718081859,1,1
2341,1,0.7015523538439502,0.40873147292217604,-0.23439282228948247,-0.9504349244979262,1,-1.4633360410957605,-0.6078706761357132,0,1
2342,0,0.5227445664490349,1.342213431983512,0.070257572850738,-1.0206015424478636,1,0.6564167948710581,-1.0228348718081859,2,0
2343,1,-1.6229488822899483,1.2786954694627917,-0.7993593775939752,0.9148276693379112,2,-0.7567517624401544,-0.9190938228900677,2,1
2344,1,0.4333406727515773,0.2549385061300921,0.2068849429980795,-0.9738237971479053,2,0.6564167948710581,-0.6078706761357132,2,0
2345,1,-1.5335449885924908,-1.1215418929224572,-1.1565945840020613,-1.1960180873227073,0,-1.4633360410957605,0.9482450576360589,2,0
2346,1,-1.0865255201052024,-0.5143731289696679,-0.9672737402462269,1.63403550332477,1,0.6564167948710581,-0.9190938228900677,1,1
2347,1,1.1485718223312382,0.41492053940886525,0.09494720896041779,-1.5585456133973843,2,0.6564167948710581,1.9856555468172403,1,0
2348,1,1.3273796097261537,1.749944863804884,-1.5259922109646487,1.335827377037536,0,-0.7567517624401544,-0.08916543154512249,0,1
2349,0,-1.2653333075001179,-0.9918382668091681,0.9149287545257213,0.21900870800103137,1,-0.05016748378454817,0.9482450576360589,0,0
2350,1,1.684995184515984,1.6871205035628447,-0.040189934801177545,0.008508854151219006,2,0.6564167948710581,-1.0228348718081859,0,0
2351,0,0.254532885356662,-1.1302119214059658,0.5739696144244566,-0.9679765789854106,2,0.6564167948710581,0.42953981304546823,0,0
2352,0,0.4333406727515773,-1.0738433977578006,-0.38111026692364686,-0.014880018498760146,0,-1.4633360410957605,0.42953981304546823,2,0
2353,1,-0.10308268943316853,0.6281498860817407,0.6093547294901687,-0.7165461979981347,1,-1.4633360410957605,-0.6078706761357132,1,1
2354,0,-1.3547372011975753,-1.6402763663434585,0.7760272368209652,-1.587781704209858,1,-1.4633360410957605,0.42953981304546823,1,0
2355,0,-0.8183138390128296,0.7717255577686437,1.4731737679028383,-1.149240342022749,2,1.3630010735266642,0.9482450576360589,1,0
2356,0,-0.728909945315372,1.1947429167317096,-0.8195628113548984,0.6458556338631509,1,0.6564167948710581,-0.6078706761357132,1,1
2357,0,-0.9077177327102872,1.5085979478347222,-1.1178331747811432,0.3534947257384115,0,-1.4633360410957605,0.9482450576360589,0,1
2358,1,-1.0865255201052024,-1.5032632392933036,0.07621071679796353,-0.9153516155229575,2,-0.7567517624401544,-1.0228348718081859,2,0
2359,0,0.3439367790541196,0.01463199357795122,-0.09162602989669717,1.2130357956251454,2,1.3630010735266642,-0.8153527739719495,1,0
2360,1,0.7015523538439502,0.11912584456226914,0.01999347871484165,-0.7106989798356399,0,-0.05016748378454817,-0.8153527739719495,2,0
2361,0,1.4167835034236111,-0.819291361481987,0.21712248780432522,-1.5585456133973843,2,0.6564167948710581,-0.9190938228900677,2,0
2362,0,1.5061873971210689,-1.469890298884475,0.800313269951172,1.1721052684876818,1,0.6564167948710581,-1.0228348718081859,2,0
2363,1,0.07572509796174673,-0.59056267158167,0.5908122772216917,0.32425863492593754,1,-0.7567517624401544,0.42953981304546823,2,1
2364,0,-1.0865255201052024,-0.445839888433872,-1.2311369496724054,1.5112439219123794,2,-0.05016748378454817,-1.0228348718081859,1,0
2365,0,-0.9971216264077448,-0.4366629967467121,1.6611673787838674,0.02020329047620858,0,-0.05016748378454817,-0.08916543154512249,1,0
2366,0,-0.4606982642229991,-1.3256743789403282,-0.4492570776884971,-0.6054490529107337,0,1.3630010735266642,-0.8153527739719495,1,0
2367,1,-0.19248658313062617,-1.6994993301385022,0.9985366640426879,-1.3538929777100666,1,0.6564167948710581,0.42953981304546823,0,0
2368,0,-0.0136787957357109,0.6625098758871534,0.21962172163875365,-0.47096303517335364,0,-1.4633360410957605,0.9482450576360589,1,1
2369,1,-1.2653333075001179,-1.2401478825768555,1.0353499127280734,-0.7574767251355983,2,-0.7567517624401544,0.9482450576360589,0,0
2370,0,-0.728909945315372,-0.23381100724332854,0.7965566576037703,1.446924522124937,2,-0.7567517624401544,-0.8153527739719495,0,1
2371,1,-1.6229488822899483,-0.5293122549720213,-1.608109894095869,-0.3715603264109422,1,-0.7567517624401544,-1.0228348718081859,0,1
2372,1,-1.1759294138026601,0.37789284853160376,0.9899756239204066,1.4352300857999474,1,-0.7567517624401544,0.42953981304546823,1,1
2373,0,-0.37129437052554143,-0.26830438210233365,1.3471642607539382,-0.5879073984232493,1,-1.4633360410957605,-0.9190938228900677,1,1
2374,0,-1.5335449885924908,1.3257270393594862,0.5549692280061931,1.2305774501126296,0,-1.4633360410957605,0.9482450576360589,1,1
2375,1,-1.5335449885924908,0.7386994184991554,-0.4526333718437032,0.22485592616352618,2,1.3630010735266642,-1.0228348718081859,0,0
2376,1,0.6121484601464925,-1.140109092382525,-0.4509879135427752,0.04943938128868252,2,0.6564167948710581,-0.9190938228900677,0,0
2377,0,1.5955912908185266,0.008949790294913253,0.48909656479875757,0.8271193969004893,2,-1.4633360410957605,1.9856555468172403,2,1
2378,1,1.1485718223312382,-1.2736542080392765,0.10244491046370313,0.16053652637608348,1,1.3630010735266642,0.42953981304546823,0,0
2379,0,0.7015523538439502,1.5144135361713527,-1.1518988185678092,1.2071885774626505,2,-0.05016748378454817,-0.8153527739719495,0,0
2380,0,-1.712352775987406,-0.7927477358170913,-0.17531155537125467,0.5698417977507186,0,0.6564167948710581,1.9856555468172403,1,0
2381,0,-1.0865255201052024,0.12267388698782805,-1.698974895647589,1.774368739224645,0,-1.4633360410957605,-0.08916543154512249,2,1
2382,0,1.5061873971210689,-0.8591201384846897,-0.4232091623209757,-0.8568794338980096,2,-0.05016748378454817,1.9856555468172403,2,0
2383,1,1.0591679286337807,-0.13817392381754867,1.631005817664026,0.6400084157006561,1,1.3630010735266642,-0.6078706761357132,2,1
2384,0,1.5061873971210689,0.9812201229409309,-1.6128289443173984,-0.07335220012370802,2,-1.4633360410957605,-0.8153527739719495,1,0
2385,1,-1.444141094895033,-0.1475108775690195,0.1863089526407198,0.3885780347133802,0,-1.4633360410957605,-0.9190938228900677,2,1
2386,0,0.8803601412388654,-1.4085331742319522,0.5991948006415139,0.4879807434757916,0,-0.05016748378454817,-1.0228348718081859,2,0
2387,1,-1.2653333075001179,0.34473332420852304,1.3291495969970797,-0.570365743935765,0,-1.4633360410957605,1.9856555468172403,1,1
2388,0,-0.10308268943316853,-1.179137559063673,0.6990477300822654,1.522938358237369,2,-0.7567517624401544,0.9482450576360589,2,0
2389,1,1.0591679286337807,-0.533287129569076,1.0810269037703448,0.3534947257384115,0,-1.4633360410957605,0.42953981304546823,0,1
2390,1,-0.9971216264077448,-0.010791197636767948,0.6023925780942608,1.4293828676374525,1,0.6564167948710581,1.9856555468172403,0,1
2391,0,-0.728909945315372,1.4843485450916165,1.0996236872091354,0.780341651600531,2,-0.05016748378454817,-0.8153527739719495,0,0
2392,0,-0.8183138390128296,0.6779825421038765,-0.32905324416739967,-1.6287122313473217,2,0.6564167948710581,0.9482450576360589,0,0
2393,0,-0.37129437052554143,-0.6235354568297213,-0.5964635028554844,0.4879807434757916,0,1.3630010735266642,0.9482450576360589,0,1
2394,0,-1.712352775987406,-1.183939420993001,0.4787736424391618,1.2305774501126296,0,0.6564167948710581,-0.08916543154512249,0,0
2395,1,0.07572509796174673,0.9749243484113677,1.1950757918544803,-1.2837263597601292,1,-0.7567517624401544,0.42953981304546823,0,1
2396,0,0.8803601412388654,0.5928028468797439,-0.11280742472326621,-0.377407544573437,2,-0.7567517624401544,1.9856555468172403,0,0
2397,1,-0.6395060516179143,-0.758841255193893,1.2988250423662973,-0.2780048358110256,0,0.6564167948710581,-0.9190938228900677,0,0
2398,1,1.237975716028696,1.595058139573342,-0.6513147000850057,0.03774494496369295,1,1.3630010735266642,0.42953981304546823,1,0
2399,0,-1.444141094895033,-0.7647368745626788,1.1714727791510737,-0.47096303517335364,0,-1.4633360410957605,1.9856555468172403,1,0
2400,1,0.7015523538439502,1.5665404151152784,1.6309049169191578,-0.8042544704355565,2,-0.7567517624401544,0.42953981304546823,0,0
2401,1,1.5955912908185266,-0.7918673944633813,1.230103873515274,-1.3246568868975928,0,0.6564167948710581,-1.0228348718081859,1,0
2402,1,0.969764034936323,-0.7639365642411242,0.6648190927846583,0.5698417977507186,2,0.6564167948710581,-0.6078706761357132,1,0
2403,1,0.6121484601464925,0.3431860575868507,-0.20905121213603872,-1.231101396297676,0,0.6564167948710581,1.9856555468172403,0,0
2404,0,-1.3547372011975753,1.1889273283950792,-0.32140807234469154,-0.16690769072362463,2,-1.4633360410957605,0.9482450576360589,0,0
2405,0,0.4333406727515773,0.7791417667483834,-0.6443758334763752,-1.3246568868975928,1,-0.05016748378454817,-0.9190938228900677,1,0
2406,0,-1.5335449885924908,0.323471746665888,-1.7316744985806543,0.3008697622759584,2,1.3630010735266642,1.9856555468172403,0,0
2407,0,1.1485718223312382,-1.2538865430968769,1.3838843702902144,0.7452583426255623,1,-0.05016748378454817,1.9856555468172403,0,0
2408,1,-1.444141094895033,0.328060192509468,0.005153307623452857,-0.7106989798356399,2,1.3630010735266642,-1.0228348718081859,0,0
2409,1,0.4333406727515773,1.3904988213839753,-0.20667616383375578,-1.0556848514228325,1,1.3630010735266642,0.9482450576360589,0,0
2410,0,-0.0136787957357109,0.45602981292605543,-0.11374657781011666,-0.44172694436087967,0,0.6564167948710581,-0.6078706761357132,1,0
2411,0,1.237975716028696,-0.4925513342019447,-1.6284996061550103,-1.5468511770723947,2,-0.7567517624401544,-1.0228348718081859,2,0
2412,0,0.5227445664490349,1.5821197893748755,1.6278158018070383,1.329980158875041,0,0.6564167948710581,-0.6078706761357132,1,1
2413,1,-1.3547372011975753,0.043976705368288134,-0.7920091464101127,0.2774808896259793,1,-1.4633360410957605,-0.6078706761357132,2,1
2414,0,1.3273796097261537,-0.5298191181756726,0.8913335034180739,0.47628630715080206,2,1.3630010735266642,-0.6078706761357132,2,0
2415,0,0.7015523538439502,0.6247619057204927,0.9049395807837667,-0.9679765789854106,2,-0.7567517624401544,-1.0228348718081859,2,0
2416,0,0.7909562475414078,-1.0219299348996227,0.5843313447628478,1.4235356494749578,0,1.3630010735266642,0.42953981304546823,1,0
2417,1,-0.9971216264077448,1.439397782030964,0.43575887874225977,-1.7164205037847435,2,1.3630010735266642,1.9856555468172403,1,0
2418,1,1.5955912908185266,-0.2172445835871474,1.3922358473270002,-1.1375459056977595,2,0.6564167948710581,-0.6078706761357132,1,0
2419,1,-1.2653333075001179,0.5451310287258058,1.0732808312027684,1.388452340499989,0,-0.7567517624401544,0.42953981304546823,1,1
2420,1,-0.10308268943316853,-0.1421221214038849,-0.40924605155036464,-1.3889762866850353,2,-0.7567517624401544,1.9856555468172403,1,0
2421,1,-0.8183138390128296,0.9988803040365699,-1.6137525742127308,0.5464529251007395,0,1.3630010735266642,0.9482450576360589,2,1
2422,1,-1.6229488822899483,1.4312612937618252,0.32739924034954065,0.26578645330098966,0,-0.7567517624401544,1.9856555468172403,1,1
2423,1,-0.9971216264077448,-0.6722210013909621,0.7317550946110898,-0.002219905234813311,0,-0.7567517624401544,0.9482450576360589,2,0
2424,1,0.07572509796174673,-0.8418067585283909,1.2982429226843653,-0.2370743086735621,0,0.6564167948710581,-0.9190938228900677,1,0
2425,0,0.3439367790541196,-0.33745119388465483,-0.26422839638744194,0.12545321740111476,0,-0.05016748378454817,-0.08916543154512249,1,0
2426,0,1.237975716028696,-0.09180927918881633,0.5877697316841267,-1.5059206499349311,1,-1.4633360410957605,0.42953981304546823,0,1
2427,1,0.16512899165920436,-1.2638904221163099,0.035889226829467304,1.4118412131499682,1,-0.05016748378454817,1.9856555468172403,2,0
2428,1,-1.5335449885924908,-0.0494728631785757,-1.3771015195179377,0.5289112706132552,0,-0.7567517624401544,0.9482450576360589,1,1
2429,0,-0.728909945315372,-0.6846524883857775,1.053946696166864,-1.5760872678848685,1,1.3630010735266642,-0.08916543154512249,1,0
2430,1,0.7015523538439502,0.004654791569236667,1.2978858892794467,0.9265221056629007,1,-1.4633360410957605,-0.6078706761357132,1,1
2431,1,0.8803601412388654,-0.6457040527367849,0.20863906363963486,0.16053652637608348,2,-1.4633360410957605,-0.08916543154512249,0,0
2432,1,0.5227445664490349,-0.8177707718710332,-1.552955994631743,1.2715079772500932,0,1.3630010735266642,-0.08916543154512249,2,0
2433,0,0.07572509796174673,-1.433929688435953,0.8140512944447694,-1.6521011039973008,1,-1.4633360410957605,-0.6078706761357132,1,0
2434,0,0.7015523538439502,0.07438849758736459,-0.858355266958853,1.5463272308873484,2,1.3630010735266642,0.42953981304546823,1,0
2435,0,0.5227445664490349,0.32365848574091743,0.3384827990935277,0.4412029981758333,2,-1.4633360410957605,1.9856555468172403,1,1
2436,0,1.1485718223312382,-1.5343953108017792,-1.5406538653535782,-0.002219905234813311,0,-0.05016748378454817,-0.6078706761357132,0,0
2437,0,0.07572509796174673,-0.6073691883343175,1.3127648683496311,0.21316148983853658,0,-1.4633360410957605,-0.9190938228900677,1,1
2438,1,1.3273796097261537,-0.5620716241343247,1.4078599395900575,-0.20199099969859335,2,0.6564167948710581,-0.8153527739719495,2,0
2439,0,1.237975716028696,1.243401784282232,-0.7901230786406528,-0.5294352167983015,0,1.3630010735266642,1.9856555468172403,2,0
2440,1,-0.19248658313062617,0.9925311754855698,-0.2872415278131573,0.5347584887757499,0,-1.4633360410957605,-1.0228348718081859,2,1
2441,1,-0.8183138390128296,-1.1347736902388275,-0.5131039644028089,1.0083831599378277,2,1.3630010735266642,-0.6078706761357132,2,0
2442,0,0.254532885356662,-0.9913314036055169,-0.3784868475570729,0.698480597325604,2,0.6564167948710581,-0.6078706761357132,1,0
2443,0,0.16512899165920436,-0.3047451787437884,0.043091987693907055,-1.3246568868975928,0,-1.4633360410957605,-0.08916543154512249,0,1
2444,1,-0.2818904768280838,0.5363276151887046,-0.7481483687754694,1.0317720325878068,1,-1.4633360410957605,-0.9190938228900677,0,1
2445,1,-1.3547372011975753,-0.10093281685453927,-1.0039860881867442,-1.120004251210275,0,0.6564167948710581,0.9482450576360589,0,0
2446,1,-0.8183138390128296,0.2053726202151412,0.4299764899017343,-0.7867128159480722,1,0.6564167948710581,0.9482450576360589,1,0
2447,0,0.8803601412388654,-0.3962740025189211,-0.755017381022268,-0.5586713076107754,2,0.6564167948710581,-0.08916543154512249,0,0
2448,0,-0.4606982642229991,0.92794613253611,-1.7472054516946025,-0.4651158170108588,1,1.3630010735266642,0.42953981304546823,2,0
2449,0,0.6121484601464925,-1.5870290529493563,-0.7124527898793935,-0.488504689660838,2,0.6564167948710581,1.9856555468172403,1,0
2450,0,1.3273796097261537,1.2504178381011943,-0.8585570684485895,1.2422718864376192,0,1.3630010735266642,-0.6078706761357132,0,1
2451,0,1.1485718223312382,-1.5176955020920058,0.9199194605988191,-1.6345594495098164,0,-0.05016748378454817,1.9856555468172403,2,0
2452,1,-0.0136787957357109,-0.8782475551698458,-1.1252610219225967,1.1837997048126714,2,-1.4633360410957605,1.9856555468172403,2,0
2453,0,-0.37129437052554143,1.270025440979283,0.2291374380394036,0.21316148983853658,2,-1.4633360410957605,-0.6078706761357132,1,0
2454,1,1.237975716028696,-1.2700794886029991,1.0103730975753071,1.4937022674248952,2,-0.7567517624401544,-0.08916543154512249,1,0
2455,1,-1.6229488822899483,1.289152857664439,-1.6100658162271608,-0.2312270905110673,0,-0.05016748378454817,1.9856555468172403,0,0
2456,1,1.3273796097261537,-0.958331941346747,0.5274466094444438,-0.7223934161606295,0,0.6564167948710581,-0.6078706761357132,0,0
2457,0,0.7015523538439502,0.3175494502863837,1.4410950926305004,1.1837997048126714,1,0.6564167948710581,0.42953981304546823,0,1
2458,0,1.684995184515984,1.0207020988042932,-0.9698040204636917,1.0259248144253121,2,-0.05016748378454817,1.9856555468172403,1,0
2459,0,-1.2653333075001179,-0.2917001205024477,0.2830261973947971,0.5172168342882656,1,0.6564167948710581,-0.8153527739719495,0,1
2460,1,-0.9971216264077448,-0.3334496422768816,1.0204010792960574,1.7158965575996972,0,-0.7567517624401544,-1.0228348718081859,0,1
2461,1,-0.0136787957357109,-1.3912197942756535,-0.022346026151019157,1.2364246682751245,1,1.3630010735266642,-1.0228348718081859,2,0
2462,1,-1.712352775987406,0.7743932588404925,-0.9779925039895365,1.3533690315250202,1,-1.4633360410957605,-1.0228348718081859,2,1
2463,1,-1.0865255201052024,-1.1147926092106797,1.4082868273568079,0.17223096270107308,0,-0.05016748378454817,-0.8153527739719495,2,0
2464,1,0.254532885356662,0.3894706711834276,-1.6082030332449782,-0.4768102533358484,0,-1.4633360410957605,-0.6078706761357132,0,1
2465,1,-1.5335449885924908,-0.8714715944473498,0.2668355086413258,-0.5118935623108172,2,1.3630010735266642,-0.08916543154512249,1,0
2466,0,-1.444141094895033,-0.4425319391047795,1.636834776079106,-0.7399350706481138,1,-0.05016748378454817,0.9482450576360589,2,0
2467,0,0.4333406727515773,0.6310310032393375,-0.10446370928223957,0.20146705351354702,0,1.3630010735266642,-0.9190938228900677,1,0
2468,0,1.5955912908185266,-0.7298166675321779,0.025077323937048587,-0.09089385461119238,0,0.6564167948710581,-0.6078706761357132,0,0
2469,0,-0.4606982642229991,-0.5182946495452857,-1.5485784546236137,0.05528659945117731,1,0.6564167948710581,-0.8153527739719495,0,0
2470,1,0.07572509796174673,0.020180811807396747,-1.5050824719896478,-0.874421088385494,0,0.6564167948710581,1.9856555468172403,2,0
2471,1,1.3273796097261537,1.3356508873467638,-0.1245429575110172,1.2890496317375777,2,1.3630010735266642,0.42953981304546823,1,0
2472,0,-0.5501021579204567,0.05552785100939349,1.591996037378817,-1.2018653054852022,2,1.3630010735266642,-0.8153527739719495,2,0
2473,1,1.4167835034236111,1.4199235642064678,0.7871961731183023,0.9206748875004059,1,1.3630010735266642,1.9856555468172403,0,1
2474,0,-0.728909945315372,-0.9830615302827855,-0.44816269268646475,-1.3772818503600457,2,-1.4633360410957605,0.9482450576360589,1,0
2475,0,-0.2818904768280838,0.24320062141395732,-1.759391157036381,0.09036990842614603,0,1.3630010735266642,-1.0228348718081859,2,0
2476,0,1.684995184515984,1.7128904959169042,-1.3962959458301785,1.359216249687515,0,0.6564167948710581,-0.6078706761357132,0,1
2477,1,-0.9971216264077448,-0.32488632183624694,-1.159598321560831,-0.40079641722341613,0,-0.7567517624401544,0.9482450576360589,2,1
2478,0,1.3273796097261537,1.3264739956596039,-1.6622237397282762,1.0434664689127966,0,1.3630010735266642,-1.0228348718081859,1,1
2479,0,-0.6395060516179143,1.586681558207737,-0.2847811019575243,1.4352300857999474,1,-0.7567517624401544,-0.9190938228900677,1,1
2480,0,-0.4606982642229991,0.9378966575341061,1.6422135619401586,-1.2661847052726447,2,0.6564167948710581,1.9856555468172403,1,0
2481,1,-0.19248658313062617,-0.5597240471910977,1.3691373383479348,0.8037305242505102,2,1.3630010735266642,1.9856555468172403,1,0
2482,1,1.1485718223312382,-1.0762976827439015,-0.7062590364636361,-0.8334905612480304,0,-1.4633360410957605,0.42953981304546823,1,0
2483,0,-1.2653333075001179,0.29786181637613945,-1.2548563863121984,0.616619543050677,1,-1.4633360410957605,-1.0228348718081859,2,1
2484,1,0.6121484601464925,1.6389684992159737,0.09470659949188585,-0.09674107277368718,0,-0.7567517624401544,-0.9190938228900677,2,1
2485,1,0.254532885356662,-0.711622946222169,-0.18636406773220535,-1.3948235048475301,0,-1.4633360410957605,1.9856555468172403,2,0
2486,1,0.6121484601464925,1.2864318025711532,-0.5767024800528296,-0.6405323618857025,1,-1.4633360410957605,-0.8153527739719495,2,1
2487,1,1.237975716028696,-1.025397946293026,-1.3792437199474479,0.5990778885631926,1,-1.4633360410957605,-1.0228348718081859,0,1
2488,1,1.5955912908185266,-0.4063312355597911,1.5104837587168058,-0.8042544704355565,0,0.6564167948710581,-1.0228348718081859,0,0
2489,1,-0.5501021579204567,-1.1751893614773368,0.7358221707888554,0.37103638022589586,2,-1.4633360410957605,-0.08916543154512249,2,0
2490,1,1.4167835034236111,-1.1073497232202216,-0.9962244924276497,0.8446610513879736,0,-0.05016748378454817,0.42953981304546823,0,0
2491,1,-1.0865255201052024,-1.711957494144036,0.09416328778874923,1.7158965575996972,2,1.3630010735266642,0.42953981304546823,0,0
2492,1,1.3273796097261537,-1.2760284619932218,1.675153774341756,0.9966887236128382,2,-1.4633360410957605,0.9482450576360589,1,0
2493,1,-0.10308268943316853,-1.2932351339066468,-0.9575484607600814,0.8797443603629425,1,-1.4633360410957605,-0.8153527739719495,2,1
2494,0,0.8803601412388654,-0.9420589648084693,-1.7691552445013219,1.1253275231877236,1,-1.4633360410957605,-0.08916543154512249,0,1
2495,0,-0.5501021579204567,0.70703380677631,-1.093283247395127,1.3709106860125047,0,-0.05016748378454817,0.9482450576360589,0,1
2496,1,-0.0136787957357109,-1.6173874911469956,1.0936084504958372,-1.3012680142476136,2,-1.4633360410957605,-0.9190938228900677,2,0
2497,0,0.4333406727515773,1.0843000923571688,0.2808684737737688,-1.6287122313473217,2,-1.4633360410957605,0.9482450576360589,1,0
2498,0,0.3439367790541196,1.4110134426264926,0.49029185054565816,1.3767579041749993,0,1.3630010735266642,-0.9190938228900677,2,1
2499,1,-0.5501021579204567,0.06008961984225496,0.10552626398006366,0.17807818086356786,0,-0.05016748378454817,-0.8153527739719495,1,0
2500,1,0.5227445664490349,0.43716916634808434,1.3194708870854888,1.4644661766124212,0,-0.05016748378454817,1.9856555468172403,0,1
2501,1,1.5955912908185266,-1.1602502354749835,1.2865306746838914,1.7568270847371605,1,-1.4633360410957605,0.42953981304546823,1,1
2502,0,0.254532885356662,-1.0455657663962032,-0.20630360723731925,-0.5469768712857859,0,-0.05016748378454817,1.9856555468172403,1,0
2503,0,0.16512899165920436,0.45867083698718575,0.6093392062986505,0.28332810778847406,0,-0.7567517624401544,-0.9190938228900677,2,1
2504,1,-0.10308268943316853,0.18325737832951455,0.17852407209434798,1.329980158875041,2,-0.05016748378454817,-0.8153527739719495,0,0
2505,1,-1.5335449885924908,1.164704602662692,0.718389626713929,0.6107723248881822,0,-0.05016748378454817,1.9856555468172403,2,1
2506,1,-0.10308268943316853,-1.2036003778925266,-1.212873914851256,-0.45342138068586924,2,-0.05016748378454817,0.9482450576360589,2,0
2507,0,-0.9971216264077448,-0.7580942988937753,-1.4714670007570094,0.8738971422004477,2,0.6564167948710581,-0.9190938228900677,0,0
2508,0,0.7015523538439502,1.3911657466519376,-1.285522451156381,-0.4300325080358901,1,0.6564167948710581,-0.6078706761357132,2,0
2509,0,-0.0136787957357109,-0.8248401797114325,0.6482170394559551,0.5113696161257708,0,0.6564167948710581,-1.0228348718081859,2,0
2510,0,-1.1759294138026601,0.5682866740294534,1.2335888300111075,1.7334382120871814,0,-0.05016748378454817,0.9482450576360589,1,1
2511,1,-0.5501021579204567,1.639368654376751,-1.6015202992963977,-1.6871844129722695,2,-0.7567517624401544,0.42953981304546823,2,0
2512,1,-0.9971216264077448,1.703046678961782,-0.9801812739936011,-0.1376715999111507,1,-0.05016748378454817,1.9856555468172403,0,0
2513,1,-0.10308268943316853,-1.6612711737789088,1.676550861578393,-1.6345594495098164,1,-1.4633360410957605,0.9482450576360589,2,0
2514,1,-0.5501021579204567,0.04066875603919561,-1.2998969265022242,0.7511055607880571,0,-0.7567517624401544,-0.6078706761357132,1,1
2515,0,1.5955912908185266,1.2788288545163842,1.3115618210069715,1.335827377037536,2,0.6564167948710581,-0.8153527739719495,2,0
2516,0,1.4167835034236111,-0.5293122549720213,1.247846881420564,-1.6053233586973426,0,1.3630010735266642,-0.8153527739719495,2,0
2517,1,-0.2818904768280838,-1.2877930237200752,0.9219141907089065,-0.39494919906092135,0,-0.7567517624401544,0.9482450576360589,2,0
2518,1,0.8803601412388654,0.8982012655849958,-0.6607760853153419,-0.04411610931123409,0,0.6564167948710581,-0.6078706761357132,1,0
2519,0,-0.9971216264077448,0.6838781614726623,-0.5212614015456173,-0.9445877063354314,0,-0.7567517624401544,1.9856555468172403,0,1
2520,1,1.1485718223312382,0.37085011770192294,-1.0630673551049719,-0.07335220012370802,2,-0.7567517624401544,0.9482450576360589,0,0
2521,0,0.4333406727515773,-1.386818087507103,-1.2657769515452444,0.6341611975381614,1,-0.05016748378454817,-1.0228348718081859,1,0
2522,1,-0.5501021579204567,1.016380423067898,1.6405836268307488,-1.342198541385077,0,-1.4633360410957605,-1.0228348718081859,1,1
2523,1,-0.8183138390128296,-0.9463806405448644,-0.26687510054129315,0.8271193969004893,0,1.3630010735266642,-0.08916543154512249,2,0
2524,1,1.3273796097261537,1.5031024836267137,0.6958266678422411,-0.21368543602358295,0,0.6564167948710581,-0.9190938228900677,0,0
2525,1,-0.5501021579204567,0.8846226671292854,1.693215007673169,-1.12585146937277,0,-0.7567517624401544,-0.08916543154512249,1,1
2526,1,0.8803601412388654,0.44770658558188714,1.332875162961445,1.5872577580248117,1,1.3630010735266642,1.9856555468172403,0,1
2527,1,-1.444141094895033,0.09436957861551218,0.8107759010344315,-1.1375459056977595,1,-0.7567517624401544,-1.0228348718081859,2,1
2528,1,-1.444141094895033,-0.37399869856898355,-1.5629839763524933,-0.570365743935765,1,-1.4633360410957605,-0.6078706761357132,1,1
2529,0,0.7015523538439502,0.6010727202024753,1.6066654533635056,-0.406643635385911,1,1.3630010735266642,-0.9190938228900677,0,0
2530,0,-1.0865255201052024,1.226035050304496,-0.8300332040339169,0.9791470691253539,0,0.6564167948710581,1.9856555468172403,0,1
2531,0,-1.6229488822899483,-0.6919886663333618,0.5483563484194445,-0.34232423559846825,2,-0.7567517624401544,-0.6078706761357132,2,0
2532,0,0.16512899165920436,-0.7702590157814059,-1.125796572029974,-1.5760872678848685,1,-1.4633360410957605,1.9856555468172403,1,0
2533,0,-0.37129437052554143,0.8511430186775828,-0.5702215475939858,-1.0206015424478636,1,1.3630010735266642,-0.08916543154512249,0,0
2534,1,0.7909562475414078,0.7758338174192909,-0.386458006401663,1.2305774501126296,0,-0.7567517624401544,-0.8153527739719495,2,1
2535,1,0.8803601412388654,0.2941537118862696,-0.7474731099444282,-0.6639212345356816,0,-0.7567517624401544,-0.6078706761357132,0,1
2536,0,-0.728909945315372,-0.6167328190965068,1.191520980996815,1.446924522124937,0,0.6564167948710581,-0.08916543154512249,2,1
2537,1,1.3273796097261537,-0.8177174178495962,-1.1440363220638463,0.11375878107612519,0,-1.4633360410957605,-0.08916543154512249,0,0
2538,0,-0.8183138390128296,-0.002414616271162682,0.9605902223764746,-0.1318243817486559,2,-0.05016748378454817,-0.08916543154512249,0,0
2539,0,0.07572509796174673,0.2791879088731978,0.8933127103366431,-0.3715603264109422,2,-0.7567517624401544,-0.8153527739719495,2,0
2540,1,0.07572509796174673,1.0817657763389126,0.06809984922970971,0.7277166881380779,1,1.3630010735266642,-0.8153527739719495,1,1
2541,1,-1.3547372011975753,-1.3196720515286684,1.5908085132276755,0.8563554877129633,2,0.6564167948710581,0.9482450576360589,2,0
2542,1,-0.0136787957357109,0.7533717743943239,0.020226326587614488,1.1721052684876818,1,0.6564167948710581,-0.8153527739719495,1,1
2543,0,1.5061873971210689,-0.3668225826857102,0.3685279362769827,-1.587781704209858,1,-0.7567517624401544,-0.9190938228900677,0,1
2544,1,-1.5335449885924908,-0.7242411722920139,-0.71076852359967,-1.0907681603978012,2,-0.7567517624401544,-0.8153527739719495,0,0
2545,0,1.1485718223312382,-1.0935043546573262,0.9060882969561127,1.2071885774626505,1,-0.7567517624401544,-0.8153527739719495,2,1
2546,0,-0.9971216264077448,-0.4701159681876962,-1.1201538919131124,-1.5819344860473634,0,-0.05016748378454817,-0.8153527739719495,2,0
2547,0,-0.9971216264077448,1.2422279958106184,-0.1366665700867229,-0.6346851437232077,1,-0.7567517624401544,1.9856555468172403,1,1
2548,1,-1.444141094895033,-0.9623601699652388,0.7749406134146919,-0.04411610931123409,0,-1.4633360410957605,-0.6078706761357132,1,0
2549,1,1.3273796097261537,-0.0950105204750349,1.1566869392299985,0.2482447988135053,2,1.3630010735266642,-0.8153527739719495,1,0
2550,0,-0.2818904768280838,1.5127862385175248,-1.406347212338206,-1.5117678680974258,2,-0.7567517624401544,-0.9190938228900677,2,0
2551,1,1.237975716028696,0.543450377050541,0.08359199436486245,-0.9270460518479471,1,-0.05016748378454817,1.9856555468172403,0,0
2552,1,0.3439367790541196,-0.027544360367978478,-1.5954352082212675,1.2422718864376192,0,1.3630010735266642,-0.08916543154512249,2,1
2553,1,1.0591679286337807,-0.7671911595487797,0.9335410611560301,-0.40079641722341613,1,0.6564167948710581,-0.6078706761357132,0,0
2554,0,-1.712352775987406,1.259861499895539,0.9784651774096694,0.14299487188859913,2,-0.7567517624401544,-1.0228348718081859,2,0
2555,0,-1.0865255201052024,0.3163223077933332,-0.2999317368792769,-0.6639212345356816,1,1.3630010735266642,1.9856555468172403,2,0
2556,1,0.254532885356662,-0.08703409427020696,-0.9784116301605276,-1.2252541781351813,1,0.6564167948710581,-0.8153527739719495,1,0
2557,0,-0.728909945315372,1.4212307377316737,1.508869346798914,1.002535941775333,0,-0.05016748378454817,1.9856555468172403,0,1
2558,1,-0.728909945315372,0.15348583436768182,1.661043193251722,-1.4182123774975093,2,-1.4633360410957605,0.9482450576360589,2,0
2559,1,-0.4606982642229991,-1.0364422287304802,0.4970522004518295,-0.3540186719234579,1,-0.7567517624401544,0.9482450576360589,2,0
2560,1,-0.10308268943316853,0.4119327142083946,-1.7721512204643324,0.8037305242505102,0,-1.4633360410957605,1.9856555468172403,0,1
2561,1,0.5227445664490349,1.3395190539009445,1.1183524177758306,1.1721052684876818,1,-0.05016748378454817,-0.08916543154512249,2,1
2562,0,0.7909562475414078,-1.3349846556810807,0.7764153166089199,-1.1433931238602542,0,1.3630010735266642,-0.08916543154512249,0,0
2563,0,0.16512899165920436,0.809340142881712,0.00026350229522328667,1.774368739224645,0,1.3630010735266642,-0.6078706761357132,1,1
2564,0,0.07572509796174673,-0.04293699555254612,1.1057941558376156,0.6283139793756666,1,-0.05016748378454817,0.9482450576360589,1,1
2565,1,1.5955912908185266,-1.5401308681062542,0.6172172259941314,0.587383452238203,2,-0.05016748378454817,-1.0228348718081859,0,0
2566,1,-0.0136787957357109,0.9811134148980568,0.8160460245548568,-0.002219905234813311,2,-0.7567517624401544,0.42953981304546823,1,1
2567,1,0.7909562475414078,1.3034517354095487,-1.3201158834546656,0.698480597325604,0,0.6564167948710581,0.9482450576360589,0,1
2568,0,-1.444141094895033,-0.8388189333279203,-1.5599414308149282,0.9791470691253539,2,-1.4633360410957605,1.9856555468172403,2,0
2569,1,-1.1759294138026601,1.653694209132579,-1.2027993635559513,1.4352300857999474,0,-1.4633360410957605,0.9482450576360589,2,1
2570,0,0.7015523538439502,-0.5577499483979296,1.463370872459102,0.4002724710383698,2,1.3630010735266642,-0.9190938228900677,0,0
2571,0,0.7015523538439502,-0.8187044672461803,-0.7121888956235843,-0.9679765789854106,1,1.3630010735266642,0.42953981304546823,2,0
2572,0,-1.444141094895033,1.1266365083674095,0.3204991817197056,-1.236948614460171,2,-0.7567517624401544,-0.08916543154512249,1,0
2573,0,0.16512899165920436,-0.31266825092717937,-1.0271389283361232,-0.14351881807364547,0,-0.05016748378454817,0.42953981304546823,2,0
2574,0,-0.728909945315372,-1.2538598660861582,1.3016968327971623,-0.3013937084610048,0,-1.4633360410957605,0.9482450576360589,2,0
2575,0,-1.5335449885924908,1.3243131577914065,-1.2613761267498378,0.5406057069382447,2,-0.7567517624401544,-0.08916543154512249,0,1
2576,1,0.16512899165920436,1.5034759617767726,1.578459814374956,-0.4768102533358484,1,1.3630010735266642,0.42953981304546823,1,0
2577,1,-1.6229488822899483,0.022128233589846377,0.335137551321358,-0.7574767251355983,0,1.3630010735266642,-0.08916543154512249,2,0
2578,0,0.3439367790541196,0.8559448806069107,-0.11816292579704146,-1.3831290685225406,0,-1.4633360410957605,-0.08916543154512249,2,1
2579,0,1.237975716028696,-0.740807595948195,-0.47595696709978236,1.21888301378764,0,1.3630010735266642,-0.6078706761357132,0,0
2580,1,0.6121484601464925,0.5015674702225147,1.5501299898542609,-1.008907106122874,0,1.3630010735266642,-1.0228348718081859,0,0
2581,0,-1.712352775987406,-1.077311409151204,-0.959481098104096,0.6867861610006144,0,0.6564167948710581,-0.08916543154512249,1,0
2582,0,-1.0865255201052024,-0.533287129569076,-1.7370843308247432,-0.9153516155229575,1,-0.05016748378454817,-0.9190938228900677,2,0
2583,1,0.254532885356662,1.5744101332772324,0.8276185638316667,-0.002219905234813311,0,1.3630010735266642,0.9482450576360589,0,0
2584,0,1.5955912908185266,-0.48257413219323014,0.3802789922562519,-0.12597716358616112,1,0.6564167948710581,0.9482450576360589,0,0
2585,0,-1.2653333075001179,0.5961641502302735,-0.924266738145084,0.8388138332254789,1,-0.7567517624401544,-0.9190938228900677,0,1
2586,0,0.16512899165920436,0.9004954885067858,0.25901958171191763,1.558021667212338,0,1.3630010735266642,-0.8153527739719495,1,1
2587,1,0.4333406727515773,0.7718055888007992,-0.8900924320177906,-1.038143196935348,1,-0.7567517624401544,-0.08916543154512249,0,1
2588,1,-0.19248658313062617,0.854104166867335,-0.40763940122823206,1.0960914323752495,0,1.3630010735266642,1.9856555468172403,1,1
2589,1,-0.2818904768280838,1.6789840152937057,-1.7176803414270068,0.5815362340757082,1,-1.4633360410957605,-0.08916543154512249,1,1
2590,0,-0.728909945315372,0.3184031146293753,-0.21432909725222302,0.9616054146378694,0,0.6564167948710581,-0.08916543154512249,2,1
2591,0,-1.2653333075001179,0.9068712940685044,0.10722605345130537,-1.2720319234351396,0,0.6564167948710581,1.9856555468172403,2,0
2592,1,0.5227445664490349,0.292046228039509,1.1575174299762216,0.6809389428381196,1,-1.4633360410957605,0.42953981304546823,1,1
2593,0,0.6121484601464925,0.18192352779359014,0.7215485961878805,-1.2895735779226238,1,-0.05016748378454817,-0.08916543154512249,2,0
2594,0,-1.0865255201052024,0.15039130112433718,0.5573132299254396,-0.00318558217377057,2,0.6564167948710581,-0.08916543154512249,2,0
2595,0,-0.10308268943316853,-1.4983546693211018,-0.9299171798577048,-1.6053233586973426,2,-0.7567517624401544,-0.9190938228900677,0,0
2596,0,-1.712352775987406,-1.426006616252562,0.34987682166787853,-0.7282406343231242,2,0.6564167948710581,-1.0228348718081859,2,0
2597,0,0.7909562475414078,-0.7492908853566742,0.9522775533184844,-1.6404066676723112,1,-0.05016748378454817,-1.0228348718081859,1,0
2598,1,1.3273796097261537,1.72654912540477,1.65643280537082,-0.49435190782333277,1,-0.7567517624401544,-0.8153527739719495,2,1
2599,0,-0.5501021579204567,-0.8279613899654956,0.16604342611372394,1.5463272308873484,0,-0.7567517624401544,-0.9190938228900677,0,1
2600,1,1.3273796097261537,-0.654294050188138,-1.6757133931575825,-1.2252541781351813,2,-1.4633360410957605,-0.08916543154512249,1,0
2601,0,-0.0136787957357109,-0.19721014853756283,1.1745851790504707,-0.8568794338980096,0,1.3630010735266642,-1.0228348718081859,2,0
2602,1,-0.6395060516179143,1.0490064071766092,-1.644729102887277,0.4470502163383281,0,-1.4633360410957605,-0.6078706761357132,1,1
2603,0,1.5955912908185266,1.316096638490112,-0.019101679123717633,1.0785497778877653,0,1.3630010735266642,-0.6078706761357132,2,1
2604,1,-1.0865255201052024,0.5282444809410027,-1.5848406300101034,-0.84518499757302,0,-1.4633360410957605,-0.6078706761357132,0,1
2605,0,-0.0136787957357109,-1.421418170408982,-1.520279676485955,-0.903657179197968,2,1.3630010735266642,-0.08916543154512249,2,0
2606,1,1.1485718223312382,0.6291102584676063,1.4914290411282287,-1.3246568868975928,0,0.6564167948710581,-0.08916543154512249,1,0
2607,0,0.5227445664490349,-0.8258805831294536,0.20874772598026217,-0.20783821786108816,1,-0.7567517624401544,1.9856555468172403,1,0
2608,1,1.684995184515984,-1.564220208785049,-0.506048673857792,1.3182857225500515,1,1.3630010735266642,-0.8153527739719495,1,0
2609,0,0.07572509796174673,1.2593813137026064,0.13577320265325515,0.4412029981758333,1,0.6564167948710581,0.9482450576360589,2,1
2610,1,-0.9971216264077448,0.21334904641996913,1.4091328412945492,0.7218694699755831,2,-0.05016748378454817,-0.8153527739719495,2,0
2611,1,0.3439367790541196,1.4111735046908036,-1.4455199861343562,-0.002219905234813311,0,-1.4633360410957605,-0.8153527739719495,2,1
2612,0,1.5061873971210689,1.5522682143808872,-0.2993418556015857,-0.30724092662349956,2,-0.05016748378454817,0.42953981304546823,0,0
2613,0,-0.2818904768280838,0.11795205609065566,1.3829296940118458,1.2656607590875983,0,0.6564167948710581,-0.6078706761357132,0,1
2614,1,0.3439367790541196,1.377853918303412,1.4121132940660415,1.5170911400748743,2,-0.05016748378454817,-0.08916543154512249,0,0
2615,0,0.07572509796174673,0.16420999267651404,0.7326166317403493,-1.1726292146727282,2,-0.05016748378454817,-0.6078706761357132,1,0
2616,1,1.684995184515984,1.220566263107206,-0.41547085134915845,-0.406643635385911,0,0.6564167948710581,-0.8153527739719495,1,0
2617,1,1.684995184515984,-1.1261036617553188,-0.2504593255108082,1.3007440680625673,2,-0.7567517624401544,-0.08916543154512249,1,0
2618,1,-0.6395060516179143,-0.767804730795305,-0.7574389988991056,-0.4768102533358484,0,1.3630010735266642,-0.9190938228900677,1,0
2619,0,-0.8183138390128296,-0.9102066140105944,0.14875835235822035,-1.3363513232225823,1,-1.4633360410957605,1.9856555468172403,1,0
2620,1,-0.10308268943316853,-1.3382659279994547,-1.6432854460760855,0.587383452238203,1,1.3630010735266642,-1.0228348718081859,2,0
2621,1,-0.8183138390128296,0.8433266545370658,-1.6006121925925836,-1.6579483221597955,1,-1.4633360410957605,-1.0228348718081859,1,1
2622,0,-0.6395060516179143,-1.5777988072407594,-0.752626809528467,-0.34232423559846825,2,1.3630010735266642,-0.8153527739719495,2,0
2623,0,-1.712352775987406,0.09007457988983558,0.3175032057566951,0.6049251067256873,1,-0.05016748378454817,0.9482450576360589,0,1
2624,0,-0.10308268943316853,-0.3117345555520323,0.45536466962973265,0.6517028520256457,0,-0.7567517624401544,-0.6078706761357132,0,1
2625,0,-0.728909945315372,0.6772889398251958,-1.754454782133597,1.0785497778877653,1,-0.05016748378454817,-0.9190938228900677,0,1
2626,1,-1.0865255201052024,0.41059886367247017,-1.0196877964073925,-0.4300325080358901,1,-0.7567517624401544,-0.08916543154512249,0,1
2627,1,-1.0865255201052024,-1.0340946517872533,1.6271560661675153,-0.8159489067605461,2,0.6564167948710581,0.9482450576360589,0,0
2628,1,-0.728909945315372,-1.343201174982375,1.0571134272365745,0.7744944334380363,0,-1.4633360410957605,-0.6078706761357132,1,1
2629,1,1.1485718223312382,-0.28921915850562835,0.8238076203139513,-0.8042544704355565,2,-1.4633360410957605,-0.8153527739719495,1,0
2630,0,0.5227445664490349,0.7926670111826569,0.282444077712865,0.7043278154880988,2,0.6564167948710581,-0.6078706761357132,1,0
2631,1,1.684995184515984,-0.8928398800328587,1.002572693837417,0.17807818086356786,0,1.3630010735266642,-0.8153527739719495,0,0
2632,1,0.7015523538439502,-0.3271538677473184,0.2641810428917155,0.4412029981758333,2,0.6564167948710581,0.42953981304546823,0,0
2633,0,-1.3547372011975753,-1.1942367471303375,-0.7500577213322066,0.28332810778847406,0,0.6564167948710581,-1.0228348718081859,2,0
2634,1,-1.0865255201052024,-0.4729970853452929,-0.5413251265828767,-0.19614378153609857,1,-0.7567517624401544,0.9482450576360589,1,1
2635,1,0.4333406727515773,1.087474656632669,0.2709646775851641,-0.07335220012370802,0,0.6564167948710581,-1.0228348718081859,0,0
2636,1,0.6121484601464925,-0.031786005072218085,-1.1745782013758834,-0.38910198089842657,0,-1.4633360410957605,-0.6078706761357132,0,1
2637,1,0.254532885356662,0.21849770948863734,0.08906391937502411,-0.09089385461119238,0,-0.05016748378454817,-0.9190938228900677,0,0
2638,1,0.8803601412388654,-0.44824081939853594,-1.4336292214314235,-0.03242167298624451,2,-0.7567517624401544,-0.08916543154512249,2,0
2639,1,0.254532885356662,1.5899895075368293,1.5029782956177613,-1.453295686472478,0,-0.7567517624401544,-0.8153527739719495,0,1
2640,0,-0.0136787957357109,1.6226955226776958,-0.5078881720526973,-0.4768102533358484,0,1.3630010735266642,-0.08916543154512249,2,0
2641,0,-0.19248658313062617,0.7115955756091715,0.7899360164212627,-1.587781704209858,0,-0.05016748378454817,-1.0228348718081859,2,0
2642,1,-0.19248658313062617,1.0042157061802677,-0.6409452081508553,0.14884209005109392,1,-0.7567517624401544,1.9856555468172403,1,1
2643,1,-1.6229488822899483,-0.7521453255035525,1.476014511950667,-0.12597716358616112,0,0.6564167948710581,-0.9190938228900677,0,0
2644,0,-1.444141094895033,1.3807883894824458,0.9604349904612928,1.522938358237369,2,-0.7567517624401544,-0.9190938228900677,2,1
2645,1,0.8803601412388654,-1.702167031210351,-0.21077428639455772,0.10206434475113561,0,-0.7567517624401544,-0.08916543154512249,0,0
2646,1,1.1485718223312382,0.8913719508410629,1.130452745564259,0.39442525287587504,0,-0.7567517624401544,-1.0228348718081859,1,1
2647,1,1.4167835034236111,-1.2028267445816905,-0.04504869374637074,0.4938279616382864,1,1.3630010735266642,1.9856555468172403,1,0
2648,0,-0.19248658313062617,0.3854157655542174,1.5852667338556818,1.0200775962628172,0,-0.7567517624401544,-0.08916543154512249,2,1
2649,1,1.5061873971210689,-0.92034387808362,1.2827663007407306,-1.0498376332603376,2,-0.7567517624401544,-0.6078706761357132,1,0
2650,0,-0.10308268943316853,0.5348337025884693,-1.0023639146730934,-1.482531777284952,0,1.3630010735266642,-0.9190938228900677,1,0
2651,1,0.7015523538439502,-1.6929101084910356,-1.6226784093356894,0.4879807434757916,2,-0.05016748378454817,-0.9190938228900677,1,0
2652,0,-0.0136787957357109,0.29946243701924874,0.2914087208146192,-0.5235879986358067,1,-1.4633360410957605,-0.6078706761357132,0,1
2653,0,1.1485718223312382,0.8180101713652206,0.42043748871380715,0.9966887236128382,0,1.3630010735266642,-1.0228348718081859,0,1
2654,1,-0.728909945315372,0.005295039826480381,0.657569762345664,-0.09089385461119238,1,1.3630010735266642,-0.9190938228900677,2,0
2655,0,-0.4606982642229991,0.2171905359634314,-1.2408467059670327,-1.038143196935348,0,-0.7567517624401544,0.9482450576360589,2,1
2656,1,1.684995184515984,1.540290236568286,-1.307115210558182,-0.34232423559846825,2,-0.7567517624401544,1.9856555468172403,1,0
2657,0,-1.6229488822899483,-0.6741951001841302,0.1648093323880279,0.07867547210115647,1,-1.4633360410957605,0.42953981304546823,1,0
2658,1,0.7909562475414078,-1.235532759722557,-1.764389624705238,0.9382165419878903,0,-0.7567517624401544,0.42953981304546823,2,1
2659,1,-0.9077177327102872,-1.2638904221163099,-1.0216747649217206,1.0493136870752913,2,0.6564167948710581,0.42953981304546823,1,0
2660,0,-1.6229488822899483,-0.06753319943499216,0.12763128870196497,-1.1433931238602542,1,-0.7567517624401544,-0.8153527739719495,2,1
2661,1,-0.8183138390128296,-1.4521767637673988,0.05327520132983911,-0.20199099969859335,0,-0.7567517624401544,0.9482450576360589,0,0
2662,1,-0.6395060516179143,-0.08556685868069011,1.3891933017894351,0.05528659945117731,0,0.6564167948710581,-0.8153527739719495,1,0
2663,0,-0.9077177327102872,-1.0912634857569732,0.6950194618832952,0.34180028941342194,0,-1.4633360410957605,-1.0228348718081859,1,1
2664,1,-0.5501021579204567,1.7438091513396319,-1.7327921683699639,-0.05581054563622366,2,0.6564167948710581,-0.6078706761357132,1,0
2665,1,-0.19248658313062617,1.2353453270452486,1.1931509161062248,0.18977261718855742,2,1.3630010735266642,-0.08916543154512249,0,0
2666,0,-0.9971216264077448,-0.12152746912921208,1.2083248358152547,-1.12585146937277,1,0.6564167948710581,0.9482450576360589,0,0
2667,0,1.684995184515984,0.5946969146407566,0.1275924807231695,-1.3597401958725615,1,-0.05016748378454817,1.9856555468172403,1,0
2668,1,0.7015523538439502,1.4356630005303757,-1.5340953169371434,-0.07919941828620282,0,1.3630010735266642,-1.0228348718081859,2,0
2669,1,-1.5335449885924908,-0.53197995604387,-1.567144191679368,0.8505082695504685,2,-0.7567517624401544,-0.08916543154512249,0,1
2670,0,-0.0136787957357109,-1.5965527457758566,0.0038648827274431613,-0.014880018498760146,0,1.3630010735266642,-1.0228348718081859,1,0
2671,0,-1.2653333075001179,0.4982861979041406,-0.11393285610833492,-1.6871844129722695,2,-1.4633360410957605,-0.8153527739719495,1,0
2672,1,0.6121484601464925,-1.392126812640082,1.2131059788028569,-1.1901708691602126,1,-1.4633360410957605,0.42953981304546823,0,0
2673,0,-1.6229488822899483,0.25944692094151656,0.9339912337100575,-0.6171434892357233,0,0.6564167948710581,-0.6078706761357132,2,0
2674,1,0.7909562475414078,0.2236997265787425,-1.6153980325136588,1.0551609052377862,0,1.3630010735266642,-0.8153527739719495,1,1
2675,1,1.5955912908185266,1.0427906636792015,-1.349555616168911,1.2598135409251037,2,-0.7567517624401544,-0.6078706761357132,2,1
2676,1,-1.5335449885924908,1.3476555421700835,-1.6206138248637703,0.9732998509628591,2,-1.4633360410957605,0.9482450576360589,2,1
2677,1,-0.37129437052554143,0.5980582179912861,-1.49237673973201,-1.4182123774975093,2,-0.7567517624401544,-0.08916543154512249,0,0
2678,1,0.8803601412388654,-0.8080336629587851,-0.17295203026048994,1.113633086862734,1,-0.05016748378454817,-1.0228348718081859,1,0
2679,0,-1.6229488822899483,0.06137011635674238,-0.07069300613441916,1.1370219595127131,0,-1.4633360410957605,-0.9190938228900677,1,1
2680,0,-0.2818904768280838,-1.5939383987254447,-1.763908405768174,0.4002724710383698,2,0.6564167948710581,-0.9190938228900677,2,0
2681,0,-0.728909945315372,-0.20902806428585308,-0.9395105122159457,-1.0732265059103168,1,-0.05016748378454817,-0.6078706761357132,0,0
2682,0,1.3273796097261537,1.2919272667791617,1.49587643549819,0.6633972883506353,2,1.3630010735266642,0.42953981304546823,0,0
2683,1,-1.712352775987406,0.10269280595968046,0.14857207406000209,-1.6871844129722695,0,-0.7567517624401544,0.42953981304546823,0,1
2684,1,-0.4606982642229991,1.1004396838418542,0.07530261009414946,-0.5762129620982598,2,-1.4633360410957605,-0.6078706761357132,2,0
2685,1,0.5227445664490349,-1.6305392574312103,1.538161609193737,0.4178141255258542,0,-0.05016748378454817,-0.8153527739719495,2,0
2686,1,1.5061873971210689,-0.18523217072496168,-0.002577241752605321,-0.266310399486036,1,-0.05016748378454817,-0.9190938228900677,1,0
2687,0,0.07572509796174673,-1.5783056704444107,-0.12689472102602284,1.7509798665746659,1,-1.4633360410957605,-0.8153527739719495,0,1
2688,1,0.969764034936323,1.0146730943819149,-1.6924396320184314,-0.3247825811109839,2,1.3630010735266642,-0.08916543154512249,2,0
2689,1,0.4333406727515773,-1.199732211338346,-1.2155516653881435,0.4938279616382864,0,1.3630010735266642,-0.9190938228900677,0,0
2690,0,0.254532885356662,1.3916992868663074,1.1796535010811595,1.0259248144253121,0,0.6564167948710581,-0.08916543154512249,2,1
2691,0,0.3439367790541196,-1.040310395284661,0.7393925048380389,0.9323693238253955,0,1.3630010735266642,-1.0228348718081859,1,0
2692,0,1.5955912908185266,0.7117289606627639,-1.26829947016695,0.4119669073633594,0,0.6564167948710581,-0.8153527739719495,0,0
2693,0,0.7015523538439502,-1.2058946008143168,1.4100875175729177,-0.03242167298624451,0,-0.05016748378454817,-0.6078706761357132,2,0
2694,1,0.07572509796174673,1.7195063945750892,0.8165194818961614,0.6283139793756666,0,-1.4633360410957605,-0.9190938228900677,0,1
2695,1,-0.19248658313062617,-0.3027710799506203,0.1482693718253974,-1.3889762866850353,0,1.3630010735266642,-0.8153527739719495,2,0
2696,0,1.4167835034236111,-1.077418117194078,-0.2638480781952463,1.3182857225500515,0,0.6564167948710581,-0.6078706761357132,2,0
2697,1,1.3273796097261537,1.1665719934129861,-0.6068407563853939,0.04943938128868252,2,-0.05016748378454817,-1.0228348718081859,2,0
2698,1,-0.9971216264077448,-1.0632793015132793,0.6868853095277642,-1.0556848514228325,2,1.3630010735266642,-0.9190938228900677,0,0
2699,1,1.5955912908185266,1.6386750520980702,0.2698547693916136,-0.5001991259858276,0,-0.7567517624401544,-0.08916543154512249,2,1
2700,0,0.8803601412388654,-1.1187674838077346,1.2585734067596328,-1.4883789954474467,0,-0.05016748378454817,-1.0228348718081859,1,0
2701,1,1.237975716028696,1.4457202335712458,-0.26073567829584937,-0.7165461979981347,1,1.3630010735266642,0.42953981304546823,0,0
2702,0,1.0591679286337807,0.33539637045705223,1.3962253075471749,-0.35986589008595266,1,-0.05016748378454817,-0.6078706761357132,1,0
2703,1,-1.5335449885924908,-1.31735115159616,0.8492113232334677,1.7217437757621918,0,-1.4633360410957605,1.9856555468172403,1,1
2704,1,-1.5335449885924908,-1.0888892318030279,0.636225374008154,0.6283139793756666,0,-1.4633360410957605,-0.9190938228900677,0,1
2705,1,0.7015523538439502,1.6980314009467063,-0.41409704889979876,-1.5000734317724362,1,-1.4633360410957605,-0.9190938228900677,2,1
2706,0,-0.4606982642229991,1.2407607602211017,0.8872741888360675,-1.0322959787728532,1,-0.7567517624401544,0.9482450576360589,1,1
2707,1,0.254532885356662,0.6581882001507583,-1.212866153255497,0.23070314432602096,0,-1.4633360410957605,0.9482450576360589,0,1
2708,0,-0.8183138390128296,-1.5834276565023604,-0.031830696168632704,0.23655036248851574,2,-0.7567517624401544,-1.0228348718081859,2,0
2709,0,1.0591679286337807,0.8969741230919454,1.095230624009488,1.4235356494749578,2,-1.4633360410957605,-0.9190938228900677,0,1
2710,0,1.4167835034236111,-1.1539811379561389,-0.8472251386403113,-1.2954207960851187,0,-0.05016748378454817,-0.6078706761357132,0,0
2711,1,1.1485718223312382,-0.34246647189973056,-1.6722517214490265,-0.6112962710732285,0,1.3630010735266642,-1.0228348718081859,0,0
2712,1,0.3439367790541196,0.8125413841679305,1.22148074062692,0.1663837445385783,1,1.3630010735266642,-0.08916543154512249,2,0
2713,1,1.684995184515984,-0.6676325555473821,-1.3534519372399765,-0.8685738702229993,1,-1.4633360410957605,-1.0228348718081859,1,0
2714,1,1.237975716028696,-0.48428146087921337,1.3241200829451865,-0.06750498196121324,2,1.3630010735266642,-1.0228348718081859,1,0
2715,0,0.7015523538439502,-1.036655644816228,1.4580308945768448,-0.4826574714983432,0,-1.4633360410957605,1.9856555468172403,0,0
2716,0,1.5061873971210689,0.38085399672135595,-0.8806543315747316,0.5756890159132134,1,-1.4633360410957605,-0.08916543154512249,0,1
2717,0,-1.1759294138026601,-1.1238094388335287,1.13292869461141,0.2540920169760001,2,0.6564167948710581,0.42953981304546823,2,0
2718,1,-1.444141094895033,0.536461000242297,-0.5954777801940795,-1.5994761405348477,2,0.6564167948710581,0.9482450576360589,0,0
2719,0,1.5061873971210689,0.4940178761891825,0.9672884795165733,-1.1141570330477804,2,0.6564167948710581,-0.6078706761357132,0,0
2720,1,-1.712352775987406,0.6604023920403929,-0.8712860854935045,0.9966887236128382,1,-0.7567517624401544,0.42953981304546823,0,1
2721,0,-1.712352775987406,0.7119957307699488,1.3140377700541226,0.9557581964753746,1,0.6564167948710581,0.42953981304546823,1,1
2722,1,-0.0136787957357109,0.06459803465367944,0.1100357511160976,0.7978833060880154,0,-1.4633360410957605,0.42953981304546823,0,1
2723,1,-0.10308268943316853,-0.2715056233885522,-0.5825857696382234,-0.4358797261983849,0,-0.05016748378454817,0.9482450576360589,1,0
2724,0,0.7909562475414078,1.5858545708754637,0.5904785286040507,0.4879807434757916,2,0.6564167948710581,-0.8153527739719495,2,0
2725,0,-0.9077177327102872,-0.12886364707679632,-1.3699453282280525,-0.4300325080358901,2,0.6564167948710581,0.9482450576360589,2,0
2726,0,-0.19248658313062617,1.7020863065759164,0.0019322453834286165,-0.21953265418607773,1,-0.05016748378454817,0.42953981304546823,1,0
2727,0,0.7015523538439502,1.102013627474245,-1.3651797084319686,0.4178141255258542,1,-1.4633360410957605,-0.8153527739719495,1,1
2728,1,1.3273796097261537,0.634232244525556,-1.0344658747327085,0.312564198600948,0,-0.7567517624401544,-0.08916543154512249,1,1
2729,0,0.969764034936323,-1.6286185126594792,1.39412191509646,-0.41249085354840576,0,0.6564167948710581,0.9482450576360589,1,0
2730,0,0.6121484601464925,1.492351648307163,1.052301237865936,-0.3481714537609631,0,-0.05016748378454817,-0.6078706761357132,0,0
2731,0,-0.8183138390128296,-0.9232516722519352,0.2795878104735182,-0.6580740163731869,1,-1.4633360410957605,0.42953981304546823,1,0
2732,1,1.5955912908185266,0.0011067491436777485,-0.6301798748329912,0.8680499240379529,2,1.3630010735266642,-0.9190938228900677,1,0
2733,1,-1.3547372011975753,0.8005634063553293,0.1090422668589335,-1.6930316311347644,0,-0.7567517624401544,-0.08916543154512249,1,1
2734,0,-1.0865255201052024,1.4024234451751396,1.61785767444812,-0.3481714537609631,0,-0.05016748378454817,-0.8153527739719495,0,0
2735,1,1.237975716028696,-0.57591699269722,-0.2789521435424443,-0.9855182334728949,1,-0.05016748378454817,0.9482450576360589,0,0
2736,0,-0.728909945315372,1.3756930804352145,-0.6019354278656461,-1.120004251210275,0,-0.05016748378454817,-0.6078706761357132,0,0
2737,1,1.5955912908185266,0.4803859237120351,-1.217965521669222,1.0785497778877653,0,0.6564167948710581,-1.0228348718081859,2,0
2738,1,-1.712352775987406,-0.4680885153730911,-0.24538324188436034,-0.8217961249230409,1,1.3630010735266642,-0.6078706761357132,0,0
2739,1,0.969764034936323,-0.31827042317806187,0.2386842008230899,-0.2253798723485725,0,-0.7567517624401544,-0.6078706761357132,1,1
2740,1,-1.444141094895033,1.0857940049574042,0.1494258495935025,-0.3540186719234579,0,-1.4633360410957605,0.42953981304546823,0,1
2741,0,-1.3547372011975753,-1.3129494448276096,-1.3810366485677987,1.195494141137661,1,-1.4633360410957605,0.42953981304546823,0,1
2742,0,0.8803601412388654,-0.20790762983567657,0.26210093522827815,-0.0382688911487393,1,1.3630010735266642,0.9482450576360589,1,0
2743,0,0.3439367790541196,-0.8104079169127305,1.5239966969333893,1.2539663227626088,0,-0.05016748378454817,0.9482450576360589,0,0
2744,1,-1.5335449885924908,-0.990957925455458,-1.1964038086504574,1.4995494855873899,2,-0.05016748378454817,1.9856555468172403,2,0
2745,0,-0.8183138390128296,-1.475252378038891,1.4361199097489208,1.5989521943498013,1,-0.05016748378454817,-0.8153527739719495,0,0
2746,0,-1.444141094895033,0.1324376729107947,0.7916823754670589,0.014356072313713794,2,-0.05016748378454817,1.9856555468172403,2,0
2747,0,0.5227445664490349,-0.8881180491356864,0.4138013243397813,-0.9270460518479471,0,-0.05016748378454817,0.9482450576360589,2,0
2748,1,0.6121484601464925,-0.23490476468278654,-1.2291577427538363,0.4704390889883073,2,1.3630010735266642,-0.8153527739719495,2,0
2749,1,0.6121484601464925,-1.3248207145973367,-1.4797719082192404,-1.2194069599726864,0,0.6564167948710581,0.42953981304546823,1,0
2750,1,-1.2653333075001179,1.7055009639478829,0.9409378619144472,0.7218694699755831,0,-0.7567517624401544,0.42953981304546823,0,1
2751,0,-0.4606982642229991,-1.5639801156885826,0.25776220319894433,-0.5645185257732702,0,-0.05016748378454817,-0.9190938228900677,2,0
2752,0,0.8803601412388654,1.3219655808481794,0.2152752280136607,0.9791470691253539,0,0.6564167948710581,-0.9190938228900677,2,1
2753,0,1.5061873971210689,0.38392185295398207,-0.2066684022379967,0.8271193969004893,2,-1.4633360410957605,-0.08916543154512249,0,1
2754,1,1.5061873971210689,1.445026631292565,0.530007936044945,0.08452269026365125,0,1.3630010735266642,0.42953981304546823,1,0
2755,1,1.5061873971210689,-0.7595882114940107,-1.6014814913176023,1.7568270847371605,0,0.6564167948710581,-1.0228348718081859,1,0
2756,0,1.3273796097261537,0.21641690265259525,-1.3494935234028385,-0.0850466364486976,2,-0.05016748378454817,-0.9190938228900677,2,0
2757,1,0.254532885356662,-0.8612276223314503,0.38863823088879673,0.16053652637608348,1,-0.05016748378454817,-0.8153527739719495,1,0
2758,1,-1.2653333075001179,0.7111954204483942,-0.8684763878287123,-0.8393377794105252,2,-0.05016748378454817,-0.6078706761357132,0,0
2759,1,-1.444141094895033,0.6289768734140139,0.9874919132774964,0.03774494496369295,2,0.6564167948710581,0.9482450576360589,1,0
2760,1,-0.19248658313062617,1.4645808801492168,1.36660705813047,-0.10258829093618196,2,-0.05016748378454817,0.9482450576360589,0,0
2761,0,-0.9971216264077448,-0.8019779815256882,1.413960553856706,-1.6813371948097748,0,0.6564167948710581,-0.08916543154512249,2,0
2762,1,0.7909562475414078,-0.4308740854208002,-0.42861899456506464,-0.3540186719234579,0,-0.05016748378454817,-0.9190938228900677,0,0
2763,1,-0.6395060516179143,0.629803860746287,1.3888362683845168,1.552174449049843,0,-1.4633360410957605,-0.6078706761357132,2,1
2764,1,-0.2818904768280838,0.4971924404646826,-0.5016090410835898,0.03774494496369295,1,-1.4633360410957605,-0.6078706761357132,0,1
2765,1,1.0591679286337807,-0.778902367254196,-0.8409227228839267,-1.5059206499349311,0,-0.7567517624401544,-0.9190938228900677,0,0
2766,0,0.16512899165920436,1.4119738150123582,0.047368626957168154,-0.9328932700104419,1,-0.05016748378454817,-1.0228348718081859,1,0
2767,0,-1.444141094895033,1.2815765866203883,-1.7078308764087158,0.7335639063005728,0,-0.05016748378454817,-1.0228348718081859,0,1
2768,1,-1.3547372011975753,-1.0414308297348376,-0.44676560544982774,-0.44757416252337445,2,0.6564167948710581,-0.08916543154512249,2,0
2769,1,1.5061873971210689,0.748516558443559,0.5236356659267284,0.3067169804384532,0,0.6564167948710581,1.9856555468172403,0,0
2770,1,-0.6395060516179143,0.14150785655508066,-1.6867659055185333,1.4644661766124212,1,-0.05016748378454817,-1.0228348718081859,2,1
2771,1,1.237975716028696,-0.8610142062457025,0.6504058094600198,-1.2661847052726447,1,-0.7567517624401544,-0.08916543154512249,2,0
2772,1,0.16512899165920436,-1.6433442225760846,0.48426109064084166,-0.1318243817486559,0,-0.05016748378454817,1.9856555468172403,0,0
2773,1,0.254532885356662,1.2570337367593793,-0.8932048319171876,-0.7867128159480722,2,0.6564167948710581,1.9856555468172403,1,0
2774,0,-1.5335449885924908,0.8751790053349406,-1.539575003543064,0.07282825393866167,0,-0.05016748378454817,-0.8153527739719495,0,0
2775,1,1.237975716028696,-0.5003943753531802,-0.35451127825722983,0.4587446526633177,0,0.6564167948710581,1.9856555468172403,0,1
2776,0,1.0591679286337807,-0.49455211000583127,-0.7824856684137037,-1.67548997664728,0,-0.05016748378454817,-0.9190938228900677,1,0
2777,0,0.07572509796174673,1.518975305004214,1.1137963610652422,0.8680499240379529,2,1.3630010735266642,1.9856555468172403,2,0
2778,1,0.07572509796174673,-1.19613081489135,-0.3880801799153138,-1.067379287747822,1,0.6564167948710581,-0.6078706761357132,0,0
2779,0,-0.8183138390128296,1.0109916669027637,0.5591682513118632,-0.5294352167983015,2,-0.7567517624401544,-0.08916543154512249,1,0
2780,0,1.684995184515984,-0.19347536703697452,0.33041850109982845,0.6400084157006561,1,1.3630010735266642,0.9482450576360589,1,1
2781,0,-1.444141094895033,0.020607643978892556,-0.890045862443236,-0.5762129620982598,1,-0.05016748378454817,-1.0228348718081859,2,0
2782,0,-1.712352775987406,-1.0073376100366096,-0.8486299874727075,-1.0556848514228325,1,0.6564167948710581,0.9482450576360589,1,0
2783,0,0.7015523538439502,0.407584361461281,0.15904246673902064,-1.0206015424478636,2,1.3630010735266642,-0.08916543154512249,2,0
2784,0,0.3439367790541196,0.7020985597933898,0.80950299932994,-1.3480457595475719,0,-0.7567517624401544,0.42953981304546823,0,1
2785,1,1.3273796097261537,-0.2616884834441486,0.37792722874124623,-0.11428272726117154,0,0.6564167948710581,-0.08916543154512249,1,0
2786,0,-0.6395060516179143,-0.7276825066746989,1.0712861010926813,-0.3306297992734787,0,1.3630010735266642,-1.0228348718081859,0,0
2787,0,1.237975716028696,0.3055714724737825,0.5489850376759312,0.03774494496369295,0,1.3630010735266642,0.42953981304546823,1,0
2788,0,-0.8183138390128296,0.9568906891656697,-0.8320667421227997,0.5639945795882239,0,1.3630010735266642,0.42953981304546823,1,1
2789,1,1.4167835034236111,-0.0687603419280426,-0.42310049998034843,1.3241329407125464,2,-1.4633360410957605,1.9856555468172403,0,1
2790,0,-0.2818904768280838,1.5029157445516843,-0.06134028324471021,0.42950856185084374,2,-0.05016748378454817,-1.0228348718081859,1,0
2791,1,1.3273796097261537,0.6894536567128264,-1.3598630153369886,-0.36571310824844744,2,0.6564167948710581,0.42953981304546823,0,0
2792,0,-0.19248658313062617,1.3472553870093062,-0.38888738587425964,-0.5879073984232493,2,0.6564167948710581,-0.9190938228900677,0,0
2793,1,0.16512899165920436,-1.0376693712235308,0.9336730082839347,-1.6579483221597955,2,0.6564167948710581,-0.6078706761357132,2,0
2794,1,0.3439367790541196,-0.48564198842585626,0.046708891317645114,-0.6931573253481556,2,1.3630010735266642,0.9482450576360589,0,0
2795,0,-0.10308268943316853,0.9280528405789841,1.0838521246266553,-0.459268598848364,2,-0.05016748378454817,-0.9190938228900677,2,0
2796,0,1.5061873971210689,-0.22711507755298802,-0.0794713709379551,-1.6637955403222904,0,-0.7567517624401544,-0.9190938228900677,0,1
2797,1,1.684995184515984,-0.5957913656824937,0.07048265912775174,0.8797443603629425,1,0.6564167948710581,-1.0228348718081859,1,1
2798,0,0.07572509796174673,0.4853211706949554,1.3545610615123553,-0.7691711614605878,2,-0.05016748378454817,1.9856555468172403,0,0
2799,1,-1.0865255201052024,1.0153666966605956,1.3967686192503115,1.4937022674248952,1,-0.05016748378454817,-1.0228348718081859,1,1
2800,1,0.7015523538439502,1.219952691860681,-1.252683139499652,-1.4182123774975093,0,-1.4633360410957605,0.9482450576360589,2,0
2801,1,-1.3547372011975753,-1.3063335461694243,0.4868845100074156,-0.45342138068586924,2,0.6564167948710581,-0.6078706761357132,1,0
2802,1,-0.2818904768280838,1.5445585582832442,0.9480785300128142,0.37688359838839064,0,1.3630010735266642,-0.08916543154512249,0,1
2803,1,1.5061873971210689,-0.1706398458619487,0.5843701527416433,0.5230640524507604,1,-0.05016748378454817,-0.9190938228900677,1,1
2804,0,1.4167835034236111,0.49564517384301027,-1.4540034102990467,-1.4006707230100248,0,-0.05016748378454817,0.42953981304546823,2,0
2805,1,-0.10308268943316853,-1.2811771250618902,-0.9807556320797741,-1.038143196935348,0,-0.7567517624401544,-0.6078706761357132,1,0
2806,1,0.6121484601464925,-1.6071701960418148,-1.2895041497807966,-0.24876874499855167,1,-1.4633360410957605,-0.9190938228900677,1,0
2807,0,1.237975716028696,1.3994622969853874,1.4850645326057712,-0.6756156708606712,0,-0.05016748378454817,-0.08916543154512249,0,0
2808,1,-0.8183138390128296,-0.5215759218636598,1.473476470137443,0.698480597325604,2,-0.05016748378454817,1.9856555468172403,0,0
2809,0,-0.728909945315372,-1.4146155326757677,1.143422372077706,-0.3540186719234579,2,1.3630010735266642,0.42953981304546823,1,0
2810,0,0.07572509796174673,-0.09191598723169028,-0.5752665848373972,-1.26033748711015,2,1.3630010735266642,-0.9190938228900677,2,0
2811,0,-0.8183138390128296,-0.5368084949839165,1.6023267213341716,-1.5994761405348477,2,-0.7567517624401544,-0.8153527739719495,1,0
2812,1,1.684995184515984,-0.6976441926056812,0.528284861786426,1.0610081234002808,2,-0.7567517624401544,0.9482450576360589,2,0
2813,1,0.7015523538439502,1.067253482508055,-0.7153866730763312,0.8446610513879736,0,-0.7567517624401544,-0.6078706761357132,2,1
2814,1,-1.3547372011975753,-1.3851641128425567,0.3855956853512317,1.6047994125122962,0,1.3630010735266642,0.9482450576360589,2,0
2815,0,-0.2818904768280838,-1.2154716476622538,-0.8549556880163696,-1.1843236509977177,2,1.3630010735266642,-1.0228348718081859,1,0
2816,1,-0.0136787957357109,-1.230170680568141,0.28780734038239936,-0.6054490529107337,2,-1.4633360410957605,-0.9190938228900677,2,0
2817,0,-0.728909945315372,0.35527074344232584,0.4710819010418991,-1.12585146937277,0,0.6564167948710581,0.42953981304546823,1,0
2818,1,-1.2653333075001179,-1.2976101636644788,1.2193928713677236,0.587383452238203,1,0.6564167948710581,0.42953981304546823,2,0
2819,0,-0.2818904768280838,-1.2950758476462225,0.4217259136098168,-1.6871844129722695,0,-1.4633360410957605,-0.6078706761357132,2,0
2820,1,-0.10308268943316853,-0.4397308529793382,-1.1243218688357461,1.5872577580248117,0,0.6564167948710581,-0.6078706761357132,1,1
2821,1,0.5227445664490349,-0.5256308274928699,0.6748315513138903,-0.377407544573437,0,1.3630010735266642,0.9482450576360589,0,0
2822,1,1.0591679286337807,1.6707674959924115,-0.8912489097858958,1.6281882851622753,0,0.6564167948710581,0.42953981304546823,0,1
2823,0,-1.2653333075001179,0.6692058055774939,1.389503765619799,-0.3247825811109839,0,1.3630010735266642,0.42953981304546823,1,0
2824,0,1.4167835034236111,-0.5151467622805042,-1.53472400619363,-1.2018653054852022,1,-1.4633360410957605,0.42953981304546823,1,1
2825,1,1.5955912908185266,0.9587314029052454,1.3819206865631635,-0.3715603264109422,2,-0.7567517624401544,-0.9190938228900677,0,0
2826,1,-0.8183138390128296,-1.6273913701664289,0.23426785283616508,0.9440637601503851,2,-1.4633360410957605,0.42953981304546823,0,0
2827,0,1.1485718223312382,-1.4416660215443147,-0.6349454946290752,-0.36571310824844744,1,0.6564167948710581,-1.0228348718081859,0,0
2828,0,0.3439367790541196,-1.084034015852263,-0.794159108435382,0.34180028941342194,0,1.3630010735266642,0.42953981304546823,1,0
2829,0,0.254532885356662,-1.4321423287178143,-0.6706721199081875,0.21900870800103137,2,0.6564167948710581,-1.0228348718081859,2,0
2830,1,-0.4606982642229991,-0.4556837053889941,1.055925903085433,0.8388138332254789,2,0.6564167948710581,-0.9190938228900677,1,0
2831,0,0.6121484601464925,-0.5024751821892223,0.6605269303298791,-0.002219905234813311,1,-0.7567517624401544,-0.6078706761357132,0,1
2832,1,-0.8183138390128296,-0.8088339732803397,0.38117157576854777,-0.020727236661254936,0,0.6564167948710581,1.9856555468172403,2,0
2833,0,-0.2818904768280838,0.06953328163659975,-0.7847442927796002,0.28917532595096884,2,-0.7567517624401544,-1.0228348718081859,1,0
2834,1,-0.5501021579204567,-1.1949570264197364,-0.6452994633717074,0.7744944334380363,2,1.3630010735266642,-0.9190938228900677,0,0
2835,0,0.6121484601464925,-1.1100707783135073,-0.5404713510493763,-0.9679765789854106,2,1.3630010735266642,1.9856555468172403,1,0
2836,0,-0.19248658313062617,-0.13577299285288474,0.3202197642723782,-0.903657179197968,0,-0.7567517624401544,1.9856555468172403,2,1
2837,0,0.7015523538439502,-1.0796323090837125,1.32588972677826,0.698480597325604,0,-1.4633360410957605,0.42953981304546823,0,1
2838,0,-1.444141094895033,1.5037960859053943,0.4064821395389551,-1.1843236509977177,0,1.3630010735266642,-0.9190938228900677,1,0
2839,0,-1.1759294138026601,0.5529207158556042,1.0463325707271922,-0.06750498196121324,1,-1.4633360410957605,1.9856555468172403,2,1
2840,1,1.3273796097261537,0.4081179016756508,-0.9606220526806829,-0.4241852898733953,2,1.3630010735266642,0.42953981304546823,2,0
2841,0,-0.9971216264077448,-0.47622500364222997,-0.6879571936636911,0.9791470691253539,1,1.3630010735266642,0.9482450576360589,1,1
2842,0,-1.0865255201052024,-0.6975108075520888,-1.0825722452475766,1.4586189584499265,1,-0.05016748378454817,-0.9190938228900677,2,0
2843,0,-0.2818904768280838,1.4279533444327326,-1.2927019272335434,-0.11428272726117154,1,0.6564167948710581,1.9856555468172403,0,0
2844,1,-0.2818904768280838,-1.1966376780950012,0.07118120274607026,-0.9095043973604627,2,0.6564167948710581,-0.6078706761357132,2,0
2845,0,1.1485718223312382,0.5565221123026002,-0.3575305390075176,0.3593419439009063,0,-1.4633360410957605,-1.0228348718081859,1,1
2846,1,1.0591679286337807,-0.33192905266592776,-0.47169585102803946,-1.593628922372353,2,0.6564167948710581,0.9482450576360589,0,0
2847,0,-1.0865255201052024,-1.0353484712910221,-0.5114196981230854,-0.14936603623614028,2,-1.4633360410957605,-0.6078706761357132,2,0
2848,0,-0.10308268943316853,0.2351975181984109,0.13596724254723253,0.21900870800103137,1,1.3630010735266642,-0.8153527739719495,2,0
2849,1,1.5955912908185266,1.0363348270853272,-0.7118318622186659,-1.231101396297676,1,-0.05016748378454817,0.42953981304546823,0,0
2850,0,-1.5335449885924908,-0.9134878863289685,0.01585654817524425,-1.5468511770723947,1,-0.05016748378454817,1.9856555468172403,0,0
2851,1,-1.3547372011975753,-1.4413992514371297,-0.9428868063711519,-0.3247825811109839,0,1.3630010735266642,-1.0228348718081859,2,0
2852,1,-0.6395060516179143,1.5108654937457937,1.6524045371718499,0.39442525287587504,0,-0.7567517624401544,-0.6078706761357132,0,1
2853,0,0.969764034936323,1.510945524777949,-0.16608301801369127,0.5464529251007395,0,-0.7567517624401544,-1.0228348718081859,1,1
2854,1,-0.37129437052554143,-0.6186802408789565,-1.5458618961079307,0.02020329047620858,2,0.6564167948710581,-0.8153527739719495,2,0
2855,0,1.0591679286337807,1.3628614382796216,0.6396948073124693,0.4412029981758333,1,-1.4633360410957605,-0.08916543154512249,1,1
2856,0,0.16512899165920436,0.7622285419528619,0.9445392423466671,-1.149240342022749,2,-0.05016748378454817,0.42953981304546823,2,0
2857,1,0.7909562475414078,0.1698655189488335,0.9505001478896518,-1.453295686472478,0,0.6564167948710581,0.42953981304546823,1,0
2858,1,0.16512899165920436,-0.8248935337328696,-0.5391130717915348,0.7394111244630676,1,1.3630010735266642,-0.9190938228900677,1,0
2859,1,-1.5335449885924908,1.356272216632155,0.11891501666450179,1.0785497778877653,0,-0.05016748378454817,1.9856555468172403,0,1
2860,1,-0.9077177327102872,-0.9699364410092893,-0.23811838825384785,1.6574243759747493,1,-1.4633360410957605,0.42953981304546823,2,1
2861,0,0.07572509796174673,-0.2709720831741825,0.6304585083591467,-0.002219905234813311,1,-1.4633360410957605,0.42953981304546823,0,1
2862,0,-0.37129437052554143,-0.49047052736590263,-0.2692191024605397,-1.0907681603978012,2,-0.7567517624401544,-0.6078706761357132,0,0
2863,1,-0.728909945315372,0.24648189373233137,0.9830367573117761,1.4820078310999056,2,0.6564167948710581,0.9482450576360589,2,0
2864,0,-1.6229488822899483,0.6152115358832739,-1.1603822427324995,-1.0322959787728532,0,1.3630010735266642,0.42953981304546823,1,0
2865,0,0.3439367790541196,1.3995956820389799,0.4627304240051134,1.76852152106215,2,-0.05016748378454817,0.42953981304546823,2,0
2866,0,1.3273796097261537,-1.464314803644311,-1.2562379503573173,0.505522397963276,2,-1.4633360410957605,1.9856555468172403,2,0
2867,0,0.8803601412388654,-0.6806509367780044,-0.7613663663532074,0.5639945795882239,2,-0.05016748378454817,-0.8153527739719495,2,0
2868,1,0.8803601412388654,1.528205550712811,0.17754611102870207,-1.4240595956600042,1,1.3630010735266642,0.9482450576360589,0,0
2869,1,1.3273796097261537,-0.14689730632249426,1.042141309017281,-0.0382688911487393,2,-0.05016748378454817,-0.8153527739719495,2,0
2870,0,-0.10308268943316853,0.5953638399087189,-0.44620677055517294,0.24239758065101052,0,0.6564167948710581,1.9856555468172403,2,0
2871,1,-1.0865255201052024,1.1102835007969762,-1.5312623344850738,-0.5352824349607963,1,-0.7567517624401544,-1.0228348718081859,2,1
2872,1,0.5227445664490349,-0.5474259452498748,-1.0790562423687067,-0.33647701743597347,1,-0.05016748378454817,-1.0228348718081859,1,0
2873,1,-1.1759294138026601,0.9878626986098343,1.7151182309053339,0.505522397963276,2,-0.7567517624401544,0.42953981304546823,1,1
2874,0,0.8803601412388654,0.9701758405034767,1.042622527954345,-0.9328932700104419,1,1.3630010735266642,0.42953981304546823,1,0
2875,0,-1.1759294138026601,0.5783172300596049,1.223599656269153,0.6517028520256457,0,-0.7567517624401544,-0.9190938228900677,1,1
2876,0,-1.5335449885924908,-0.8802750079844508,-0.40790329548404125,1.2422718864376192,0,-0.05016748378454817,-1.0228348718081859,0,0
2877,1,-1.712352775987406,0.00940329947712755,-1.7013499439498718,0.3885780347133802,1,-0.05016748378454817,-0.6078706761357132,0,1
2878,0,1.4167835034236111,-0.9603327171506336,0.5942584257387298,0.4996751798007812,2,-1.4633360410957605,0.42953981304546823,2,0
2879,0,0.4333406727515773,1.0951309587088751,1.5528698331572213,1.6398827214872649,2,-0.05016748378454817,-0.6078706761357132,0,0
2880,1,1.5061873971210689,-0.26739736373790507,1.352085112465204,-0.2429215268360569,1,-0.7567517624401544,0.42953981304546823,1,1
2881,0,-1.712352775987406,-0.3836290994383577,-0.770610426902289,1.0610081234002808,0,-1.4633360410957605,1.9856555468172403,2,1
2882,0,-0.4606982642229991,-1.3430677899287826,-1.5669734365726677,-1.0615320695853272,1,-0.05016748378454817,-0.6078706761357132,2,0
2883,1,1.5061873971210689,0.4187086749308906,1.4581395569174722,-1.6111705768598372,2,-0.05016748378454817,-0.08916543154512249,1,0
2884,1,-0.6395060516179143,0.042829593907393146,-0.7836731925648451,1.359216249687515,2,1.3630010735266642,-0.6078706761357132,1,0
2885,1,-1.0865255201052024,-0.7387801431335899,-1.7744796991920608,-0.8802683065479888,1,-1.4633360410957605,0.9482450576360589,1,0
2886,0,-1.3547372011975753,1.3262339025631376,1.07815511333948,-0.5118935623108172,0,1.3630010735266642,-1.0228348718081859,0,0
2887,0,-0.9971216264077448,1.4250989042858544,0.347944184323864,1.3767579041749993,1,1.3630010735266642,0.42953981304546823,2,1
2888,0,-1.712352775987406,-1.2473773524815657,0.7916435674882634,0.4704390889883073,0,1.3630010735266642,-1.0228348718081859,1,0
2889,1,1.4167835034236111,-1.541651457717208,-1.5911585689580066,1.21888301378764,0,0.6564167948710581,0.9482450576360589,2,0
2890,1,1.3273796097261537,-0.04232342430602089,0.5260805685908432,-0.7574767251355983,1,1.3630010735266642,0.9482450576360589,2,0
2891,0,-1.6229488822899483,-0.8775806299018836,-1.4418875593191,1.4878550492624003,1,-0.7567517624401544,-0.6078706761357132,0,1
2892,0,0.254532885356662,0.911112938772744,0.33922791228640076,-0.6697684526981764,0,-0.05016748378454817,-0.8153527739719495,2,0
2893,1,-0.9971216264077448,-1.1697739283014839,1.230344482983806,0.8680499240379529,0,0.6564167948710581,-0.8153527739719495,1,0
2894,1,1.237975716028696,-1.0886224616958429,-1.695854734152433,0.21316148983853658,0,1.3630010735266642,0.9482450576360589,1,0
2895,1,-0.5501021579204567,-1.4198975807980283,-1.5130613924299972,1.2130357956251454,0,-0.05016748378454817,-0.8153527739719495,2,0
2896,1,-1.444141094895033,0.17920247270030434,0.482809672233891,-1.2661847052726447,2,-1.4633360410957605,0.42953981304546823,2,0
2897,0,0.8803601412388654,-0.1387874950640739,0.47760940307529764,1.692507684949718,1,-1.4633360410957605,-0.9190938228900677,0,1
2898,1,0.969764034936323,-0.5238701447854497,0.3018403055148423,0.587383452238203,0,-0.05016748378454817,-0.08916543154512249,1,1
2899,0,1.5955912908185266,-0.8382587161028321,1.313843730160145,-1.12585146937277,1,-0.7567517624401544,-0.6078706761357132,1,0
2900,0,-0.8183138390128296,1.2967024516977712,-1.2209071664619189,0.6224667612131718,0,-0.05016748378454817,-0.9190938228900677,2,1
2901,0,1.3273796097261537,1.2934745334008342,0.09042996022862476,-0.41833807171090054,1,-0.05016748378454817,-0.8153527739719495,2,0
2902,1,-1.0865255201052024,1.2003717659933106,1.311282403559644,1.3007440680625673,1,0.6564167948710581,-0.6078706761357132,2,1
2903,1,-1.5335449885924908,-0.7755944179251035,-1.1955267483296796,-0.3481714537609631,0,-1.4633360410957605,-0.9190938228900677,1,0
2904,1,-0.5501021579204567,-0.7916806553883519,-0.769873075305175,0.7686472152755415,0,-1.4633360410957605,-1.0228348718081859,2,1
2905,1,-0.6395060516179143,0.7645494418853704,1.1328666018453375,-1.0498376332603376,1,1.3630010735266642,-0.8153527739719495,0,0
2906,0,1.0591679286337807,1.5833202548572074,-0.6553662530712531,-0.7750183796230826,1,-0.05016748378454817,1.9856555468172403,0,0
2907,1,1.237975716028696,0.08513933290691529,0.025449880533485125,-0.406643635385911,1,-0.05016748378454817,-0.9190938228900677,2,0
2908,1,-0.10308268943316853,0.06433126454649456,0.15478135066727772,-0.3832547627359318,2,-0.7567517624401544,1.9856555468172403,0,0
2909,0,1.5955912908185266,0.17789529917509844,0.8157277991287338,-0.6639212345356816,0,-1.4633360410957605,0.42953981304546823,0,1
2910,1,-0.37129437052554143,-0.7078614877108622,1.2776048395609327,-0.2721576176485308,2,-0.7567517624401544,-1.0228348718081859,0,0
2911,0,-1.6229488822899483,-1.3465624783329044,-0.12070872920602448,0.13130043556360957,2,0.6564167948710581,-0.8153527739719495,0,0
2912,0,-0.2818904768280838,1.6970710285608408,-1.4885657962142946,-0.5001991259858276,0,1.3630010735266642,-0.08916543154512249,0,0
2913,0,1.237975716028696,0.4183618737915502,-1.4188666662976255,0.5639945795882239,0,-0.7567517624401544,0.9482450576360589,1,1
2914,0,-0.37129437052554143,-1.667193470158413,0.5199644311326767,-1.1667819965102333,2,-1.4633360410957605,-0.8153527739719495,2,0
2915,0,1.5955912908185266,-0.8360445242131975,0.8560027195226755,-1.2252541781351813,0,0.6564167948710581,1.9856555468172403,0,0
2916,0,-1.6229488822899483,-1.6738893998487536,-1.0092872580902057,0.698480597325604,1,-0.05016748378454817,0.42953981304546823,2,0
2917,0,-1.6229488822899483,-1.1627845514932398,1.2976375182151558,0.5756890159132134,1,0.6564167948710581,-0.08916543154512249,0,0
2918,0,0.5227445664490349,1.646144615099247,0.04268062311867504,1.2013413593001558,2,-0.7567517624401544,-0.08916543154512249,1,1
2919,1,-0.6395060516179143,0.6317779595394551,-0.43450228415045833,1.6749660304622336,2,-1.4633360410957605,-0.08916543154512249,1,1
2920,1,0.969764034936323,0.5099974056095569,1.5594982359354879,-0.9504349244979262,0,-0.7567517624401544,-0.6078706761357132,0,1
2921,1,1.237975716028696,-0.4862022056509445,0.5908433236047281,0.10791156291363041,0,-0.05016748378454817,-0.6078706761357132,0,0
2922,1,1.684995184515984,-0.41233356297145096,1.037942285711611,-0.4358797261983849,2,-0.05016748378454817,1.9856555468172403,0,0
2923,0,-1.5335449885924908,1.200771921154088,0.8167756145562116,0.8329666150629841,2,-1.4633360410957605,0.9482450576360589,1,1
2924,1,-1.0865255201052024,0.07614918029478479,-0.2490311918911348,-1.4591429046349729,1,1.3630010735266642,-0.08916543154512249,1,0
2925,0,0.254532885356662,1.429073778882909,0.8752825233882664,-0.6054490529107337,1,0.6564167948710581,0.9482450576360589,2,0
2926,1,-0.5501021579204567,0.42631162298565967,-0.06134804484046931,1.3124385043875568,0,0.6564167948710581,-1.0228348718081859,1,1
2927,1,0.6121484601464925,-1.630352518356181,-0.01737860486519864,0.4879807434757916,1,-0.05016748378454817,-0.08916543154512249,0,0
2928,1,0.7909562475414078,0.06947992761516276,-0.8973728088398213,0.22485592616352618,0,-0.7567517624401544,-0.9190938228900677,2,1
2929,0,1.684995184515984,1.5092381960919659,0.5482709708660944,-1.5000734317724362,0,-0.7567517624401544,-0.08916543154512249,1,1
2930,1,1.684995184515984,1.5665404151152784,-0.7946403273724457,-0.014880018498760146,0,1.3630010735266642,1.9856555468172403,1,0
2931,0,-1.712352775987406,0.46939499529601797,0.38716352769456874,-0.7808655977855774,1,-0.7567517624401544,-0.6078706761357132,0,1
2932,0,-0.2818904768280838,0.29634122676518565,-0.8457271506588061,0.2073142716760418,2,0.6564167948710581,-0.6078706761357132,2,0
2933,1,0.8803601412388654,-0.2575535467827829,0.5643529972789384,-1.120004251210275,2,-0.7567517624401544,-0.9190938228900677,1,0
2934,1,-0.6395060516179143,0.670192854974078,0.9880973177467057,-0.7867128159480722,1,1.3630010735266642,-0.9190938228900677,1,0
2935,1,0.07572509796174673,-0.3617005966277605,-1.530874254697119,-1.4123651593350144,2,0.6564167948710581,-0.8153527739719495,0,0
2936,0,-0.10308268943316853,-0.9188766424941032,0.7858767018392562,-1.5293095225849103,0,-0.7567517624401544,-1.0228348718081859,2,0
2937,1,-0.10308268943316853,-1.5332748763516026,0.6630106409727893,-0.31308814478599434,2,0.6564167948710581,-1.0228348718081859,2,0
2938,0,0.4333406727515773,1.4164555528130642,-0.9674988265232406,-1.067379287747822,1,-0.05016748378454817,1.9856555468172403,2,0
2939,0,0.16512899165920436,0.9242647050569587,0.7466651200643104,0.13130043556360957,0,-0.05016748378454817,1.9856555468172403,2,0
2940,1,0.969764034936323,-1.488030666173047,-0.4899976938279844,-1.593628922372353,0,-0.05016748378454817,1.9856555468172403,0,0
2941,1,-0.2818904768280838,1.7407946491284427,0.3164476287334583,1.5346327945623588,0,-0.7567517624401544,1.9856555468172403,1,1
2942,0,0.254532885356662,-0.012471849312032698,-1.3356468365686136,-1.038143196935348,1,1.3630010735266642,1.9856555468172403,1,0
2943,0,1.0591679286337807,0.21380255560218342,0.0016217815530648343,-0.488504689660838,1,0.6564167948710581,1.9856555468172403,2,0
2944,0,-0.9077177327102872,0.5292048533268683,-1.0554842760483365,0.7160222518130883,1,-1.4633360410957605,-1.0228348718081859,2,1
2945,1,-0.9077177327102872,-1.4969407877530219,1.1104588748888313,-1.067379287747822,0,-0.05016748378454817,0.42953981304546823,2,0
2946,0,1.4167835034236111,-0.028904887914621372,-0.09816129352585479,-1.4708373409599624,2,-0.05016748378454817,-0.6078706761357132,1,0
2947,1,-1.0865255201052024,1.292434129982813,0.9779373888980509,-0.9796710153104001,2,-1.4633360410957605,-1.0228348718081859,1,0
2948,0,-0.0136787957357109,1.6154660527729856,-1.4744474535285017,-0.8042544704355565,1,-1.4633360410957605,1.9856555468172403,2,1
2949,0,1.0591679286337807,-1.0289726657293035,-0.2708179911869132,0.5756890159132134,2,-0.7567517624401544,-0.8153527739719495,0,0
2950,1,-0.5501021579204567,0.728348738340382,0.48755976883845686,1.2656607590875983,2,0.6564167948710581,-0.8153527739719495,1,0
2951,0,0.7015523538439502,-1.4006101020485613,0.8868861090481127,-1.4649901227974675,1,-0.05016748378454817,-1.0228348718081859,1,0
2952,1,0.3439367790541196,0.7653230751962066,1.6547640622826145,-1.096615378560296,1,1.3630010735266642,-0.9190938228900677,2,0
2953,1,-0.4606982642229991,0.5875741527789203,0.769034039042021,-0.44757416252337445,0,-0.7567517624401544,-0.8153527739719495,0,1
2954,0,0.16512899165920436,-1.3417872934142951,0.15804122088609743,0.8622027058754581,0,-0.7567517624401544,0.9482450576360589,2,1
2955,1,0.8803601412388654,-0.387523943003257,-0.2142126733158366,0.11375878107612519,0,1.3630010735266642,-0.9190938228900677,2,0
2956,1,-1.444141094895033,0.2241532357609568,0.6036033870326796,-0.002219905234813311,0,1.3630010735266642,0.9482450576360589,0,0
2957,0,-0.6395060516179143,0.8278273113096242,0.04358096822673001,-0.39494919906092135,2,1.3630010735266642,-0.6078706761357132,0,0
2958,1,0.254532885356662,-1.4767996446605633,-1.52332222202352,-0.16690769072362463,2,-1.4633360410957605,0.42953981304546823,0,0
2959,1,-1.0865255201052024,1.5000346273940874,-0.9839068399579666,0.4879807434757916,0,-0.05016748378454817,-0.8153527739719495,1,1
2960,1,-0.19248658313062617,-0.39686089675472785,1.601123673991512,1.1311747413502182,0,-1.4633360410957605,-0.9190938228900677,2,1
2961,0,-0.728909945315372,1.48552233356323,-0.18810266518224253,-0.03242167298624451,1,-0.05016748378454817,1.9856555468172403,1,0
2962,1,0.969764034936323,-1.394581097626183,-0.5633370121556689,0.3593419439009063,2,-1.4633360410957605,0.9482450576360589,0,0
2963,0,-0.5501021579204567,-0.1962230991409788,-0.5817552788920003,-0.5352824349607963,2,0.6564167948710581,-1.0228348718081859,1,0
2964,0,1.237975716028696,1.3503499202526508,-0.14711367797846417,-0.4826574714983432,0,-0.05016748378454817,0.9482450576360589,0,0
2965,1,-0.19248658313062617,-1.1891681150938247,-0.0950100856476624,1.4995494855873899,2,-0.7567517624401544,0.9482450576360589,0,0
2966,1,1.237975716028696,1.7006457479971182,0.8661005556052574,0.16053652637608348,1,-0.05016748378454817,-0.6078706761357132,2,0
2967,1,-0.8183138390128296,-0.026050447767743144,-0.9240882214426248,1.745132648412171,1,-0.05016748378454817,-0.08916543154512249,2,1
2968,0,-0.728909945315372,0.7488100055614624,-1.6321165097787484,-0.6697684526981764,2,-0.05016748378454817,-0.08916543154512249,2,0
2969,1,-0.4606982642229991,-0.9320817627997547,-0.5410301859440311,1.1896469229751663,0,0.6564167948710581,-1.0228348718081859,1,0
2970,1,0.969764034936323,1.0336671260134784,0.8181494170055713,0.14299487188859913,2,-1.4633360410957605,-0.6078706761357132,2,0
2971,1,0.7909562475414078,0.3244054420410351,0.024363257127211886,-1.2427958326226656,1,-0.7567517624401544,-0.6078706761357132,0,1
2972,1,0.5227445664490349,-0.47222345203445676,-0.7116300607289294,0.04359216312618774,0,-1.4633360410957605,1.9856555468172403,2,1
2973,1,-0.19248658313062617,-1.1853799795717994,-0.6512914152977284,-0.19614378153609857,2,-1.4633360410957605,-0.6078706761357132,1,0
2974,0,1.0591679286337807,-1.1608371297107902,1.2055228997462215,-0.5586713076107754,0,1.3630010735266642,-0.6078706761357132,2,0
2975,0,0.16512899165920436,-1.4060788892458513,-0.23339933803231835,-0.3247825811109839,0,0.6564167948710581,-0.08916543154512249,2,0
2976,1,1.5955912908185266,1.5163876349645207,-0.549063437554694,-0.00318558217377057,1,1.3630010735266642,-0.9190938228900677,2,0
2977,1,-0.2818904768280838,-0.28289670696534663,-0.34759569643587657,1.2656607590875983,0,0.6564167948710581,-0.6078706761357132,1,1
2978,1,0.254532885356662,-1.2927816247244324,-1.4572943269009027,0.587383452238203,2,-1.4633360410957605,-0.9190938228900677,0,0
2979,1,0.3439367790541196,-1.4271804047241756,1.3097378460035842,-0.9211988336854523,0,-1.4633360410957605,0.9482450576360589,0,0
2980,0,-1.0865255201052024,-1.6377420503252023,0.014397368172534475,-0.9738237971479053,0,0.6564167948710581,0.9482450576360589,0,0
2981,1,-1.2653333075001179,0.894439807073689,1.1835420605564657,-1.4416012501474884,2,-1.4633360410957605,-0.6078706761357132,2,0
2982,0,-1.3547372011975753,0.24733555807532298,0.4687999918887253,-0.014880018498760146,1,-1.4633360410957605,-0.8153527739719495,2,1
2983,0,0.7909562475414078,-0.6173463903430321,1.6331790644765725,1.4059939949874734,1,-0.7567517624401544,0.42953981304546823,1,1
2984,1,0.7015523538439502,-1.2123504374081908,0.7767180188435245,0.09036990842614603,2,1.3630010735266642,-0.8153527739719495,0,0
2985,0,-0.8183138390128296,0.7602811201704123,0.9031311289718976,1.4118412131499682,2,1.3630010735266642,0.9482450576360589,2,0
2986,0,-1.712352775987406,-1.7084094517184771,-0.5726121190877869,-0.35986589008595266,1,1.3630010735266642,0.42953981304546823,2,0
2987,0,-0.10308268943316853,-0.5720488261430392,0.2686051524743994,-0.5060463441483224,0,-0.05016748378454817,-0.8153527739719495,2,0
2988,0,-0.9971216264077448,0.5474786056690327,-0.5367613082765291,-1.178476432835223,2,-0.7567517624401544,-0.6078706761357132,1,0
2989,1,0.6121484601464925,-0.5026085672428147,-1.1438655669571463,0.18392539902606264,0,1.3630010735266642,-0.9190938228900677,0,0
2990,1,1.237975716028696,0.13678602565790826,-0.48966394521034334,-0.002219905234813311,2,1.3630010735266642,0.42953981304546823,1,0
2991,0,-1.444141094895033,0.9293600141041899,0.4484025182338248,-1.6637955403222904,1,-0.7567517624401544,-0.08916543154512249,0,1
2992,1,1.4167835034236111,-0.3528971830906594,1.593090422380849,0.19561983535105223,0,-1.4633360410957605,-1.0228348718081859,0,1
2993,1,-0.19248658313062617,1.322098965901772,-1.573718263287321,-1.6579483221597955,0,1.3630010735266642,0.42953981304546823,2,0
2994,1,-0.4606982642229991,-1.2830978698336213,-1.5871225391632773,-1.5234623044224154,2,-1.4633360410957605,0.42953981304546823,2,0
2995,1,-0.6395060516179143,0.11440401366509674,-1.0520148427440212,0.8855915785254372,0,1.3630010735266642,-0.08916543154512249,2,1
2996,1,-0.10308268943316853,1.0503936117339705,0.40054451878324776,0.9148276693379112,2,0.6564167948710581,-0.6078706761357132,2,0
2997,0,-1.2653333075001179,1.0685873330439795,-1.2764258609267223,-0.44172694436087967,1,-0.05016748378454817,-0.8153527739719495,2,0
2998,1,-0.728909945315372,0.1869921598301029,0.9960684765912958,0.8505082695504685,0,1.3630010735266642,-0.8153527739719495,0,1
2999,1,1.5061873971210689,0.5801579437991806,-0.8316864239306041,1.4001467768249785,2,0.6564167948710581,0.9482450576360589,2,0
3000,1,-0.2818904768280838,1.1037209561602281,0.7311264053546032,1.7509798665746659,0,-0.7567517624401544,-0.9190938228900677,2,1
